db_name,controller_id,side,trading_pair,order_type,trade_type,cumulative_fee_paid_quote,position_action,timestamp,price,base_amount,quote_amount,position_multiplier
binance_perpetual-2025-11-2-0130-2025.sqlite,binance-perpetual||MELANIA-USDT||IP-USDT||2025||isoweek11_2-0130,1,MELANIA-USDT,LIMIT,BUY,0.00191665,OPEN,1741668182.0,0.699,13.71,9.58329,1
binance_perpetual-2025-11-2-0130-2025.sqlite,binance-perpetual||MELANIA-USDT||IP-USDT||2025||isoweek11_2-0130,1,MELANIA-USDT,MARKET,SELL,0.00481221,CLOSE,1741668187.0,0.702,13.71,9.62442,1
binance_perpetual-2025-11-2-0130-2025.sqlite,binance-perpetual||MELANIA-USDT||IP-USDT||2025||isoweek11_2-0130,1,MELANIA-USDT,LIMIT,BUY,0.0047713,OPEN,1741668716.0,0.693,13.77,9.54261,1
binance_perpetual-2025-11-2-0130-2025.sqlite,binance-perpetual||MELANIA-USDT||IP-USDT||2025||isoweek11_2-0130,1,MELANIA-USDT,LIMIT,BUY,0.0019167,OPEN,1741668226.0,0.698,13.73,9.58354,1
binance_perpetual-2025-11-2-0130-2025.sqlite,binance-perpetual||MELANIA-USDT||IP-USDT||2025||isoweek11_2-0130,1,MELANIA-USDT,LIMIT,BUY,0.00191665,OPEN,1741668282.0,0.699,13.71,9.58329,1
binance_perpetual-2025-11-2-0130-2025.sqlite,binance-perpetual||MELANIA-USDT||IP-USDT||2025||isoweek11_2-0130,1,MELANIA-USDT,MARKET,SELL,0.01427926,CLOSE,1741668735.0,0.693,41.21,28.55853,1
binance_perpetual-2025-11-2-0130-2025.sqlite,binance-perpetual||MELANIA-USDT||IP-USDT||2025||isoweek11_2-0130,2,IP-USDT,LIMIT,SELL,0.00160455,OPEN,1741667614.0,5.34851,1.5,8.022765,-1
binance_perpetual-2025-11-2-0130-2025.sqlite,binance-perpetual||MELANIA-USDT||IP-USDT||2025||isoweek11_2-0130,2,IP-USDT,MARKET,BUY,0.00400155,CLOSE,1741667651.0,5.3354,1.5,8.0031,-1
binance_perpetual-2025-11-2-0130-2025.sqlite,binance-perpetual||MELANIA-USDT||IP-USDT||2025||isoweek11_2-0130,2,IP-USDT,LIMIT,SELL,0.0014981,OPEN,1741667620.0,5.35039,1.4,7.490546,-1
binance_perpetual-2025-11-2-0130-2025.sqlite,binance-perpetual||MELANIA-USDT||IP-USDT||2025||isoweek11_2-0130,2,IP-USDT,MARKET,BUY,0.0037268,CLOSE,1741667675.0,5.324,1.4,7.4536,-1
binance_perpetual-2025-11-2-0130-2025.sqlite,binance-perpetual||MELANIA-USDT||IP-USDT||2025||isoweek11_2-0130,2,IP-USDT,LIMIT,SELL,0.00149822,OPEN,1741667627.0,5.35082,1.4,7.491148,-1
binance_perpetual-2025-11-2-0130-2025.sqlite,binance-perpetual||MELANIA-USDT||IP-USDT||2025||isoweek11_2-0130,2,IP-USDT,MARKET,BUY,0.00371819,CLOSE,1741667713.0,5.3117,1.4,7.43638,-1
binance_perpetual-2025-11-2-0130-2025.sqlite,binance-perpetual||MELANIA-USDT||IP-USDT||2025||isoweek11_2-0130,2,IP-USDT,LIMIT,SELL,0.00160367,OPEN,1741667637.0,5.34558,1.5,8.01837,-1
binance_perpetual-2025-11-2-0130-2025.sqlite,binance-perpetual||MELANIA-USDT||IP-USDT||2025||isoweek11_2-0130,2,IP-USDT,MARKET,BUY,0.003978,CLOSE,1741667733.0,5.304,1.5,7.956,-1
binance_perpetual-2025-11-2-0130-2025.sqlite,binance-perpetual||MELANIA-USDT||IP-USDT||2025||isoweek11_2-0130,2,IP-USDT,LIMIT,SELL,0.00160087,OPEN,1741667657.0,5.33626,1.5,8.00439,-1
binance_perpetual-2025-11-2-0130-2025.sqlite,binance-perpetual||MELANIA-USDT||IP-USDT||2025||isoweek11_2-0130,2,IP-USDT,MARKET,BUY,0.00397106,CLOSE,1741667750.0,5.29475,1.5,7.942125,-1
binance_perpetual-2025-11-2-0130-2025.sqlite,binance-perpetual||MELANIA-USDT||IP-USDT||2025||isoweek11_2-0130,2,IP-USDT,LIMIT,SELL,0.00159113,OPEN,1741667827.0,5.30378,1.5,7.95567,-1
binance_perpetual-2025-11-2-0130-2025.sqlite,binance-perpetual||MELANIA-USDT||IP-USDT||2025||isoweek11_2-0130,2,IP-USDT,MARKET,BUY,0.00397132,CLOSE,1741667838.0,5.2951,1.5,7.94265,-1
binance_perpetual-2025-11-2-0130-2025.sqlite,binance-perpetual||MELANIA-USDT||IP-USDT||2025||isoweek11_2-0130,2,IP-USDT,LIMIT,SELL,0.00160034,OPEN,1741668130.0,5.33447,1.5,8.001705,-1
binance_perpetual-2025-11-2-0130-2025.sqlite,binance-perpetual||MELANIA-USDT||IP-USDT||2025||isoweek11_2-0130,2,IP-USDT,MARKET,BUY,0.00266335,CLOSE,1741668259.0,5.32671,1.0,5.32671,-1
binance_perpetual-2025-11-2-0130-2025.sqlite,binance-perpetual||MELANIA-USDT||IP-USDT||2025||isoweek11_2-0130,2,IP-USDT,MARKET,BUY,0.00133167,CLOSE,1741668259.0,5.32671,0.5,2.663355,-1
binance_perpetual-2025-11-2-0130-2025.sqlite,binance-perpetual||MELANIA-USDT||IP-USDT||2025||isoweek11_2-0130,2,IP-USDT,LIMIT,SELL,0.00026672,OPEN,1741668303.0,5.33456,0.1,0.533456,-1
binance_perpetual-2025-11-2-0130-2025.sqlite,binance-perpetual||MELANIA-USDT||IP-USDT||2025||isoweek11_2-0130,2,IP-USDT,LIMIT,SELL,0.00373419,OPEN,1741668303.0,5.33456,1.4,7.468384,-1
binance_perpetual-2025-11-2-0130-2025.sqlite,binance-perpetual||MELANIA-USDT||IP-USDT||2025||isoweek11_2-0130,2,IP-USDT,MARKET,BUY,0.002665,CLOSE,1741668307.0,5.33,1.0,5.33,-1
binance_perpetual-2025-11-2-0130-2025.sqlite,binance-perpetual||MELANIA-USDT||IP-USDT||2025||isoweek11_2-0130,2,IP-USDT,MARKET,BUY,0.0013325,CLOSE,1741668307.0,5.33,0.5,2.665,-1
binance_perpetual-2025-11-2-0130-2025.sqlite,binance-perpetual||MELANIA-USDT||IP-USDT||2025||isoweek11_2-0130,2,IP-USDT,LIMIT,SELL,0.00160034,OPEN,1741668346.0,5.33447,1.5,8.001705,-1
binance_perpetual-2025-11-2-0130-2025.sqlite,binance-perpetual||MELANIA-USDT||IP-USDT||2025||isoweek11_2-0130,2,IP-USDT,MARKET,BUY,0.00399341,CLOSE,1741668426.0,5.32455,1.5,7.986825,-1
binance_perpetual-2025-11-2-0130-2025.sqlite,binance-perpetual||MELANIA-USDT||IP-USDT||2025||isoweek11_2-0130,2,IP-USDT,LIMIT,SELL,0.00158742,OPEN,1741667896.0,5.29143,1.5,7.937145,-1
binance_perpetual-2025-11-2-0130-2025.sqlite,binance-perpetual||MELANIA-USDT||IP-USDT||2025||isoweek11_2-0130,2,IP-USDT,LIMIT,SELL,0.00158791,OPEN,1741667883.0,5.29306,1.5,7.93959,-1
binance_perpetual-2025-11-2-0130-2025.sqlite,binance-perpetual||MELANIA-USDT||IP-USDT||2025||isoweek11_2-0130,2,IP-USDT,LIMIT,SELL,0.00158772,OPEN,1741667876.0,5.2924,1.5,7.9386,-1
binance_perpetual-2025-11-2-0130-2025.sqlite,binance-perpetual||MELANIA-USDT||IP-USDT||2025||isoweek11_2-0130,2,IP-USDT,LIMIT,SELL,0.00158798,OPEN,1741667868.0,5.29329,1.5,7.939935,-1
binance_perpetual-2025-11-2-0130-2025.sqlite,binance-perpetual||MELANIA-USDT||IP-USDT||2025||isoweek11_2-0130,2,IP-USDT,LIMIT,SELL,0.00158798,OPEN,1741667861.0,5.29329,1.5,7.939935,-1
binance_perpetual-2025-11-2-0130-2025.sqlite,binance-perpetual||MELANIA-USDT||IP-USDT||2025||isoweek11_2-0130,2,IP-USDT,LIMIT,SELL,0.00397332,OPEN,1741667848.0,5.29777,1.5,7.946655,-1
binance_perpetual-2025-11-2-0130-2025.sqlite,binance-perpetual||MELANIA-USDT||IP-USDT||2025||isoweek11_2-0130,2,IP-USDT,LIMIT,SELL,0.00158844,OPEN,1741667847.0,5.29483,1.5,7.942245,-1
binance_perpetual-2025-11-2-0130-2025.sqlite,binance-perpetual||MELANIA-USDT||IP-USDT||2025||isoweek11_2-0130,2,IP-USDT,LIMIT,SELL,0.00158859,OPEN,1741667840.0,5.29532,1.5,7.94298,-1
binance_perpetual-2025-11-2-0130-2025.sqlite,binance-perpetual||MELANIA-USDT||IP-USDT||2025||isoweek11_2-0130,2,IP-USDT,LIMIT,SELL,0.00159066,OPEN,1741667824.0,5.30223,1.5,7.953345,-1
binance_perpetual-2025-11-2-0130-2025.sqlite,binance-perpetual||MELANIA-USDT||IP-USDT||2025||isoweek11_2-0130,2,IP-USDT,LIMIT,SELL,0.00159006,OPEN,1741667818.0,5.30023,1.5,7.950345,-1
binance_perpetual-2025-11-2-0130-2025.sqlite,binance-perpetual||MELANIA-USDT||IP-USDT||2025||isoweek11_2-0130,2,IP-USDT,LIMIT,SELL,0.00158975,OPEN,1741667817.0,5.29918,1.5,7.94877,-1
binance_perpetual-2025-11-2-0130-2025.sqlite,binance-perpetual||MELANIA-USDT||IP-USDT||2025||isoweek11_2-0130,2,IP-USDT,LIMIT,SELL,0.00158995,OPEN,1741667807.0,5.29986,1.5,7.94979,-1
binance_perpetual-2025-11-2-0130-2025.sqlite,binance-perpetual||MELANIA-USDT||IP-USDT||2025||isoweek11_2-0130,2,IP-USDT,LIMIT,SELL,0.00344316,OPEN,1741667802.0,5.29718,1.3,6.886334,-1
binance_perpetual-2025-11-2-0130-2025.sqlite,binance-perpetual||MELANIA-USDT||IP-USDT||2025||isoweek11_2-0130,2,IP-USDT,LIMIT,SELL,0.0005297,OPEN,1741667802.0,5.29704,0.2,1.059408,-1
binance_perpetual-2025-11-2-0130-2025.sqlite,binance-perpetual||MELANIA-USDT||IP-USDT||2025||isoweek11_2-0130,2,IP-USDT,LIMIT,SELL,0.0015888,OPEN,1741667792.0,5.29603,1.5,7.944045,-1
binance_perpetual-2025-11-2-0130-2025.sqlite,binance-perpetual||MELANIA-USDT||IP-USDT||2025||isoweek11_2-0130,2,IP-USDT,LIMIT,SELL,0.00158849,OPEN,1741667790.0,5.29498,1.5,7.94247,-1
binance_perpetual-2025-11-2-0130-2025.sqlite,binance-perpetual||MELANIA-USDT||IP-USDT||2025||isoweek11_2-0130,2,IP-USDT,LIMIT,SELL,0.00158948,OPEN,1741667776.0,5.29828,1.5,7.94742,-1
binance_perpetual-2025-11-2-0130-2025.sqlite,binance-perpetual||MELANIA-USDT||IP-USDT||2025||isoweek11_2-0130,2,IP-USDT,LIMIT,SELL,0.00158965,OPEN,1741667763.0,5.29886,1.5,7.94829,-1
binance_perpetual-2025-11-2-0130-2025.sqlite,binance-perpetual||MELANIA-USDT||IP-USDT||2025||isoweek11_2-0130,2,IP-USDT,LIMIT,SELL,0.00158917,OPEN,1741667757.0,5.29726,1.5,7.94589,-1
binance_perpetual-2025-11-2-0130-2025.sqlite,binance-perpetual||MELANIA-USDT||IP-USDT||2025||isoweek11_2-0130,2,IP-USDT,LIMIT,SELL,0.00158894,OPEN,1741667752.0,5.29647,1.5,7.944705,-1
binance_perpetual-2025-11-2-0130-2025.sqlite,binance-perpetual||MELANIA-USDT||IP-USDT||2025||isoweek11_2-0130,2,IP-USDT,LIMIT,SELL,0.00397436,OPEN,1741667740.0,5.29916,1.5,7.94874,-1
binance_perpetual-2025-11-2-0130-2025.sqlite,binance-perpetual||MELANIA-USDT||IP-USDT||2025||isoweek11_2-0130,2,IP-USDT,LIMIT,SELL,0.00159228,OPEN,1741667732.0,5.30763,1.5,7.961445,-1
binance_perpetual-2025-11-2-0130-2025.sqlite,binance-perpetual||MELANIA-USDT||IP-USDT||2025||isoweek11_2-0130,2,IP-USDT,LIMIT,SELL,0.00159282,OPEN,1741667728.0,5.3094,1.5,7.9641,-1
binance_perpetual-2025-11-2-0130-2025.sqlite,binance-perpetual||MELANIA-USDT||IP-USDT||2025||isoweek11_2-0130,2,IP-USDT,LIMIT,SELL,0.00159724,OPEN,1741667703.0,5.32415,1.5,7.986225,-1
binance_perpetual-2025-11-2-0130-2025.sqlite,binance-perpetual||MELANIA-USDT||IP-USDT||2025||isoweek11_2-0130,2,IP-USDT,LIMIT,SELL,0.0015978,OPEN,1741667684.0,5.32601,1.5,7.989015,-1
binance_perpetual-2025-11-2-0130-2025.sqlite,binance-perpetual||MELANIA-USDT||IP-USDT||2025||isoweek11_2-0130,2,IP-USDT,LIMIT,SELL,0.00159748,OPEN,1741667684.0,5.32496,1.5,7.98744,-1
binance_perpetual-2025-11-2-0130-2025.sqlite,binance-perpetual||MELANIA-USDT||IP-USDT||2025||isoweek11_2-0130,2,IP-USDT,LIMIT,SELL,0.00159681,OPEN,1741667674.0,5.3227,1.5,7.98405,-1
binance_perpetual-2025-11-2-0130-2025.sqlite,binance-perpetual||MELANIA-USDT||IP-USDT||2025||isoweek11_2-0130,2,IP-USDT,LIMIT,SELL,0.00160079,OPEN,1741667660.0,5.33597,1.5,8.003955,-1
binance_perpetual-2025-11-2-0130-2025.sqlite,binance-perpetual||MELANIA-USDT||IP-USDT||2025||isoweek11_2-0130,2,IP-USDT,LIMIT,SELL,0.00159162,OPEN,1741667994.0,5.30542,1.5,7.95813,-1
binance_perpetual-2025-11-2-0130-2025.sqlite,binance-perpetual||MELANIA-USDT||IP-USDT||2025||isoweek11_2-0130,2,IP-USDT,LIMIT,SELL,0.0001063,OPEN,1741668088.0,5.31515,0.1,0.531515,-1
binance_perpetual-2025-11-2-0130-2025.sqlite,binance-perpetual||MELANIA-USDT||IP-USDT||2025||isoweek11_2-0130,2,IP-USDT,LIMIT,SELL,0.00148824,OPEN,1741668088.0,5.31515,1.4,7.44121,-1
binance_perpetual-2025-11-2-0130-2025.sqlite,binance-perpetual||MELANIA-USDT||IP-USDT||2025||isoweek11_2-0130,2,IP-USDT,LIMIT,SELL,0.00159727,OPEN,1741668095.0,5.32424,1.5,7.98636,-1
binance_perpetual-2025-11-2-0130-2025.sqlite,binance-perpetual||MELANIA-USDT||IP-USDT||2025||isoweek11_2-0130,2,IP-USDT,LIMIT,SELL,0.00160034,OPEN,1741668670.0,5.33447,1.5,8.001705,-1
binance_perpetual-2025-11-2-0130-2025.sqlite,binance-perpetual||MELANIA-USDT||IP-USDT||2025||isoweek11_2-0130,2,IP-USDT,LIMIT,SELL,0.00160341,OPEN,1741668691.0,5.3447,1.5,8.01705,-1
binance_perpetual-2025-11-2-0130-2025.sqlite,binance-perpetual||MELANIA-USDT||IP-USDT||2025||isoweek11_2-0130,2,IP-USDT,LIMIT,SELL,0.00010712,OPEN,1741668726.0,5.35647,0.1,0.535647,-1
binance_perpetual-2025-11-2-0130-2025.sqlite,binance-perpetual||MELANIA-USDT||IP-USDT||2025||isoweek11_2-0130,2,IP-USDT,LIMIT,SELL,0.00139268,OPEN,1741668727.0,5.35647,1.3,6.963411,-1
binance_perpetual-2025-11-2-0130-2025.sqlite,binance-perpetual||MELANIA-USDT||IP-USDT||2025||isoweek11_2-0130,2,IP-USDT,MARKET,BUY,0.01499778,CLOSE,1741668735.0,5.35635,5.6,29.99556,-1
binance_perpetual-2025-11-2-0130-2025.sqlite,binance-perpetual||MELANIA-USDT||IP-USDT||2025||isoweek11_2-0130,2,IP-USDT,MARKET,BUY,0.11731851,CLOSE,1741668735.0,5.35701,43.8,234.637038,-1
binance_perpetual-2025-11-2-0150-2025.sqlite,binance-perpetual||LINK-USDT||RED-USDT||2025||isoweek11_2-0150,1,LINK-USDT,LIMIT,BUY,0.0066322,OPEN,1741668802.0,12.561,2.64,33.16104,1
binance_perpetual-2025-11-2-0150-2025.sqlite,binance-perpetual||LINK-USDT||RED-USDT||2025||isoweek11_2-0150,1,LINK-USDT,MARKET,SELL,0.01693031,CLOSE,1741670128.0,12.826,2.64,33.86064,1
binance_perpetual-2025-11-2-0150-2025.sqlite,binance-perpetual||LINK-USDT||RED-USDT||2025||isoweek11_2-0150,1,LINK-USDT,LIMIT,BUY,0.00663168,OPEN,1741668802.0,12.56,2.64,33.1584,1
binance_perpetual-2025-11-2-0150-2025.sqlite,binance-perpetual||LINK-USDT||RED-USDT||2025||isoweek11_2-0150,1,LINK-USDT,LIMIT,BUY,0.00665574,OPEN,1741668814.0,12.558,2.65,33.2787,1
binance_perpetual-2025-11-2-0150-2025.sqlite,binance-perpetual||LINK-USDT||RED-USDT||2025||isoweek11_2-0150,1,LINK-USDT,LIMIT,BUY,0.00663801,OPEN,1741668831.0,12.572,2.64,33.19008,1
binance_perpetual-2025-11-2-0150-2025.sqlite,binance-perpetual||LINK-USDT||RED-USDT||2025||isoweek11_2-0150,1,LINK-USDT,LIMIT,BUY,0.00664118,OPEN,1741668851.0,12.578,2.64,33.20592,1
binance_perpetual-2025-11-2-0150-2025.sqlite,binance-perpetual||LINK-USDT||RED-USDT||2025||isoweek11_2-0150,1,LINK-USDT,LIMIT,BUY,0.00664012,OPEN,1741668859.0,12.576,2.64,33.20064,1
binance_perpetual-2025-11-2-0150-2025.sqlite,binance-perpetual||LINK-USDT||RED-USDT||2025||isoweek11_2-0150,1,LINK-USDT,LIMIT,BUY,0.00663484,OPEN,1741668865.0,12.566,2.64,33.17424,1
binance_perpetual-2025-11-2-0150-2025.sqlite,binance-perpetual||LINK-USDT||RED-USDT||2025||isoweek11_2-0150,1,LINK-USDT,LIMIT,BUY,0.00665521,OPEN,1741668874.0,12.557,2.65,33.27605,1
binance_perpetual-2025-11-2-0150-2025.sqlite,binance-perpetual||LINK-USDT||RED-USDT||2025||isoweek11_2-0150,1,LINK-USDT,MARKET,SELL,0.117697,CLOSE,1741671245.0,12.724,18.5,235.394,1
binance_perpetual-2025-11-2-0150-2025.sqlite,binance-perpetual||LINK-USDT||RED-USDT||2025||isoweek11_2-0150,2,RED-USDT,LIMIT,SELL,0.0066168,OPEN,1741669929.0,0.4595,72.0,33.084,-1
binance_perpetual-2025-11-2-0150-2025.sqlite,binance-perpetual||LINK-USDT||RED-USDT||2025||isoweek11_2-0150,2,RED-USDT,MARKET,BUY,0.016362,CLOSE,1741671073.0,0.4545,72.0,32.724,-1
binance_perpetual-2025-11-2-0150-2025.sqlite,binance-perpetual||LINK-USDT||RED-USDT||2025||isoweek11_2-0150,2,RED-USDT,LIMIT,SELL,0.00654624,OPEN,1741668857.0,0.4546,72.0,32.7312,-1
binance_perpetual-2025-11-2-0150-2025.sqlite,binance-perpetual||LINK-USDT||RED-USDT||2025||isoweek11_2-0150,2,RED-USDT,LIMIT,SELL,0.00654624,OPEN,1741668840.0,0.4546,72.0,32.7312,-1
binance_perpetual-2025-11-2-0150-2025.sqlite,binance-perpetual||LINK-USDT||RED-USDT||2025||isoweek11_2-0150,2,RED-USDT,LIMIT,SELL,0.00654336,OPEN,1741668837.0,0.4544,72.0,32.7168,-1
binance_perpetual-2025-11-2-0150-2025.sqlite,binance-perpetual||LINK-USDT||RED-USDT||2025||isoweek11_2-0150,2,RED-USDT,LIMIT,SELL,0.00509264,OPEN,1741668820.0,0.4547,56.0,25.4632,-1
binance_perpetual-2025-11-2-0150-2025.sqlite,binance-perpetual||LINK-USDT||RED-USDT||2025||isoweek11_2-0150,2,RED-USDT,LIMIT,SELL,0.00145504,OPEN,1741668821.0,0.4547,16.0,7.2752,-1
binance_perpetual-2025-11-2-0150-2025.sqlite,binance-perpetual||LINK-USDT||RED-USDT||2025||isoweek11_2-0150,2,RED-USDT,LIMIT,SELL,0.00654192,OPEN,1741668815.0,0.4543,72.0,32.7096,-1
binance_perpetual-2025-11-2-0150-2025.sqlite,binance-perpetual||LINK-USDT||RED-USDT||2025||isoweek11_2-0150,2,RED-USDT,LIMIT,SELL,0.00663132,OPEN,1741668808.0,0.4542,73.0,33.1566,-1
binance_perpetual-2025-11-2-0150-2025.sqlite,binance-perpetual||LINK-USDT||RED-USDT||2025||isoweek11_2-0150,2,RED-USDT,LIMIT,SELL,0.00654192,OPEN,1741668803.0,0.4543,72.0,32.7096,-1
binance_perpetual-2025-11-2-0150-2025.sqlite,binance-perpetual||LINK-USDT||RED-USDT||2025||isoweek11_2-0150,2,RED-USDT,LIMIT,SELL,0.0066284,OPEN,1741668797.0,0.454,73.0,33.142,-1
binance_perpetual-2025-11-2-0150-2025.sqlite,binance-perpetual||LINK-USDT||RED-USDT||2025||isoweek11_2-0150,2,RED-USDT,LIMIT,SELL,0.00654912,OPEN,1741668823.0,0.4548,72.0,32.7456,-1
binance_perpetual-2025-11-2-0150-2025.sqlite,binance-perpetual||LINK-USDT||RED-USDT||2025||isoweek11_2-0150,2,RED-USDT,MARKET,BUY,0.0036432,CLOSE,1741671245.0,0.4554,16.0,7.2864,-1
binance_perpetual-2025-11-2-0150-2025.sqlite,binance-perpetual||LINK-USDT||RED-USDT||2025||isoweek11_2-0150,2,RED-USDT,MARKET,BUY,0.0052371,CLOSE,1741671245.0,0.4554,23.0,10.4742,-1
binance_perpetual-2025-11-2-0150-2025.sqlite,binance-perpetual||LINK-USDT||RED-USDT||2025||isoweek11_2-0150,2,RED-USDT,MARKET,BUY,0.0036432,CLOSE,1741671245.0,0.4554,16.0,7.2864,-1
binance_perpetual-2025-11-2-0150-2025.sqlite,binance-perpetual||LINK-USDT||RED-USDT||2025||isoweek11_2-0150,2,RED-USDT,MARKET,BUY,0.00523825,CLOSE,1741671245.0,0.4555,23.0,10.4765,-1
binance_perpetual-2025-11-2-0150-2025.sqlite,binance-perpetual||LINK-USDT||RED-USDT||2025||isoweek11_2-0150,2,RED-USDT,MARKET,BUY,0.0077435,CLOSE,1741671245.0,0.4555,34.0,15.487,-1
binance_perpetual-2025-11-2-0150-2025.sqlite,binance-perpetual||LINK-USDT||RED-USDT||2025||isoweek11_2-0150,2,RED-USDT,MARKET,BUY,0.00523825,CLOSE,1741671245.0,0.4555,23.0,10.4765,-1
binance_perpetual-2025-11-2-0150-2025.sqlite,binance-perpetual||LINK-USDT||RED-USDT||2025||isoweek11_2-0150,2,RED-USDT,MARKET,BUY,0.11729125,CLOSE,1741671245.0,0.4555,515.0,234.5825,-1
binance_perpetual-2025-11-2-0000-2025.sqlite,binance-perpetual||OP-USDT||KAITO-USDT||2025||isoweek11_2-0000,1,OP-USDT,LIMIT,BUY,0.00156776,OPEN,1741662452.0,0.7918,9.9,7.83882,1
binance_perpetual-2025-11-2-0000-2025.sqlite,binance-perpetual||OP-USDT||KAITO-USDT||2025||isoweek11_2-0000,1,OP-USDT,MARKET,SELL,0.00392832,CLOSE,1741662569.0,0.7936,9.9,7.85664,1
binance_perpetual-2025-11-2-0000-2025.sqlite,binance-perpetual||OP-USDT||KAITO-USDT||2025||isoweek11_2-0000,1,OP-USDT,LIMIT,BUY,0.00392089,OPEN,1741662642.0,0.7921,9.9,7.84179,1
binance_perpetual-2025-11-2-0000-2025.sqlite,binance-perpetual||OP-USDT||KAITO-USDT||2025||isoweek11_2-0000,1,OP-USDT,MARKET,SELL,0.00393079,CLOSE,1741662685.0,0.7941,9.9,7.86159,1
binance_perpetual-2025-11-2-0000-2025.sqlite,binance-perpetual||OP-USDT||KAITO-USDT||2025||isoweek11_2-0000,1,OP-USDT,LIMIT,BUY,0.00156895,OPEN,1741662331.0,0.7924,9.9,7.84476,1
binance_perpetual-2025-11-2-0000-2025.sqlite,binance-perpetual||OP-USDT||KAITO-USDT||2025||isoweek11_2-0000,1,OP-USDT,MARKET,SELL,0.00393673,CLOSE,1741662717.0,0.7953,9.9,7.87347,1
binance_perpetual-2025-11-2-0000-2025.sqlite,binance-perpetual||OP-USDT||KAITO-USDT||2025||isoweek11_2-0000,1,OP-USDT,LIMIT,BUY,0.00156875,OPEN,1741662342.0,0.7923,9.9,7.84377,1
binance_perpetual-2025-11-2-0000-2025.sqlite,binance-perpetual||OP-USDT||KAITO-USDT||2025||isoweek11_2-0000,1,OP-USDT,MARKET,SELL,0.00394663,CLOSE,1741662739.0,0.7973,9.9,7.89327,1
binance_perpetual-2025-11-2-0000-2025.sqlite,binance-perpetual||OP-USDT||KAITO-USDT||2025||isoweek11_2-0000,1,OP-USDT,LIMIT,BUY,0.00156855,OPEN,1741662362.0,0.7922,9.9,7.84278,1
binance_perpetual-2025-11-2-0000-2025.sqlite,binance-perpetual||OP-USDT||KAITO-USDT||2025||isoweek11_2-0000,1,OP-USDT,MARKET,SELL,0.00395455,CLOSE,1741662742.0,0.7989,9.9,7.90911,1
binance_perpetual-2025-11-2-0000-2025.sqlite,binance-perpetual||OP-USDT||KAITO-USDT||2025||isoweek11_2-0000,1,OP-USDT,LIMIT,BUY,0.00156835,OPEN,1741663047.0,0.7921,9.9,7.84179,1
binance_perpetual-2025-11-2-0000-2025.sqlite,binance-perpetual||OP-USDT||KAITO-USDT||2025||isoweek11_2-0000,1,OP-USDT,MARKET,SELL,0.00392881,CLOSE,1741663108.0,0.7937,9.9,7.85763,1
binance_perpetual-2025-11-2-0000-2025.sqlite,binance-perpetual||OP-USDT||KAITO-USDT||2025||isoweek11_2-0000,1,OP-USDT,LIMIT,BUY,0.00156796,OPEN,1741663144.0,0.7919,9.9,7.83981,1
binance_perpetual-2025-11-2-0000-2025.sqlite,binance-perpetual||OP-USDT||KAITO-USDT||2025||isoweek11_2-0000,1,OP-USDT,MARKET,SELL,0.00392782,CLOSE,1741663271.0,0.7935,9.9,7.85565,1
binance_perpetual-2025-11-2-0000-2025.sqlite,binance-perpetual||OP-USDT||KAITO-USDT||2025||isoweek11_2-0000,1,OP-USDT,LIMIT,BUY,0.00156796,OPEN,1741663644.0,0.7919,9.9,7.83981,1
binance_perpetual-2025-11-2-0000-2025.sqlite,binance-perpetual||OP-USDT||KAITO-USDT||2025||isoweek11_2-0000,1,OP-USDT,MARKET,SELL,0.0039298,CLOSE,1741663834.0,0.7939,9.9,7.85961,1
binance_perpetual-2025-11-2-0000-2025.sqlite,binance-perpetual||OP-USDT||KAITO-USDT||2025||isoweek11_2-0000,1,OP-USDT,LIMIT,BUY,0.00157014,OPEN,1741662971.0,0.793,9.9,7.8507,1
binance_perpetual-2025-11-2-0000-2025.sqlite,binance-perpetual||OP-USDT||KAITO-USDT||2025||isoweek11_2-0000,1,OP-USDT,MARKET,SELL,0.00393723,CLOSE,1741663943.0,0.7954,9.9,7.87446,1
binance_perpetual-2025-11-2-0000-2025.sqlite,binance-perpetual||OP-USDT||KAITO-USDT||2025||isoweek11_2-0000,1,OP-USDT,LIMIT,BUY,0.0015808,OPEN,1741664726.0,0.7904,10.0,7.904,1
binance_perpetual-2025-11-2-0000-2025.sqlite,binance-perpetual||OP-USDT||KAITO-USDT||2025||isoweek11_2-0000,1,OP-USDT,MARKET,SELL,0.0039595,CLOSE,1741664751.0,0.7919,10.0,7.919,1
binance_perpetual-2025-11-2-0000-2025.sqlite,binance-perpetual||OP-USDT||KAITO-USDT||2025||isoweek11_2-0000,1,OP-USDT,LIMIT,BUY,0.00156835,OPEN,1741664673.0,0.7921,9.9,7.84179,1
binance_perpetual-2025-11-2-0000-2025.sqlite,binance-perpetual||OP-USDT||KAITO-USDT||2025||isoweek11_2-0000,1,OP-USDT,MARKET,SELL,0.00392782,CLOSE,1741665151.0,0.7935,9.9,7.85565,1
binance_perpetual-2025-11-2-0000-2025.sqlite,binance-perpetual||OP-USDT||KAITO-USDT||2025||isoweek11_2-0000,1,OP-USDT,LIMIT,BUY,0.0015776,OPEN,1741665628.0,0.7888,10.0,7.888,1
binance_perpetual-2025-11-2-0000-2025.sqlite,binance-perpetual||OP-USDT||KAITO-USDT||2025||isoweek11_2-0000,1,OP-USDT,MARKET,SELL,0.0039515,CLOSE,1741665720.0,0.7903,10.0,7.903,1
binance_perpetual-2025-11-2-0000-2025.sqlite,binance-perpetual||OP-USDT||KAITO-USDT||2025||isoweek11_2-0000,1,OP-USDT,LIMIT,BUY,0.0015804,OPEN,1741665504.0,0.7902,10.0,7.902,1
binance_perpetual-2025-11-2-0000-2025.sqlite,binance-perpetual||OP-USDT||KAITO-USDT||2025||isoweek11_2-0000,1,OP-USDT,MARKET,SELL,0.0039595,CLOSE,1741665810.0,0.7919,10.0,7.919,1
binance_perpetual-2025-11-2-0000-2025.sqlite,binance-perpetual||OP-USDT||KAITO-USDT||2025||isoweek11_2-0000,1,OP-USDT,LIMIT,BUY,0.00156796,OPEN,1741665434.0,0.7919,9.9,7.83981,1
binance_perpetual-2025-11-2-0000-2025.sqlite,binance-perpetual||OP-USDT||KAITO-USDT||2025||isoweek11_2-0000,1,OP-USDT,MARKET,SELL,0.00392782,CLOSE,1741665896.0,0.7935,9.9,7.85565,1
binance_perpetual-2025-11-2-0000-2025.sqlite,binance-perpetual||OP-USDT||KAITO-USDT||2025||isoweek11_2-0000,1,OP-USDT,LIMIT,BUY,0.003952,OPEN,1741665963.0,0.7904,10.0,7.904,1
binance_perpetual-2025-11-2-0000-2025.sqlite,binance-perpetual||OP-USDT||KAITO-USDT||2025||isoweek11_2-0000,1,OP-USDT,MARKET,SELL,0.00396049,CLOSE,1741665993.0,0.7921,10.0,7.921,1
binance_perpetual-2025-11-2-0000-2025.sqlite,binance-perpetual||OP-USDT||KAITO-USDT||2025||isoweek11_2-0000,1,OP-USDT,LIMIT,BUY,0.00156835,OPEN,1741665908.0,0.7921,9.9,7.84179,1
binance_perpetual-2025-11-2-0000-2025.sqlite,binance-perpetual||OP-USDT||KAITO-USDT||2025||isoweek11_2-0000,1,OP-USDT,MARKET,SELL,0.0039298,CLOSE,1741666062.0,0.7939,9.9,7.85961,1
binance_perpetual-2025-11-2-0000-2025.sqlite,binance-perpetual||OP-USDT||KAITO-USDT||2025||isoweek11_2-0000,1,OP-USDT,LIMIT,BUY,0.00157152,OPEN,1741664134.0,0.7937,9.9,7.85763,1
binance_perpetual-2025-11-2-0000-2025.sqlite,binance-perpetual||OP-USDT||KAITO-USDT||2025||isoweek11_2-0000,1,OP-USDT,MARKET,SELL,0.00393673,CLOSE,1741666122.0,0.7953,9.9,7.87347,1
binance_perpetual-2025-11-2-0000-2025.sqlite,binance-perpetual||OP-USDT||KAITO-USDT||2025||isoweek11_2-0000,1,OP-USDT,LIMIT,BUY,0.00157429,OPEN,1741662862.0,0.7951,9.9,7.87149,1
binance_perpetual-2025-11-2-0000-2025.sqlite,binance-perpetual||OP-USDT||KAITO-USDT||2025||isoweek11_2-0000,1,OP-USDT,MARKET,SELL,0.00394564,CLOSE,1741666267.0,0.7971,9.9,7.89129,1
binance_perpetual-2025-11-2-0000-2025.sqlite,binance-perpetual||OP-USDT||KAITO-USDT||2025||isoweek11_2-0000,1,OP-USDT,LIMIT,BUY,0.0015741,OPEN,1741666337.0,0.795,9.9,7.8705,1
binance_perpetual-2025-11-2-0000-2025.sqlite,binance-perpetual||OP-USDT||KAITO-USDT||2025||isoweek11_2-0000,1,OP-USDT,MARKET,SELL,0.00394366,CLOSE,1741666541.0,0.7967,9.9,7.88733,1
binance_perpetual-2025-11-2-0000-2025.sqlite,binance-perpetual||OP-USDT||KAITO-USDT||2025||isoweek11_2-0000,1,OP-USDT,LIMIT,BUY,0.00157093,OPEN,1741666662.0,0.7934,9.9,7.85466,1
binance_perpetual-2025-11-2-0000-2025.sqlite,binance-perpetual||OP-USDT||KAITO-USDT||2025||isoweek11_2-0000,1,OP-USDT,MARKET,SELL,0.00393673,CLOSE,1741666687.0,0.7953,9.9,7.87347,1
binance_perpetual-2025-11-2-0000-2025.sqlite,binance-perpetual||OP-USDT||KAITO-USDT||2025||isoweek11_2-0000,1,OP-USDT,LIMIT,BUY,0.00157469,OPEN,1741666630.0,0.7953,9.9,7.87347,1
binance_perpetual-2025-11-2-0000-2025.sqlite,binance-perpetual||OP-USDT||KAITO-USDT||2025||isoweek11_2-0000,1,OP-USDT,MARKET,SELL,0.00394514,CLOSE,1741666698.0,0.797,9.9,7.8903,1
binance_perpetual-2025-11-2-0000-2025.sqlite,binance-perpetual||OP-USDT||KAITO-USDT||2025||isoweek11_2-0000,1,OP-USDT,LIMIT,BUY,0.00157746,OPEN,1741662818.0,0.7967,9.9,7.88733,1
binance_perpetual-2025-11-2-0000-2025.sqlite,binance-perpetual||OP-USDT||KAITO-USDT||2025||isoweek11_2-0000,1,OP-USDT,MARKET,SELL,0.00395307,CLOSE,1741666756.0,0.7986,9.9,7.90614,1
binance_perpetual-2025-11-2-0000-2025.sqlite,binance-perpetual||OP-USDT||KAITO-USDT||2025||isoweek11_2-0000,1,OP-USDT,LIMIT,BUY,0.00157073,OPEN,1741662410.0,0.7933,9.9,7.85367,1
binance_perpetual-2025-11-2-0000-2025.sqlite,binance-perpetual||OP-USDT||KAITO-USDT||2025||isoweek11_2-0000,1,OP-USDT,MARKET,SELL,0.00396148,CLOSE,1741666761.0,0.8003,9.9,7.92297,1
binance_perpetual-2025-11-2-0000-2025.sqlite,binance-perpetual||OP-USDT||KAITO-USDT||2025||isoweek11_2-0000,1,OP-USDT,LIMIT,BUY,0.00156875,OPEN,1741662421.0,0.7923,9.9,7.84377,1
binance_perpetual-2025-11-2-0000-2025.sqlite,binance-perpetual||OP-USDT||KAITO-USDT||2025||isoweek11_2-0000,1,OP-USDT,MARKET,SELL,0.00396841,CLOSE,1741666842.0,0.8017,9.9,7.93683,1
binance_perpetual-2025-11-2-0000-2025.sqlite,binance-perpetual||OP-USDT||KAITO-USDT||2025||isoweek11_2-0000,1,OP-USDT,LIMIT,BUY,0.00156974,OPEN,1741662438.0,0.7928,9.9,7.84872,1
binance_perpetual-2025-11-2-0000-2025.sqlite,binance-perpetual||OP-USDT||KAITO-USDT||2025||isoweek11_2-0000,1,OP-USDT,MARKET,SELL,0.00397633,CLOSE,1741666870.0,0.8033,9.9,7.95267,1
binance_perpetual-2025-11-2-0000-2025.sqlite,binance-perpetual||OP-USDT||KAITO-USDT||2025||isoweek11_2-0000,1,OP-USDT,LIMIT,BUY,0.00158103,OPEN,1741667078.0,0.7985,9.9,7.90515,1
binance_perpetual-2025-11-2-0000-2025.sqlite,binance-perpetual||OP-USDT||KAITO-USDT||2025||isoweek11_2-0000,1,OP-USDT,MARKET,SELL,0.00396,CLOSE,1741667178.0,0.8,9.9,7.92,1
binance_perpetual-2025-11-2-0000-2025.sqlite,binance-perpetual||OP-USDT||KAITO-USDT||2025||isoweek11_2-0000,1,OP-USDT,LIMIT,BUY,0.00156839,OPEN,1741667008.0,0.8002,9.8,7.84196,1
binance_perpetual-2025-11-2-0000-2025.sqlite,binance-perpetual||OP-USDT||KAITO-USDT||2025||isoweek11_2-0000,1,OP-USDT,MARKET,SELL,0.00392882,CLOSE,1741667277.0,0.8018,9.8,7.85764,1
binance_perpetual-2025-11-2-0000-2025.sqlite,binance-perpetual||OP-USDT||KAITO-USDT||2025||isoweek11_2-0000,1,OP-USDT,LIMIT,BUY,0.00157152,OPEN,1741666973.0,0.8018,9.8,7.85764,1
binance_perpetual-2025-11-2-0000-2025.sqlite,binance-perpetual||OP-USDT||KAITO-USDT||2025||isoweek11_2-0000,1,OP-USDT,MARKET,SELL,0.00393666,CLOSE,1741667365.0,0.8034,9.8,7.87332,1
binance_perpetual-2025-11-2-0000-2025.sqlite,binance-perpetual||OP-USDT||KAITO-USDT||2025||isoweek11_2-0000,1,OP-USDT,LIMIT,BUY,0.00156895,OPEN,1741662448.0,0.7924,9.9,7.84476,1
binance_perpetual-2025-11-2-0000-2025.sqlite,binance-perpetual||OP-USDT||KAITO-USDT||2025||isoweek11_2-0000,1,OP-USDT,MARKET,SELL,0.00398474,CLOSE,1741667462.0,0.805,9.9,7.9695,1
binance_perpetual-2025-11-2-0000-2025.sqlite,binance-perpetual||OP-USDT||KAITO-USDT||2025||isoweek11_2-0000,1,OP-USDT,LIMIT,BUY,0.0015822,OPEN,1741662457.0,0.7911,10.0,7.911,1
binance_perpetual-2025-11-2-0000-2025.sqlite,binance-perpetual||OP-USDT||KAITO-USDT||2025||isoweek11_2-0000,1,OP-USDT,MARKET,SELL,0.004034,CLOSE,1741667485.0,0.8068,10.0,8.068,1
binance_perpetual-2025-11-2-0000-2025.sqlite,binance-perpetual||OP-USDT||KAITO-USDT||2025||isoweek11_2-0000,1,OP-USDT,LIMIT,BUY,0.0015816,OPEN,1741662462.0,0.7908,10.0,7.908,1
binance_perpetual-2025-11-2-0000-2025.sqlite,binance-perpetual||OP-USDT||KAITO-USDT||2025||isoweek11_2-0000,1,OP-USDT,LIMIT,BUY,0.0015818,OPEN,1741662498.0,0.7909,10.0,7.909,1
binance_perpetual-2025-11-2-0000-2025.sqlite,binance-perpetual||OP-USDT||KAITO-USDT||2025||isoweek11_2-0000,1,OP-USDT,LIMIT,BUY,0.001582,OPEN,1741662485.0,0.791,10.0,7.91,1
binance_perpetual-2025-11-2-0000-2025.sqlite,binance-perpetual||OP-USDT||KAITO-USDT||2025||isoweek11_2-0000,1,OP-USDT,LIMIT,BUY,0.00156835,OPEN,1741662534.0,0.7921,9.9,7.84179,1
binance_perpetual-2025-11-2-0000-2025.sqlite,binance-perpetual||OP-USDT||KAITO-USDT||2025||isoweek11_2-0000,1,OP-USDT,LIMIT,BUY,0.00156895,OPEN,1741662539.0,0.7924,9.9,7.84476,1
binance_perpetual-2025-11-2-0000-2025.sqlite,binance-perpetual||OP-USDT||KAITO-USDT||2025||isoweek11_2-0000,1,OP-USDT,LIMIT,BUY,0.00392386,OPEN,1741662547.0,0.7927,9.9,7.84773,1
binance_perpetual-2025-11-2-0000-2025.sqlite,binance-perpetual||OP-USDT||KAITO-USDT||2025||isoweek11_2-0000,1,OP-USDT,LIMIT,BUY,0.00156875,OPEN,1741662561.0,0.7923,9.9,7.84377,1
binance_perpetual-2025-11-2-0000-2025.sqlite,binance-perpetual||OP-USDT||KAITO-USDT||2025||isoweek11_2-0000,1,OP-USDT,LIMIT,BUY,0.00157192,OPEN,1741662582.0,0.7939,9.9,7.85961,1
binance_perpetual-2025-11-2-0000-2025.sqlite,binance-perpetual||OP-USDT||KAITO-USDT||2025||isoweek11_2-0000,1,OP-USDT,LIMIT,BUY,0.00157132,OPEN,1741662594.0,0.7936,9.9,7.85664,1
binance_perpetual-2025-11-2-0000-2025.sqlite,binance-perpetual||OP-USDT||KAITO-USDT||2025||isoweek11_2-0000,1,OP-USDT,LIMIT,BUY,0.0039298,OPEN,1741662592.0,0.7939,9.9,7.85961,1
binance_perpetual-2025-11-2-0000-2025.sqlite,binance-perpetual||OP-USDT||KAITO-USDT||2025||isoweek11_2-0000,1,OP-USDT,LIMIT,BUY,0.00156934,OPEN,1741662601.0,0.7926,9.9,7.84674,1
binance_perpetual-2025-11-2-0000-2025.sqlite,binance-perpetual||OP-USDT||KAITO-USDT||2025||isoweek11_2-0000,1,OP-USDT,LIMIT,BUY,0.00156855,OPEN,1741662609.0,0.7922,9.9,7.84278,1
binance_perpetual-2025-11-2-0000-2025.sqlite,binance-perpetual||OP-USDT||KAITO-USDT||2025||isoweek11_2-0000,1,OP-USDT,LIMIT,BUY,0.00157093,OPEN,1741662628.0,0.7934,9.9,7.85466,1
binance_perpetual-2025-11-2-0000-2025.sqlite,binance-perpetual||OP-USDT||KAITO-USDT||2025||isoweek11_2-0000,1,OP-USDT,LIMIT,BUY,0.00157073,OPEN,1741662629.0,0.7933,9.9,7.85367,1
binance_perpetual-2025-11-2-0000-2025.sqlite,binance-perpetual||OP-USDT||KAITO-USDT||2025||isoweek11_2-0000,1,OP-USDT,LIMIT,BUY,0.00392287,OPEN,1741662635.0,0.7925,9.9,7.84575,1
binance_perpetual-2025-11-2-0000-2025.sqlite,binance-perpetual||OP-USDT||KAITO-USDT||2025||isoweek11_2-0000,1,OP-USDT,LIMIT,BUY,0.00157212,OPEN,1741662693.0,0.794,9.9,7.8606,1
binance_perpetual-2025-11-2-0000-2025.sqlite,binance-perpetual||OP-USDT||KAITO-USDT||2025||isoweek11_2-0000,1,OP-USDT,LIMIT,BUY,0.00157449,OPEN,1741662720.0,0.7952,9.9,7.87248,1
binance_perpetual-2025-11-2-0000-2025.sqlite,binance-perpetual||OP-USDT||KAITO-USDT||2025||isoweek11_2-0000,1,OP-USDT,LIMIT,BUY,0.00158142,OPEN,1741662744.0,0.7987,9.9,7.90713,1
binance_perpetual-2025-11-2-0000-2025.sqlite,binance-perpetual||OP-USDT||KAITO-USDT||2025||isoweek11_2-0000,1,OP-USDT,LIMIT,BUY,0.00158063,OPEN,1741662748.0,0.7983,9.9,7.90317,1
binance_perpetual-2025-11-2-0000-2025.sqlite,binance-perpetual||OP-USDT||KAITO-USDT||2025||isoweek11_2-0000,1,OP-USDT,LIMIT,BUY,0.0039501,OPEN,1741662753.0,0.798,9.9,7.9002,1
binance_perpetual-2025-11-2-0000-2025.sqlite,binance-perpetual||OP-USDT||KAITO-USDT||2025||isoweek11_2-0000,1,OP-USDT,LIMIT,BUY,0.00158221,OPEN,1741662758.0,0.7991,9.9,7.91109,1
binance_perpetual-2025-11-2-0000-2025.sqlite,binance-perpetual||OP-USDT||KAITO-USDT||2025||isoweek11_2-0000,1,OP-USDT,LIMIT,BUY,0.00158004,OPEN,1741662764.0,0.798,9.9,7.9002,1
binance_perpetual-2025-11-2-0000-2025.sqlite,binance-perpetual||OP-USDT||KAITO-USDT||2025||isoweek11_2-0000,1,OP-USDT,LIMIT,BUY,0.00158004,OPEN,1741662769.0,0.798,9.9,7.9002,1
binance_perpetual-2025-11-2-0000-2025.sqlite,binance-perpetual||OP-USDT||KAITO-USDT||2025||isoweek11_2-0000,1,OP-USDT,LIMIT,BUY,0.00157984,OPEN,1741662773.0,0.7979,9.9,7.89921,1
binance_perpetual-2025-11-2-0000-2025.sqlite,binance-perpetual||OP-USDT||KAITO-USDT||2025||isoweek11_2-0000,1,OP-USDT,LIMIT,BUY,0.00157885,OPEN,1741662780.0,0.7974,9.9,7.89426,1
binance_perpetual-2025-11-2-0000-2025.sqlite,binance-perpetual||OP-USDT||KAITO-USDT||2025||isoweek11_2-0000,1,OP-USDT,LIMIT,BUY,0.00157964,OPEN,1741662789.0,0.7978,9.9,7.89822,1
binance_perpetual-2025-11-2-0000-2025.sqlite,binance-perpetual||OP-USDT||KAITO-USDT||2025||isoweek11_2-0000,1,OP-USDT,LIMIT,BUY,0.00157924,OPEN,1741662795.0,0.7976,9.9,7.89624,1
binance_perpetual-2025-11-2-0000-2025.sqlite,binance-perpetual||OP-USDT||KAITO-USDT||2025||isoweek11_2-0000,1,OP-USDT,LIMIT,BUY,0.00157806,OPEN,1741662811.0,0.797,9.9,7.8903,1
binance_perpetual-2025-11-2-0000-2025.sqlite,binance-perpetual||OP-USDT||KAITO-USDT||2025||isoweek11_2-0000,1,OP-USDT,LIMIT,BUY,0.00157667,OPEN,1741662824.0,0.7963,9.9,7.88337,1
binance_perpetual-2025-11-2-0000-2025.sqlite,binance-perpetual||OP-USDT||KAITO-USDT||2025||isoweek11_2-0000,1,OP-USDT,LIMIT,BUY,0.00157667,OPEN,1741662831.0,0.7963,9.9,7.88337,1
binance_perpetual-2025-11-2-0000-2025.sqlite,binance-perpetual||OP-USDT||KAITO-USDT||2025||isoweek11_2-0000,1,OP-USDT,LIMIT,BUY,0.00157608,OPEN,1741662850.0,0.796,9.9,7.8804,1
binance_perpetual-2025-11-2-0000-2025.sqlite,binance-perpetual||OP-USDT||KAITO-USDT||2025||isoweek11_2-0000,1,OP-USDT,LIMIT,BUY,0.00157548,OPEN,1741662856.0,0.7957,9.9,7.87743,1
binance_perpetual-2025-11-2-0000-2025.sqlite,binance-perpetual||OP-USDT||KAITO-USDT||2025||isoweek11_2-0000,1,OP-USDT,LIMIT,BUY,0.00157429,OPEN,1741662883.0,0.7951,9.9,7.87149,1
binance_perpetual-2025-11-2-0000-2025.sqlite,binance-perpetual||OP-USDT||KAITO-USDT||2025||isoweek11_2-0000,1,OP-USDT,LIMIT,BUY,0.0015735,OPEN,1741662895.0,0.7947,9.9,7.86753,1
binance_perpetual-2025-11-2-0000-2025.sqlite,binance-perpetual||OP-USDT||KAITO-USDT||2025||isoweek11_2-0000,1,OP-USDT,LIMIT,BUY,0.0015733,OPEN,1741662898.0,0.7946,9.9,7.86654,1
binance_perpetual-2025-11-2-0000-2025.sqlite,binance-perpetual||OP-USDT||KAITO-USDT||2025||isoweek11_2-0000,1,OP-USDT,LIMIT,BUY,0.00157271,OPEN,1741662903.0,0.7943,9.9,7.86357,1
binance_perpetual-2025-11-2-0000-2025.sqlite,binance-perpetual||OP-USDT||KAITO-USDT||2025||isoweek11_2-0000,1,OP-USDT,LIMIT,BUY,0.00157271,OPEN,1741662916.0,0.7943,9.9,7.86357,1
binance_perpetual-2025-11-2-0000-2025.sqlite,binance-perpetual||OP-USDT||KAITO-USDT||2025||isoweek11_2-0000,1,OP-USDT,LIMIT,BUY,0.00157251,OPEN,1741662916.0,0.7942,9.9,7.86258,1
binance_perpetual-2025-11-2-0000-2025.sqlite,binance-perpetual||OP-USDT||KAITO-USDT||2025||isoweek11_2-0000,1,OP-USDT,LIMIT,BUY,0.00157251,OPEN,1741662922.0,0.7942,9.9,7.86258,1
binance_perpetual-2025-11-2-0000-2025.sqlite,binance-perpetual||OP-USDT||KAITO-USDT||2025||isoweek11_2-0000,1,OP-USDT,LIMIT,BUY,0.00393128,OPEN,1741662941.0,0.7942,9.9,7.86258,1
binance_perpetual-2025-11-2-0000-2025.sqlite,binance-perpetual||OP-USDT||KAITO-USDT||2025||isoweek11_2-0000,1,OP-USDT,LIMIT,BUY,0.0039298,OPEN,1741662962.0,0.7939,9.9,7.85961,1
binance_perpetual-2025-11-2-0000-2025.sqlite,binance-perpetual||OP-USDT||KAITO-USDT||2025||isoweek11_2-0000,1,OP-USDT,MARKET,SELL,0.16386108,CLOSE,1741667547.0,0.8068,406.2,327.72216,1
binance_perpetual-2025-11-2-0000-2025.sqlite,binance-perpetual||OP-USDT||KAITO-USDT||2025||isoweek11_2-0000,2,KAITO-USDT,LIMIT,SELL,0.00392416,OPEN,1741662691.0,1.3769,5.7,7.84833,-1
binance_perpetual-2025-11-2-0000-2025.sqlite,binance-perpetual||OP-USDT||KAITO-USDT||2025||isoweek11_2-0000,2,KAITO-USDT,MARKET,BUY,0.00391105,CLOSE,1741662885.0,1.3723,5.7,7.82211,-1
binance_perpetual-2025-11-2-0000-2025.sqlite,binance-perpetual||OP-USDT||KAITO-USDT||2025||isoweek11_2-0000,2,KAITO-USDT,LIMIT,SELL,0.00391561,OPEN,1741662412.0,1.3739,5.7,7.83123,-1
binance_perpetual-2025-11-2-0000-2025.sqlite,binance-perpetual||OP-USDT||KAITO-USDT||2025||isoweek11_2-0000,2,KAITO-USDT,MARKET,BUY,0.0038988,CLOSE,1741662964.0,1.368,5.7,7.7976,-1
binance_perpetual-2025-11-2-0000-2025.sqlite,binance-perpetual||OP-USDT||KAITO-USDT||2025||isoweek11_2-0000,2,KAITO-USDT,LIMIT,SELL,0.00158827,OPEN,1741662289.0,1.3692,5.8,7.94136,-1
binance_perpetual-2025-11-2-0000-2025.sqlite,binance-perpetual||OP-USDT||KAITO-USDT||2025||isoweek11_2-0000,2,KAITO-USDT,MARKET,BUY,0.0039527,CLOSE,1741663080.0,1.363,5.8,7.9054,-1
binance_perpetual-2025-11-2-0000-2025.sqlite,binance-perpetual||OP-USDT||KAITO-USDT||2025||isoweek11_2-0000,2,KAITO-USDT,LIMIT,SELL,0.00158676,OPEN,1741662305.0,1.3679,5.8,7.93382,-1
binance_perpetual-2025-11-2-0000-2025.sqlite,binance-perpetual||OP-USDT||KAITO-USDT||2025||isoweek11_2-0000,2,KAITO-USDT,MARKET,BUY,0.00394168,CLOSE,1741663226.0,1.3592,5.8,7.88336,-1
binance_perpetual-2025-11-2-0000-2025.sqlite,binance-perpetual||OP-USDT||KAITO-USDT||2025||isoweek11_2-0000,2,KAITO-USDT,LIMIT,SELL,0.00158699,OPEN,1741663521.0,1.3681,5.8,7.93498,-1
binance_perpetual-2025-11-2-0000-2025.sqlite,binance-perpetual||OP-USDT||KAITO-USDT||2025||isoweek11_2-0000,2,KAITO-USDT,MARKET,BUY,0.00395415,CLOSE,1741663648.0,1.3635,5.8,7.9083,-1
binance_perpetual-2025-11-2-0000-2025.sqlite,binance-perpetual||OP-USDT||KAITO-USDT||2025||isoweek11_2-0000,2,KAITO-USDT,LIMIT,SELL,0.00391162,OPEN,1741663934.0,1.3725,5.7,7.82325,-1
binance_perpetual-2025-11-2-0000-2025.sqlite,binance-perpetual||OP-USDT||KAITO-USDT||2025||isoweek11_2-0000,2,KAITO-USDT,MARKET,BUY,0.0038988,CLOSE,1741664403.0,1.368,5.7,7.7976,-1
binance_perpetual-2025-11-2-0000-2025.sqlite,binance-perpetual||OP-USDT||KAITO-USDT||2025||isoweek11_2-0000,2,KAITO-USDT,LIMIT,SELL,0.00391134,OPEN,1741664448.0,1.3724,5.7,7.82268,-1
binance_perpetual-2025-11-2-0000-2025.sqlite,binance-perpetual||OP-USDT||KAITO-USDT||2025||isoweek11_2-0000,2,KAITO-USDT,MARKET,BUY,0.00389851,CLOSE,1741664981.0,1.3679,5.7,7.79703,-1
binance_perpetual-2025-11-2-0000-2025.sqlite,binance-perpetual||OP-USDT||KAITO-USDT||2025||isoweek11_2-0000,2,KAITO-USDT,LIMIT,SELL,0.00157434,OPEN,1741665802.0,1.381,5.7,7.8717,-1
binance_perpetual-2025-11-2-0000-2025.sqlite,binance-perpetual||OP-USDT||KAITO-USDT||2025||isoweek11_2-0000,2,KAITO-USDT,MARKET,BUY,0.00392245,CLOSE,1741665846.0,1.3763,5.7,7.84491,-1
binance_perpetual-2025-11-2-0000-2025.sqlite,binance-perpetual||OP-USDT||KAITO-USDT||2025||isoweek11_2-0000,2,KAITO-USDT,LIMIT,SELL,0.00395352,OPEN,1741666125.0,1.3872,5.7,7.90704,-1
binance_perpetual-2025-11-2-0000-2025.sqlite,binance-perpetual||OP-USDT||KAITO-USDT||2025||isoweek11_2-0000,2,KAITO-USDT,MARKET,BUY,0.00393442,CLOSE,1741666240.0,1.3805,5.7,7.86885,-1
binance_perpetual-2025-11-2-0000-2025.sqlite,binance-perpetual||OP-USDT||KAITO-USDT||2025||isoweek11_2-0000,2,KAITO-USDT,LIMIT,SELL,0.00157434,OPEN,1741666032.0,1.381,5.7,7.8717,-1
binance_perpetual-2025-11-2-0000-2025.sqlite,binance-perpetual||OP-USDT||KAITO-USDT||2025||isoweek11_2-0000,2,KAITO-USDT,MARKET,BUY,0.00392131,CLOSE,1741666444.0,1.3759,5.7,7.84263,-1
binance_perpetual-2025-11-2-0000-2025.sqlite,binance-perpetual||OP-USDT||KAITO-USDT||2025||isoweek11_2-0000,2,KAITO-USDT,LIMIT,SELL,0.00394183,OPEN,1741666865.0,1.3831,5.7,7.88367,-1
binance_perpetual-2025-11-2-0000-2025.sqlite,binance-perpetual||OP-USDT||KAITO-USDT||2025||isoweek11_2-0000,2,KAITO-USDT,MARKET,BUY,0.00392274,CLOSE,1741667136.0,1.3764,5.7,7.84548,-1
binance_perpetual-2025-11-2-0000-2025.sqlite,binance-perpetual||OP-USDT||KAITO-USDT||2025||isoweek11_2-0000,2,KAITO-USDT,LIMIT,SELL,0.00156989,OPEN,1741665699.0,1.3771,5.7,7.84947,-1
binance_perpetual-2025-11-2-0000-2025.sqlite,binance-perpetual||OP-USDT||KAITO-USDT||2025||isoweek11_2-0000,2,KAITO-USDT,MARKET,BUY,0.00390848,CLOSE,1741667409.0,1.3714,5.7,7.81698,-1
binance_perpetual-2025-11-2-0000-2025.sqlite,binance-perpetual||OP-USDT||KAITO-USDT||2025||isoweek11_2-0000,2,KAITO-USDT,LIMIT,SELL,0.00019226,OPEN,1741665021.0,1.3733,0.7,0.96131,-1
binance_perpetual-2025-11-2-0000-2025.sqlite,binance-perpetual||OP-USDT||KAITO-USDT||2025||isoweek11_2-0000,2,KAITO-USDT,LIMIT,SELL,0.0013733,OPEN,1741665021.0,1.3733,5.0,6.8665,-1
binance_perpetual-2025-11-2-0000-2025.sqlite,binance-perpetual||OP-USDT||KAITO-USDT||2025||isoweek11_2-0000,2,KAITO-USDT,MARKET,BUY,0.00389851,CLOSE,1741667492.0,1.3679,5.7,7.79703,-1
binance_perpetual-2025-11-2-0000-2025.sqlite,binance-perpetual||OP-USDT||KAITO-USDT||2025||isoweek11_2-0000,2,KAITO-USDT,LIMIT,SELL,0.00156465,OPEN,1741662585.0,1.3725,5.7,7.82325,-1
binance_perpetual-2025-11-2-0000-2025.sqlite,binance-perpetual||OP-USDT||KAITO-USDT||2025||isoweek11_2-0000,2,KAITO-USDT,LIMIT,SELL,0.00156465,OPEN,1741662585.0,1.3725,5.7,7.82325,-1
binance_perpetual-2025-11-2-0000-2025.sqlite,binance-perpetual||OP-USDT||KAITO-USDT||2025||isoweek11_2-0000,2,KAITO-USDT,LIMIT,SELL,0.00156681,OPEN,1741662568.0,1.3744,5.7,7.83408,-1
binance_perpetual-2025-11-2-0000-2025.sqlite,binance-perpetual||OP-USDT||KAITO-USDT||2025||isoweek11_2-0000,2,KAITO-USDT,LIMIT,SELL,0.00156533,OPEN,1741662564.0,1.3731,5.7,7.82667,-1
binance_perpetual-2025-11-2-0000-2025.sqlite,binance-perpetual||OP-USDT||KAITO-USDT||2025||isoweek11_2-0000,2,KAITO-USDT,LIMIT,SELL,0.00156533,OPEN,1741662564.0,1.3731,5.7,7.82667,-1
binance_perpetual-2025-11-2-0000-2025.sqlite,binance-perpetual||OP-USDT||KAITO-USDT||2025||isoweek11_2-0000,2,KAITO-USDT,LIMIT,SELL,0.00156567,OPEN,1741662549.0,1.3734,5.7,7.82838,-1
binance_perpetual-2025-11-2-0000-2025.sqlite,binance-perpetual||OP-USDT||KAITO-USDT||2025||isoweek11_2-0000,2,KAITO-USDT,LIMIT,SELL,0.00156442,OPEN,1741662544.0,1.3723,5.7,7.82211,-1
binance_perpetual-2025-11-2-0000-2025.sqlite,binance-perpetual||OP-USDT||KAITO-USDT||2025||isoweek11_2-0000,2,KAITO-USDT,LIMIT,SELL,0.00391048,OPEN,1741662538.0,1.3721,5.7,7.82097,-1
binance_perpetual-2025-11-2-0000-2025.sqlite,binance-perpetual||OP-USDT||KAITO-USDT||2025||isoweek11_2-0000,2,KAITO-USDT,LIMIT,SELL,0.0039102,OPEN,1741662525.0,1.372,5.7,7.8204,-1
binance_perpetual-2025-11-2-0000-2025.sqlite,binance-perpetual||OP-USDT||KAITO-USDT||2025||isoweek11_2-0000,2,KAITO-USDT,LIMIT,SELL,0.00156351,OPEN,1741662525.0,1.3715,5.7,7.81755,-1
binance_perpetual-2025-11-2-0000-2025.sqlite,binance-perpetual||OP-USDT||KAITO-USDT||2025||isoweek11_2-0000,2,KAITO-USDT,LIMIT,SELL,0.00156339,OPEN,1741662525.0,1.3714,5.7,7.81698,-1
binance_perpetual-2025-11-2-0000-2025.sqlite,binance-perpetual||OP-USDT||KAITO-USDT||2025||isoweek11_2-0000,2,KAITO-USDT,LIMIT,SELL,0.00156248,OPEN,1741662511.0,1.3706,5.7,7.81242,-1
binance_perpetual-2025-11-2-0000-2025.sqlite,binance-perpetual||OP-USDT||KAITO-USDT||2025||isoweek11_2-0000,2,KAITO-USDT,LIMIT,SELL,0.00156225,OPEN,1741662511.0,1.3704,5.7,7.81128,-1
binance_perpetual-2025-11-2-0000-2025.sqlite,binance-perpetual||OP-USDT||KAITO-USDT||2025||isoweek11_2-0000,2,KAITO-USDT,LIMIT,SELL,0.00156191,OPEN,1741662500.0,1.3701,5.7,7.80957,-1
binance_perpetual-2025-11-2-0000-2025.sqlite,binance-perpetual||OP-USDT||KAITO-USDT||2025||isoweek11_2-0000,2,KAITO-USDT,LIMIT,SELL,0.00156134,OPEN,1741662489.0,1.3696,5.7,7.80672,-1
binance_perpetual-2025-11-2-0000-2025.sqlite,binance-perpetual||OP-USDT||KAITO-USDT||2025||isoweek11_2-0000,2,KAITO-USDT,LIMIT,SELL,0.001561,OPEN,1741662477.0,1.3693,5.7,7.80501,-1
binance_perpetual-2025-11-2-0000-2025.sqlite,binance-perpetual||OP-USDT||KAITO-USDT||2025||isoweek11_2-0000,2,KAITO-USDT,LIMIT,SELL,0.0015878,OPEN,1741662471.0,1.3688,5.8,7.93904,-1
binance_perpetual-2025-11-2-0000-2025.sqlite,binance-perpetual||OP-USDT||KAITO-USDT||2025||isoweek11_2-0000,2,KAITO-USDT,LIMIT,SELL,0.00158827,OPEN,1741662466.0,1.3692,5.8,7.94136,-1
binance_perpetual-2025-11-2-0000-2025.sqlite,binance-perpetual||OP-USDT||KAITO-USDT||2025||isoweek11_2-0000,2,KAITO-USDT,LIMIT,SELL,0.00158815,OPEN,1741662458.0,1.3691,5.8,7.94078,-1
binance_perpetual-2025-11-2-0000-2025.sqlite,binance-perpetual||OP-USDT||KAITO-USDT||2025||isoweek11_2-0000,2,KAITO-USDT,LIMIT,SELL,0.00156225,OPEN,1741662445.0,1.3704,5.7,7.81128,-1
binance_perpetual-2025-11-2-0000-2025.sqlite,binance-perpetual||OP-USDT||KAITO-USDT||2025||isoweek11_2-0000,2,KAITO-USDT,LIMIT,SELL,0.00156305,OPEN,1741662440.0,1.3711,5.7,7.81527,-1
binance_perpetual-2025-11-2-0000-2025.sqlite,binance-perpetual||OP-USDT||KAITO-USDT||2025||isoweek11_2-0000,2,KAITO-USDT,LIMIT,SELL,0.00156487,OPEN,1741662427.0,1.3727,5.7,7.82439,-1
binance_perpetual-2025-11-2-0000-2025.sqlite,binance-perpetual||OP-USDT||KAITO-USDT||2025||isoweek11_2-0000,2,KAITO-USDT,LIMIT,SELL,0.00156533,OPEN,1741662421.0,1.3731,5.7,7.82667,-1
binance_perpetual-2025-11-2-0000-2025.sqlite,binance-perpetual||OP-USDT||KAITO-USDT||2025||isoweek11_2-0000,2,KAITO-USDT,LIMIT,SELL,0.00391105,OPEN,1741662407.0,1.3723,5.7,7.82211,-1
binance_perpetual-2025-11-2-0000-2025.sqlite,binance-perpetual||OP-USDT||KAITO-USDT||2025||isoweek11_2-0000,2,KAITO-USDT,LIMIT,SELL,0.00156305,OPEN,1741662402.0,1.3711,5.7,7.81527,-1
binance_perpetual-2025-11-2-0000-2025.sqlite,binance-perpetual||OP-USDT||KAITO-USDT||2025||isoweek11_2-0000,2,KAITO-USDT,LIMIT,SELL,0.00156225,OPEN,1741662397.0,1.3704,5.7,7.81128,-1
binance_perpetual-2025-11-2-0000-2025.sqlite,binance-perpetual||OP-USDT||KAITO-USDT||2025||isoweek11_2-0000,2,KAITO-USDT,LIMIT,SELL,0.00390478,OPEN,1741662392.0,1.3701,5.7,7.80957,-1
binance_perpetual-2025-11-2-0000-2025.sqlite,binance-perpetual||OP-USDT||KAITO-USDT||2025||isoweek11_2-0000,2,KAITO-USDT,LIMIT,SELL,0.00158606,OPEN,1741662388.0,1.3673,5.8,7.93034,-1
binance_perpetual-2025-11-2-0000-2025.sqlite,binance-perpetual||OP-USDT||KAITO-USDT||2025||isoweek11_2-0000,2,KAITO-USDT,LIMIT,SELL,0.00158606,OPEN,1741662388.0,1.3673,5.8,7.93034,-1
binance_perpetual-2025-11-2-0000-2025.sqlite,binance-perpetual||OP-USDT||KAITO-USDT||2025||isoweek11_2-0000,2,KAITO-USDT,LIMIT,SELL,0.00158606,OPEN,1741662379.0,1.3673,5.8,7.93034,-1
binance_perpetual-2025-11-2-0000-2025.sqlite,binance-perpetual||OP-USDT||KAITO-USDT||2025||isoweek11_2-0000,2,KAITO-USDT,LIMIT,SELL,0.00158606,OPEN,1741662369.0,1.3673,5.8,7.93034,-1
binance_perpetual-2025-11-2-0000-2025.sqlite,binance-perpetual||OP-USDT||KAITO-USDT||2025||isoweek11_2-0000,2,KAITO-USDT,LIMIT,SELL,0.00158688,OPEN,1741662351.0,1.368,5.8,7.9344,-1
binance_perpetual-2025-11-2-0000-2025.sqlite,binance-perpetual||OP-USDT||KAITO-USDT||2025||isoweek11_2-0000,2,KAITO-USDT,LIMIT,SELL,0.00158664,OPEN,1741662345.0,1.3678,5.8,7.93324,-1
binance_perpetual-2025-11-2-0000-2025.sqlite,binance-perpetual||OP-USDT||KAITO-USDT||2025||isoweek11_2-0000,2,KAITO-USDT,LIMIT,SELL,0.00158618,OPEN,1741662339.0,1.3674,5.8,7.93092,-1
binance_perpetual-2025-11-2-0000-2025.sqlite,binance-perpetual||OP-USDT||KAITO-USDT||2025||isoweek11_2-0000,2,KAITO-USDT,LIMIT,SELL,0.0015863,OPEN,1741662335.0,1.3675,5.8,7.9315,-1
binance_perpetual-2025-11-2-0000-2025.sqlite,binance-perpetual||OP-USDT||KAITO-USDT||2025||isoweek11_2-0000,2,KAITO-USDT,LIMIT,SELL,0.00158815,OPEN,1741662322.0,1.3691,5.8,7.94078,-1
binance_perpetual-2025-11-2-0000-2025.sqlite,binance-perpetual||OP-USDT||KAITO-USDT||2025||isoweek11_2-0000,2,KAITO-USDT,LIMIT,SELL,0.00158792,OPEN,1741662315.0,1.3689,5.8,7.93962,-1
binance_perpetual-2025-11-2-0000-2025.sqlite,binance-perpetual||OP-USDT||KAITO-USDT||2025||isoweek11_2-0000,2,KAITO-USDT,LIMIT,SELL,0.00158212,OPEN,1741663297.0,1.3639,5.8,7.91062,-1
binance_perpetual-2025-11-2-0000-2025.sqlite,binance-perpetual||OP-USDT||KAITO-USDT||2025||isoweek11_2-0000,2,KAITO-USDT,LIMIT,SELL,0.00158734,OPEN,1741663879.0,1.3684,5.8,7.93672,-1
binance_perpetual-2025-11-2-0000-2025.sqlite,binance-perpetual||OP-USDT||KAITO-USDT||2025||isoweek11_2-0000,2,KAITO-USDT,MARKET,BUY,0.02070853,CLOSE,1741667547.0,1.3669,30.3,41.41707,-1
binance_perpetual-2025-11-2-0000-2025.sqlite,binance-perpetual||OP-USDT||KAITO-USDT||2025||isoweek11_2-0000,2,KAITO-USDT,MARKET,BUY,0.13224757,CLOSE,1741667547.0,1.3669,193.5,264.49515,-1
binance_perpetual-2025-11-2-0240-2025.sqlite,binance-perpetual||VIRTUAL-USDT||ARC-USDT||2025||isoweek11_2-0240,1,VIRTUAL-USDT,LIMIT,BUY,0.00157598,OPEN,1741672178.0,0.5669,13.9,7.87991,1
binance_perpetual-2025-11-2-0240-2025.sqlite,binance-perpetual||VIRTUAL-USDT||ARC-USDT||2025||isoweek11_2-0240,1,VIRTUAL-USDT,MARKET,SELL,0.00394621,CLOSE,1741672539.0,0.5678,13.9,7.89242,1
binance_perpetual-2025-11-2-0240-2025.sqlite,binance-perpetual||VIRTUAL-USDT||ARC-USDT||2025||isoweek11_2-0240,1,VIRTUAL-USDT,LIMIT,BUY,0.00156492,OPEN,1741672152.0,0.567,13.8,7.8246,1
binance_perpetual-2025-11-2-0240-2025.sqlite,binance-perpetual||VIRTUAL-USDT||ARC-USDT||2025||isoweek11_2-0240,1,VIRTUAL-USDT,MARKET,SELL,0.00392541,CLOSE,1741672864.0,0.5689,13.8,7.85082,1
binance_perpetual-2025-11-2-0240-2025.sqlite,binance-perpetual||VIRTUAL-USDT||ARC-USDT||2025||isoweek11_2-0240,1,VIRTUAL-USDT,LIMIT,BUY,0.00156768,OPEN,1741672890.0,0.568,13.8,7.8384,1
binance_perpetual-2025-11-2-0240-2025.sqlite,binance-perpetual||VIRTUAL-USDT||ARC-USDT||2025||isoweek11_2-0240,1,VIRTUAL-USDT,MARKET,SELL,0.0039261,CLOSE,1741672936.0,0.569,13.8,7.8522,1
binance_perpetual-2025-11-2-0240-2025.sqlite,binance-perpetual||VIRTUAL-USDT||ARC-USDT||2025||isoweek11_2-0240,1,VIRTUAL-USDT,LIMIT,BUY,0.0015757,OPEN,1741672201.0,0.5668,13.9,7.87852,1
binance_perpetual-2025-11-2-0240-2025.sqlite,binance-perpetual||VIRTUAL-USDT||ARC-USDT||2025||isoweek11_2-0240,1,VIRTUAL-USDT,MARKET,SELL,0.00396775,CLOSE,1741672974.0,0.5709,13.9,7.93551,1
binance_perpetual-2025-11-2-0240-2025.sqlite,binance-perpetual||VIRTUAL-USDT||ARC-USDT||2025||isoweek11_2-0240,1,VIRTUAL-USDT,LIMIT,BUY,0.0015544,OPEN,1741672162.0,0.5673,13.7,7.77201,1
binance_perpetual-2025-11-2-0240-2025.sqlite,binance-perpetual||VIRTUAL-USDT||ARC-USDT||2025||isoweek11_2-0240,1,VIRTUAL-USDT,LIMIT,BUY,1.134e-05,OPEN,1741672163.0,0.5673,0.1,0.05673,1
binance_perpetual-2025-11-2-0240-2025.sqlite,binance-perpetual||VIRTUAL-USDT||ARC-USDT||2025||isoweek11_2-0240,1,VIRTUAL-USDT,MARKET,SELL,0.00393438,CLOSE,1741672982.0,0.5702,13.8,7.86876,1
binance_perpetual-2025-11-2-0240-2025.sqlite,binance-perpetual||VIRTUAL-USDT||ARC-USDT||2025||isoweek11_2-0240,1,VIRTUAL-USDT,LIMIT,BUY,0.00156768,OPEN,1741673079.0,0.568,13.8,7.8384,1
binance_perpetual-2025-11-2-0240-2025.sqlite,binance-perpetual||VIRTUAL-USDT||ARC-USDT||2025||isoweek11_2-0240,1,VIRTUAL-USDT,MARKET,SELL,0.00392471,CLOSE,1741673188.0,0.5688,13.8,7.84944,1
binance_perpetual-2025-11-2-0240-2025.sqlite,binance-perpetual||VIRTUAL-USDT||ARC-USDT||2025||isoweek11_2-0240,1,VIRTUAL-USDT,LIMIT,BUY,0.00157431,OPEN,1741672211.0,0.5663,13.9,7.87157,1
binance_perpetual-2025-11-2-0240-2025.sqlite,binance-perpetual||VIRTUAL-USDT||ARC-USDT||2025||isoweek11_2-0240,1,VIRTUAL-USDT,MARKET,SELL,0.00398026,CLOSE,1741673284.0,0.5727,13.9,7.96053,1
binance_perpetual-2025-11-2-0240-2025.sqlite,binance-perpetual||VIRTUAL-USDT||ARC-USDT||2025||isoweek11_2-0240,1,VIRTUAL-USDT,LIMIT,BUY,0.00157264,OPEN,1741672987.0,0.5698,13.8,7.86324,1
binance_perpetual-2025-11-2-0240-2025.sqlite,binance-perpetual||VIRTUAL-USDT||ARC-USDT||2025||isoweek11_2-0240,1,VIRTUAL-USDT,MARKET,SELL,0.00394128,CLOSE,1741673325.0,0.5712,13.8,7.88256,1
binance_perpetual-2025-11-2-0240-2025.sqlite,binance-perpetual||VIRTUAL-USDT||ARC-USDT||2025||isoweek11_2-0240,1,VIRTUAL-USDT,LIMIT,BUY,0.00156481,OPEN,1741673330.0,0.5711,13.7,7.82407,1
binance_perpetual-2025-11-2-0240-2025.sqlite,binance-perpetual||VIRTUAL-USDT||ARC-USDT||2025||isoweek11_2-0240,1,VIRTUAL-USDT,MARKET,SELL,0.00391957,CLOSE,1741673353.0,0.5722,13.7,7.83914,1
binance_perpetual-2025-11-2-0240-2025.sqlite,binance-perpetual||VIRTUAL-USDT||ARC-USDT||2025||isoweek11_2-0240,1,VIRTUAL-USDT,LIMIT,BUY,0.00157568,OPEN,1741673520.0,0.5709,13.8,7.87842,1
binance_perpetual-2025-11-2-0240-2025.sqlite,binance-perpetual||VIRTUAL-USDT||ARC-USDT||2025||isoweek11_2-0240,1,VIRTUAL-USDT,MARKET,SELL,0.00394887,CLOSE,1741673657.0,0.5723,13.8,7.89774,1
binance_perpetual-2025-11-2-0240-2025.sqlite,binance-perpetual||VIRTUAL-USDT||ARC-USDT||2025||isoweek11_2-0240,1,VIRTUAL-USDT,LIMIT,BUY,0.00156481,OPEN,1741673705.0,0.5711,13.7,7.82407,1
binance_perpetual-2025-11-2-0240-2025.sqlite,binance-perpetual||VIRTUAL-USDT||ARC-USDT||2025||isoweek11_2-0240,1,VIRTUAL-USDT,MARKET,SELL,0.0039182,CLOSE,1741673712.0,0.572,13.7,7.8364,1
binance_perpetual-2025-11-2-0240-2025.sqlite,binance-perpetual||VIRTUAL-USDT||ARC-USDT||2025||isoweek11_2-0240,1,VIRTUAL-USDT,LIMIT,BUY,0.00156481,OPEN,1741673757.0,0.5711,13.7,7.82407,1
binance_perpetual-2025-11-2-0240-2025.sqlite,binance-perpetual||VIRTUAL-USDT||ARC-USDT||2025||isoweek11_2-0240,1,VIRTUAL-USDT,MARKET,SELL,0.00391957,CLOSE,1741673770.0,0.5722,13.7,7.83914,1
binance_perpetual-2025-11-2-0240-2025.sqlite,binance-perpetual||VIRTUAL-USDT||ARC-USDT||2025||isoweek11_2-0240,1,VIRTUAL-USDT,LIMIT,BUY,0.00156795,OPEN,1741673020.0,0.5681,13.8,7.83978,1
binance_perpetual-2025-11-2-0240-2025.sqlite,binance-perpetual||VIRTUAL-USDT||ARC-USDT||2025||isoweek11_2-0240,1,VIRTUAL-USDT,MARKET,SELL,0.00393369,CLOSE,1741673817.0,0.5701,13.8,7.86738,1
binance_perpetual-2025-11-2-0240-2025.sqlite,binance-perpetual||VIRTUAL-USDT||ARC-USDT||2025||isoweek11_2-0240,1,VIRTUAL-USDT,LIMIT,BUY,0.00157292,OPEN,1741673820.0,0.5699,13.8,7.86462,1
binance_perpetual-2025-11-2-0240-2025.sqlite,binance-perpetual||VIRTUAL-USDT||ARC-USDT||2025||isoweek11_2-0240,1,VIRTUAL-USDT,MARKET,SELL,0.00394059,CLOSE,1741673850.0,0.5711,13.8,7.88118,1
binance_perpetual-2025-11-2-0240-2025.sqlite,binance-perpetual||VIRTUAL-USDT||ARC-USDT||2025||isoweek11_2-0240,1,VIRTUAL-USDT,LIMIT,BUY,0.00157292,OPEN,1741673959.0,0.5699,13.8,7.86462,1
binance_perpetual-2025-11-2-0240-2025.sqlite,binance-perpetual||VIRTUAL-USDT||ARC-USDT||2025||isoweek11_2-0240,1,VIRTUAL-USDT,MARKET,SELL,0.00394197,CLOSE,1741674015.0,0.5713,13.8,7.88394,1
binance_perpetual-2025-11-2-0240-2025.sqlite,binance-perpetual||VIRTUAL-USDT||ARC-USDT||2025||isoweek11_2-0240,1,VIRTUAL-USDT,LIMIT,BUY,0.00391066,OPEN,1741673804.0,0.5709,13.7,7.82133,1
binance_perpetual-2025-11-2-0240-2025.sqlite,binance-perpetual||VIRTUAL-USDT||ARC-USDT||2025||isoweek11_2-0240,1,VIRTUAL-USDT,MARKET,SELL,0.00391957,CLOSE,1741674041.0,0.5722,13.7,7.83914,1
binance_perpetual-2025-11-2-0240-2025.sqlite,binance-perpetual||VIRTUAL-USDT||ARC-USDT||2025||isoweek11_2-0240,1,VIRTUAL-USDT,LIMIT,BUY,0.00157514,OPEN,1741674303.0,0.5666,13.9,7.87574,1
binance_perpetual-2025-11-2-0240-2025.sqlite,binance-perpetual||VIRTUAL-USDT||ARC-USDT||2025||isoweek11_2-0240,1,VIRTUAL-USDT,MARKET,SELL,0.00394621,CLOSE,1741674318.0,0.5678,13.9,7.89242,1
binance_perpetual-2025-11-2-0240-2025.sqlite,binance-perpetual||VIRTUAL-USDT||ARC-USDT||2025||isoweek11_2-0240,1,VIRTUAL-USDT,LIMIT,BUY,0.00391023,OPEN,1741674341.0,0.5667,13.8,7.82046,1
binance_perpetual-2025-11-2-0240-2025.sqlite,binance-perpetual||VIRTUAL-USDT||ARC-USDT||2025||isoweek11_2-0240,1,VIRTUAL-USDT,MARKET,SELL,0.00391782,CLOSE,1741674439.0,0.5678,13.8,7.83564,1
binance_perpetual-2025-11-2-0240-2025.sqlite,binance-perpetual||VIRTUAL-USDT||ARC-USDT||2025||isoweek11_2-0240,1,VIRTUAL-USDT,LIMIT,BUY,0.00157292,OPEN,1741674723.0,0.5658,13.9,7.86462,1
binance_perpetual-2025-11-2-0240-2025.sqlite,binance-perpetual||VIRTUAL-USDT||ARC-USDT||2025||isoweek11_2-0240,1,VIRTUAL-USDT,MARKET,SELL,0.00393995,CLOSE,1741674772.0,0.5669,13.9,7.87991,1
binance_perpetual-2025-11-2-0240-2025.sqlite,binance-perpetual||VIRTUAL-USDT||ARC-USDT||2025||isoweek11_2-0240,1,VIRTUAL-USDT,LIMIT,BUY,0.00148239,OPEN,1741674815.0,0.5658,13.1,7.41198,1
binance_perpetual-2025-11-2-0240-2025.sqlite,binance-perpetual||VIRTUAL-USDT||ARC-USDT||2025||isoweek11_2-0240,1,VIRTUAL-USDT,LIMIT,BUY,9.052e-05,OPEN,1741674815.0,0.5658,0.8,0.45264,1
binance_perpetual-2025-11-2-0240-2025.sqlite,binance-perpetual||VIRTUAL-USDT||ARC-USDT||2025||isoweek11_2-0240,1,VIRTUAL-USDT,LIMIT,BUY,0.00157598,OPEN,1741674692.0,0.5669,13.9,7.87991,1
binance_perpetual-2025-11-2-0240-2025.sqlite,binance-perpetual||VIRTUAL-USDT||ARC-USDT||2025||isoweek11_2-0240,1,VIRTUAL-USDT,LIMIT,BUY,0.00156768,OPEN,1741674154.0,0.568,13.8,7.8384,1
binance_perpetual-2025-11-2-0240-2025.sqlite,binance-perpetual||VIRTUAL-USDT||ARC-USDT||2025||isoweek11_2-0240,1,VIRTUAL-USDT,LIMIT,BUY,0.0015674,OPEN,1741674182.0,0.5679,13.8,7.83702,1
binance_perpetual-2025-11-2-0240-2025.sqlite,binance-perpetual||VIRTUAL-USDT||ARC-USDT||2025||isoweek11_2-0240,1,VIRTUAL-USDT,LIMIT,BUY,0.00157264,OPEN,1741674121.0,0.5698,13.8,7.86324,1
binance_perpetual-2025-11-2-0240-2025.sqlite,binance-perpetual||VIRTUAL-USDT||ARC-USDT||2025||isoweek11_2-0240,1,VIRTUAL-USDT,LIMIT,BUY,0.00156481,OPEN,1741674067.0,0.5711,13.7,7.82407,1
binance_perpetual-2025-11-2-0240-2025.sqlite,binance-perpetual||VIRTUAL-USDT||ARC-USDT||2025||isoweek11_2-0240,1,VIRTUAL-USDT,LIMIT,BUY,0.00157348,OPEN,1741672236.0,0.566,13.9,7.8674,1
binance_perpetual-2025-11-2-0240-2025.sqlite,binance-perpetual||VIRTUAL-USDT||ARC-USDT||2025||isoweek11_2-0240,1,VIRTUAL-USDT,LIMIT,BUY,0.00156464,OPEN,1741672318.0,0.5669,13.8,7.82322,1
binance_perpetual-2025-11-2-0240-2025.sqlite,binance-perpetual||VIRTUAL-USDT||ARC-USDT||2025||isoweek11_2-0240,1,VIRTUAL-USDT,LIMIT,BUY,0.00157375,OPEN,1741672269.0,0.5661,13.9,7.86879,1
binance_perpetual-2025-11-2-0240-2025.sqlite,binance-perpetual||VIRTUAL-USDT||ARC-USDT||2025||isoweek11_2-0240,1,VIRTUAL-USDT,LIMIT,BUY,0.00156519,OPEN,1741672341.0,0.5671,13.8,7.82598,1
binance_perpetual-2025-11-2-0240-2025.sqlite,binance-perpetual||VIRTUAL-USDT||ARC-USDT||2025||isoweek11_2-0240,1,VIRTUAL-USDT,LIMIT,BUY,0.00156492,OPEN,1741672381.0,0.567,13.8,7.8246,1
binance_perpetual-2025-11-2-0240-2025.sqlite,binance-perpetual||VIRTUAL-USDT||ARC-USDT||2025||isoweek11_2-0240,1,VIRTUAL-USDT,LIMIT,BUY,0.00157459,OPEN,1741672391.0,0.5664,13.9,7.87296,1
binance_perpetual-2025-11-2-0240-2025.sqlite,binance-perpetual||VIRTUAL-USDT||ARC-USDT||2025||isoweek11_2-0240,1,VIRTUAL-USDT,LIMIT,BUY,0.00157403,OPEN,1741672406.0,0.5662,13.9,7.87018,1
binance_perpetual-2025-11-2-0240-2025.sqlite,binance-perpetual||VIRTUAL-USDT||ARC-USDT||2025||isoweek11_2-0240,1,VIRTUAL-USDT,LIMIT,BUY,0.00157431,OPEN,1741672441.0,0.5663,13.9,7.87157,1
binance_perpetual-2025-11-2-0240-2025.sqlite,binance-perpetual||VIRTUAL-USDT||ARC-USDT||2025||isoweek11_2-0240,1,VIRTUAL-USDT,LIMIT,BUY,0.00156574,OPEN,1741672517.0,0.5673,13.8,7.82874,1
binance_perpetual-2025-11-2-0240-2025.sqlite,binance-perpetual||VIRTUAL-USDT||ARC-USDT||2025||isoweek11_2-0240,1,VIRTUAL-USDT,LIMIT,BUY,0.0015674,OPEN,1741672554.0,0.5679,13.8,7.83702,1
binance_perpetual-2025-11-2-0240-2025.sqlite,binance-perpetual||VIRTUAL-USDT||ARC-USDT||2025||isoweek11_2-0240,1,VIRTUAL-USDT,LIMIT,BUY,0.00156712,OPEN,1741672591.0,0.5678,13.8,7.83564,1
binance_perpetual-2025-11-2-0240-2025.sqlite,binance-perpetual||VIRTUAL-USDT||ARC-USDT||2025||isoweek11_2-0240,1,VIRTUAL-USDT,LIMIT,BUY,0.00156795,OPEN,1741672613.0,0.5681,13.8,7.83978,1
binance_perpetual-2025-11-2-0240-2025.sqlite,binance-perpetual||VIRTUAL-USDT||ARC-USDT||2025||isoweek11_2-0240,1,VIRTUAL-USDT,LIMIT,BUY,0.00156657,OPEN,1741672639.0,0.5676,13.8,7.83288,1
binance_perpetual-2025-11-2-0240-2025.sqlite,binance-perpetual||VIRTUAL-USDT||ARC-USDT||2025||isoweek11_2-0240,1,VIRTUAL-USDT,LIMIT,BUY,0.00156492,OPEN,1741672652.0,0.567,13.8,7.8246,1
binance_perpetual-2025-11-2-0240-2025.sqlite,binance-perpetual||VIRTUAL-USDT||ARC-USDT||2025||isoweek11_2-0240,1,VIRTUAL-USDT,LIMIT,BUY,0.00156657,OPEN,1741672680.0,0.5676,13.8,7.83288,1
binance_perpetual-2025-11-2-0240-2025.sqlite,binance-perpetual||VIRTUAL-USDT||ARC-USDT||2025||isoweek11_2-0240,1,VIRTUAL-USDT,LIMIT,BUY,0.0015663,OPEN,1741672714.0,0.5675,13.8,7.8315,1
binance_perpetual-2025-11-2-0240-2025.sqlite,binance-perpetual||VIRTUAL-USDT||ARC-USDT||2025||isoweek11_2-0240,1,VIRTUAL-USDT,LIMIT,BUY,0.00156519,OPEN,1741672721.0,0.5671,13.8,7.82598,1
binance_perpetual-2025-11-2-0240-2025.sqlite,binance-perpetual||VIRTUAL-USDT||ARC-USDT||2025||isoweek11_2-0240,1,VIRTUAL-USDT,LIMIT,BUY,0.00156492,OPEN,1741672752.0,0.567,13.8,7.8246,1
binance_perpetual-2025-11-2-0240-2025.sqlite,binance-perpetual||VIRTUAL-USDT||ARC-USDT||2025||isoweek11_2-0240,1,VIRTUAL-USDT,LIMIT,BUY,0.00156464,OPEN,1741672754.0,0.5669,13.8,7.82322,1
binance_perpetual-2025-11-2-0240-2025.sqlite,binance-perpetual||VIRTUAL-USDT||ARC-USDT||2025||isoweek11_2-0240,1,VIRTUAL-USDT,LIMIT,BUY,0.00156685,OPEN,1741672778.0,0.5677,13.8,7.83426,1
binance_perpetual-2025-11-2-0240-2025.sqlite,binance-perpetual||VIRTUAL-USDT||ARC-USDT||2025||isoweek11_2-0240,1,VIRTUAL-USDT,LIMIT,BUY,0.00156685,OPEN,1741672796.0,0.5677,13.8,7.83426,1
binance_perpetual-2025-11-2-0240-2025.sqlite,binance-perpetual||VIRTUAL-USDT||ARC-USDT||2025||isoweek11_2-0240,1,VIRTUAL-USDT,LIMIT,BUY,0.00156464,OPEN,1741672800.0,0.5669,13.8,7.82322,1
binance_perpetual-2025-11-2-0240-2025.sqlite,binance-perpetual||VIRTUAL-USDT||ARC-USDT||2025||isoweek11_2-0240,1,VIRTUAL-USDT,LIMIT,BUY,0.00156878,OPEN,1741672824.0,0.5684,13.8,7.84392,1
binance_perpetual-2025-11-2-0240-2025.sqlite,binance-perpetual||VIRTUAL-USDT||ARC-USDT||2025||isoweek11_2-0240,1,VIRTUAL-USDT,LIMIT,BUY,0.00156768,OPEN,1741672831.0,0.568,13.8,7.8384,1
binance_perpetual-2025-11-2-0240-2025.sqlite,binance-perpetual||VIRTUAL-USDT||ARC-USDT||2025||isoweek11_2-0240,1,VIRTUAL-USDT,LIMIT,BUY,0.00156988,OPEN,1741672869.0,0.5688,13.8,7.84944,1
binance_perpetual-2025-11-2-0240-2025.sqlite,binance-perpetual||VIRTUAL-USDT||ARC-USDT||2025||isoweek11_2-0240,1,VIRTUAL-USDT,LIMIT,BUY,0.00134166,OPEN,1741672877.0,0.5685,11.8,6.7083,1
binance_perpetual-2025-11-2-0240-2025.sqlite,binance-perpetual||VIRTUAL-USDT||ARC-USDT||2025||isoweek11_2-0240,1,VIRTUAL-USDT,LIMIT,BUY,0.0002274,OPEN,1741672878.0,0.5685,2.0,1.137,1
binance_perpetual-2025-11-2-0240-2025.sqlite,binance-perpetual||VIRTUAL-USDT||ARC-USDT||2025||isoweek11_2-0240,1,VIRTUAL-USDT,LIMIT,BUY,0.00156961,OPEN,1741672947.0,0.5687,13.8,7.84806,1
binance_perpetual-2025-11-2-0240-2025.sqlite,binance-perpetual||VIRTUAL-USDT||ARC-USDT||2025||isoweek11_2-0240,1,VIRTUAL-USDT,LIMIT,BUY,0.00156795,OPEN,1741672953.0,0.5681,13.8,7.83978,1
binance_perpetual-2025-11-2-0240-2025.sqlite,binance-perpetual||VIRTUAL-USDT||ARC-USDT||2025||isoweek11_2-0240,1,VIRTUAL-USDT,LIMIT,BUY,0.00156988,OPEN,1741672962.0,0.5688,13.8,7.84944,1
binance_perpetual-2025-11-2-0240-2025.sqlite,binance-perpetual||VIRTUAL-USDT||ARC-USDT||2025||isoweek11_2-0240,1,VIRTUAL-USDT,LIMIT,BUY,0.0015754,OPEN,1741672975.0,0.5708,13.8,7.87704,1
binance_perpetual-2025-11-2-0240-2025.sqlite,binance-perpetual||VIRTUAL-USDT||ARC-USDT||2025||isoweek11_2-0240,1,VIRTUAL-USDT,LIMIT,BUY,0.00157402,OPEN,1741672981.0,0.5703,13.8,7.87014,1
binance_perpetual-2025-11-2-0240-2025.sqlite,binance-perpetual||VIRTUAL-USDT||ARC-USDT||2025||isoweek11_2-0240,1,VIRTUAL-USDT,LIMIT,BUY,0.00157375,OPEN,1741672999.0,0.5702,13.8,7.86876,1
binance_perpetual-2025-11-2-0240-2025.sqlite,binance-perpetual||VIRTUAL-USDT||ARC-USDT||2025||isoweek11_2-0240,1,VIRTUAL-USDT,LIMIT,BUY,0.00157071,OPEN,1741673008.0,0.5691,13.8,7.85358,1
binance_perpetual-2025-11-2-0240-2025.sqlite,binance-perpetual||VIRTUAL-USDT||ARC-USDT||2025||isoweek11_2-0240,1,VIRTUAL-USDT,LIMIT,BUY,0.0015685,OPEN,1741673029.0,0.5683,13.8,7.84254,1
binance_perpetual-2025-11-2-0240-2025.sqlite,binance-perpetual||VIRTUAL-USDT||ARC-USDT||2025||isoweek11_2-0240,1,VIRTUAL-USDT,LIMIT,BUY,0.0015685,OPEN,1741673040.0,0.5683,13.8,7.84254,1
binance_perpetual-2025-11-2-0240-2025.sqlite,binance-perpetual||VIRTUAL-USDT||ARC-USDT||2025||isoweek11_2-0240,1,VIRTUAL-USDT,LIMIT,BUY,0.00156933,OPEN,1741673071.0,0.5686,13.8,7.84668,1
binance_perpetual-2025-11-2-0240-2025.sqlite,binance-perpetual||VIRTUAL-USDT||ARC-USDT||2025||isoweek11_2-0240,1,VIRTUAL-USDT,LIMIT,BUY,0.00156906,OPEN,1741673073.0,0.5685,13.8,7.8453,1
binance_perpetual-2025-11-2-0240-2025.sqlite,binance-perpetual||VIRTUAL-USDT||ARC-USDT||2025||isoweek11_2-0240,1,VIRTUAL-USDT,LIMIT,BUY,0.0015674,OPEN,1741673083.0,0.5679,13.8,7.83702,1
binance_perpetual-2025-11-2-0240-2025.sqlite,binance-perpetual||VIRTUAL-USDT||ARC-USDT||2025||isoweek11_2-0240,1,VIRTUAL-USDT,LIMIT,BUY,0.00156878,OPEN,1741673134.0,0.5684,13.8,7.84392,1
binance_perpetual-2025-11-2-0240-2025.sqlite,binance-perpetual||VIRTUAL-USDT||ARC-USDT||2025||isoweek11_2-0240,1,VIRTUAL-USDT,LIMIT,BUY,0.00157209,OPEN,1741673219.0,0.5696,13.8,7.86048,1
binance_perpetual-2025-11-2-0240-2025.sqlite,binance-perpetual||VIRTUAL-USDT||ARC-USDT||2025||isoweek11_2-0240,1,VIRTUAL-USDT,LIMIT,BUY,0.00157209,OPEN,1741673218.0,0.5696,13.8,7.86048,1
binance_perpetual-2025-11-2-0240-2025.sqlite,binance-perpetual||VIRTUAL-USDT||ARC-USDT||2025||isoweek11_2-0240,1,VIRTUAL-USDT,LIMIT,BUY,0.00157182,OPEN,1741673233.0,0.5695,13.8,7.8591,1
binance_perpetual-2025-11-2-0240-2025.sqlite,binance-perpetual||VIRTUAL-USDT||ARC-USDT||2025||isoweek11_2-0240,1,VIRTUAL-USDT,LIMIT,BUY,0.00156645,OPEN,1741673278.0,0.5717,13.7,7.83229,1
binance_perpetual-2025-11-2-0240-2025.sqlite,binance-perpetual||VIRTUAL-USDT||ARC-USDT||2025||isoweek11_2-0240,1,VIRTUAL-USDT,LIMIT,BUY,0.00156645,OPEN,1741673268.0,0.5717,13.7,7.83229,1
binance_perpetual-2025-11-2-0240-2025.sqlite,binance-perpetual||VIRTUAL-USDT||ARC-USDT||2025||isoweek11_2-0240,1,VIRTUAL-USDT,LIMIT,BUY,0.00156865,OPEN,1741673288.0,0.5725,13.7,7.84325,1
binance_perpetual-2025-11-2-0240-2025.sqlite,binance-perpetual||VIRTUAL-USDT||ARC-USDT||2025||isoweek11_2-0240,1,VIRTUAL-USDT,LIMIT,BUY,0.00156865,OPEN,1741673306.0,0.5725,13.7,7.84325,1
binance_perpetual-2025-11-2-0240-2025.sqlite,binance-perpetual||VIRTUAL-USDT||ARC-USDT||2025||isoweek11_2-0240,1,VIRTUAL-USDT,LIMIT,BUY,0.00156837,OPEN,1741673315.0,0.5724,13.7,7.84188,1
binance_perpetual-2025-11-2-0240-2025.sqlite,binance-perpetual||VIRTUAL-USDT||ARC-USDT||2025||isoweek11_2-0240,1,VIRTUAL-USDT,LIMIT,BUY,0.00156508,OPEN,1741673327.0,0.5712,13.7,7.82544,1
binance_perpetual-2025-11-2-0240-2025.sqlite,binance-perpetual||VIRTUAL-USDT||ARC-USDT||2025||isoweek11_2-0240,1,VIRTUAL-USDT,LIMIT,BUY,0.00156782,OPEN,1741673360.0,0.5722,13.7,7.83914,1
binance_perpetual-2025-11-2-0240-2025.sqlite,binance-perpetual||VIRTUAL-USDT||ARC-USDT||2025||isoweek11_2-0240,1,VIRTUAL-USDT,LIMIT,BUY,0.00156728,OPEN,1741673367.0,0.572,13.7,7.8364,1
binance_perpetual-2025-11-2-0240-2025.sqlite,binance-perpetual||VIRTUAL-USDT||ARC-USDT||2025||isoweek11_2-0240,1,VIRTUAL-USDT,LIMIT,BUY,0.00156865,OPEN,1741673393.0,0.5725,13.7,7.84325,1
binance_perpetual-2025-11-2-0240-2025.sqlite,binance-perpetual||VIRTUAL-USDT||ARC-USDT||2025||isoweek11_2-0240,1,VIRTUAL-USDT,LIMIT,BUY,0.001567,OPEN,1741673398.0,0.5719,13.7,7.83503,1
binance_perpetual-2025-11-2-0240-2025.sqlite,binance-perpetual||VIRTUAL-USDT||ARC-USDT||2025||isoweek11_2-0240,1,VIRTUAL-USDT,LIMIT,BUY,0.00156919,OPEN,1741673423.0,0.5727,13.7,7.84599,1
binance_perpetual-2025-11-2-0240-2025.sqlite,binance-perpetual||VIRTUAL-USDT||ARC-USDT||2025||isoweek11_2-0240,1,VIRTUAL-USDT,LIMIT,BUY,0.00156892,OPEN,1741673431.0,0.5726,13.7,7.84462,1
binance_perpetual-2025-11-2-0240-2025.sqlite,binance-perpetual||VIRTUAL-USDT||ARC-USDT||2025||isoweek11_2-0240,1,VIRTUAL-USDT,LIMIT,BUY,0.0015681,OPEN,1741673436.0,0.5723,13.7,7.84051,1
binance_perpetual-2025-11-2-0240-2025.sqlite,binance-perpetual||VIRTUAL-USDT||ARC-USDT||2025||isoweek11_2-0240,1,VIRTUAL-USDT,LIMIT,BUY,0.0015681,OPEN,1741673451.0,0.5723,13.7,7.84051,1
binance_perpetual-2025-11-2-0240-2025.sqlite,binance-perpetual||VIRTUAL-USDT||ARC-USDT||2025||isoweek11_2-0240,1,VIRTUAL-USDT,LIMIT,BUY,0.0015681,OPEN,1741673506.0,0.5723,13.7,7.84051,1
binance_perpetual-2025-11-2-0240-2025.sqlite,binance-perpetual||VIRTUAL-USDT||ARC-USDT||2025||isoweek11_2-0240,1,VIRTUAL-USDT,MARKET,SELL,0.09111379,CLOSE,1741674911.0,0.5661,321.9,182.22759,1
binance_perpetual-2025-11-2-0240-2025.sqlite,binance-perpetual||VIRTUAL-USDT||ARC-USDT||2025||isoweek11_2-0240,1,VIRTUAL-USDT,MARKET,SELL,0.00826506,CLOSE,1741674911.0,0.5661,29.2,16.53012,1
binance_perpetual-2025-11-2-0240-2025.sqlite,binance-perpetual||VIRTUAL-USDT||ARC-USDT||2025||isoweek11_2-0240,1,VIRTUAL-USDT,MARKET,SELL,0.02499331,CLOSE,1741674911.0,0.5661,88.3,49.98663,1
binance_perpetual-2025-11-2-0240-2025.sqlite,binance-perpetual||VIRTUAL-USDT||ARC-USDT||2025||isoweek11_2-0240,1,VIRTUAL-USDT,MARKET,SELL,0.00311355,CLOSE,1741674911.0,0.5661,11.0,6.2271,1
binance_perpetual-2025-11-2-0240-2025.sqlite,binance-perpetual||VIRTUAL-USDT||ARC-USDT||2025||isoweek11_2-0240,1,VIRTUAL-USDT,MARKET,SELL,0.0118011,CLOSE,1741674911.0,0.566,41.7,23.6022,1
binance_perpetual-2025-11-2-0240-2025.sqlite,binance-perpetual||VIRTUAL-USDT||ARC-USDT||2025||isoweek11_2-0240,1,VIRTUAL-USDT,MARKET,SELL,0.011886,CLOSE,1741674911.0,0.566,42.0,23.772,1
binance_perpetual-2025-11-2-0240-2025.sqlite,binance-perpetual||VIRTUAL-USDT||ARC-USDT||2025||isoweek11_2-0240,1,VIRTUAL-USDT,MARKET,SELL,0.012452,CLOSE,1741674911.0,0.566,44.0,24.904,1
binance_perpetual-2025-11-2-0240-2025.sqlite,binance-perpetual||VIRTUAL-USDT||ARC-USDT||2025||isoweek11_2-0240,1,VIRTUAL-USDT,MARKET,SELL,0.0030281,CLOSE,1741674911.0,0.566,10.7,6.0562,1
binance_perpetual-2025-11-2-0240-2025.sqlite,binance-perpetual||VIRTUAL-USDT||ARC-USDT||2025||isoweek11_2-0240,1,VIRTUAL-USDT,MARKET,SELL,0.0082636,CLOSE,1741674911.0,0.566,29.2,16.5272,1
binance_perpetual-2025-11-2-0240-2025.sqlite,binance-perpetual||VIRTUAL-USDT||ARC-USDT||2025||isoweek11_2-0240,1,VIRTUAL-USDT,MARKET,SELL,0.0035092,CLOSE,1741674911.0,0.566,12.4,7.0184,1
binance_perpetual-2025-11-2-0240-2025.sqlite,binance-perpetual||VIRTUAL-USDT||ARC-USDT||2025||isoweek11_2-0240,1,VIRTUAL-USDT,MARKET,SELL,0.0673823,CLOSE,1741674911.0,0.566,238.1,134.7646,1
binance_perpetual-2025-11-2-0240-2025.sqlite,binance-perpetual||VIRTUAL-USDT||ARC-USDT||2025||isoweek11_2-0240,2,ARC-USDT,LIMIT,SELL,0.00157348,OPEN,1741672597.0,0.08028,98.0,7.86744,-1
binance_perpetual-2025-11-2-0240-2025.sqlite,binance-perpetual||VIRTUAL-USDT||ARC-USDT||2025||isoweek11_2-0240,2,ARC-USDT,MARKET,BUY,0.00384144,CLOSE,1741672652.0,0.08003,96.0,7.68288,-1
binance_perpetual-2025-11-2-0240-2025.sqlite,binance-perpetual||VIRTUAL-USDT||ARC-USDT||2025||isoweek11_2-0240,2,ARC-USDT,MARKET,BUY,8.003e-05,CLOSE,1741672652.0,0.08003,2.0,0.16006,-1
binance_perpetual-2025-11-2-0240-2025.sqlite,binance-perpetual||VIRTUAL-USDT||ARC-USDT||2025||isoweek11_2-0240,2,ARC-USDT,LIMIT,SELL,0.00156898,OPEN,1741672209.0,0.08005,98.0,7.8449,-1
binance_perpetual-2025-11-2-0240-2025.sqlite,binance-perpetual||VIRTUAL-USDT||ARC-USDT||2025||isoweek11_2-0240,2,ARC-USDT,MARKET,BUY,0.00391068,CLOSE,1741672744.0,0.07981,98.0,7.82138,-1
binance_perpetual-2025-11-2-0240-2025.sqlite,binance-perpetual||VIRTUAL-USDT||ARC-USDT||2025||isoweek11_2-0240,2,ARC-USDT,LIMIT,SELL,0.00158281,OPEN,1741672149.0,0.07994,99.0,7.91406,-1
binance_perpetual-2025-11-2-0240-2025.sqlite,binance-perpetual||VIRTUAL-USDT||ARC-USDT||2025||isoweek11_2-0240,2,ARC-USDT,MARKET,BUY,0.00394168,CLOSE,1741672755.0,0.07963,99.0,7.88337,-1
binance_perpetual-2025-11-2-0240-2025.sqlite,binance-perpetual||VIRTUAL-USDT||ARC-USDT||2025||isoweek11_2-0240,2,ARC-USDT,LIMIT,SELL,0.0015725,OPEN,1741672844.0,0.08023,98.0,7.86254,-1
binance_perpetual-2025-11-2-0240-2025.sqlite,binance-perpetual||VIRTUAL-USDT||ARC-USDT||2025||isoweek11_2-0240,2,ARC-USDT,MARKET,BUY,0.00392049,CLOSE,1741672883.0,0.08001,98.0,7.84098,-1
binance_perpetual-2025-11-2-0240-2025.sqlite,binance-perpetual||VIRTUAL-USDT||ARC-USDT||2025||isoweek11_2-0240,2,ARC-USDT,LIMIT,SELL,0.00392686,OPEN,1741672808.0,0.08014,98.0,7.85372,-1
binance_perpetual-2025-11-2-0240-2025.sqlite,binance-perpetual||VIRTUAL-USDT||ARC-USDT||2025||isoweek11_2-0240,2,ARC-USDT,MARKET,BUY,0.00391118,CLOSE,1741673007.0,0.07982,98.0,7.82236,-1
binance_perpetual-2025-11-2-0240-2025.sqlite,binance-perpetual||VIRTUAL-USDT||ARC-USDT||2025||isoweek11_2-0240,2,ARC-USDT,LIMIT,SELL,0.0015725,OPEN,1741673252.0,0.08023,98.0,7.86254,-1
binance_perpetual-2025-11-2-0240-2025.sqlite,binance-perpetual||VIRTUAL-USDT||ARC-USDT||2025||isoweek11_2-0240,2,ARC-USDT,MARKET,BUY,0.00392098,CLOSE,1741673307.0,0.08002,98.0,7.84196,-1
binance_perpetual-2025-11-2-0240-2025.sqlite,binance-perpetual||VIRTUAL-USDT||ARC-USDT||2025||isoweek11_2-0240,2,ARC-USDT,LIMIT,SELL,0.00158034,OPEN,1741673429.0,0.08063,98.0,7.90174,-1
binance_perpetual-2025-11-2-0240-2025.sqlite,binance-perpetual||VIRTUAL-USDT||ARC-USDT||2025||isoweek11_2-0240,2,ARC-USDT,MARKET,BUY,0.00393959,CLOSE,1741673453.0,0.0804,98.0,7.8792,-1
binance_perpetual-2025-11-2-0240-2025.sqlite,binance-perpetual||VIRTUAL-USDT||ARC-USDT||2025||isoweek11_2-0240,2,ARC-USDT,LIMIT,SELL,0.00158032,OPEN,1741673755.0,0.08146,97.0,7.90162,-1
binance_perpetual-2025-11-2-0240-2025.sqlite,binance-perpetual||VIRTUAL-USDT||ARC-USDT||2025||isoweek11_2-0240,2,ARC-USDT,MARKET,BUY,0.00393916,CLOSE,1741673813.0,0.08122,97.0,7.87834,-1
binance_perpetual-2025-11-2-0240-2025.sqlite,binance-perpetual||VIRTUAL-USDT||ARC-USDT||2025||isoweek11_2-0240,2,ARC-USDT,LIMIT,SELL,0.00393965,OPEN,1741673732.0,0.08123,97.0,7.87931,-1
binance_perpetual-2025-11-2-0240-2025.sqlite,binance-perpetual||VIRTUAL-USDT||ARC-USDT||2025||isoweek11_2-0240,2,ARC-USDT,MARKET,BUY,0.00392801,CLOSE,1741673911.0,0.08099,97.0,7.85603,-1
binance_perpetual-2025-11-2-0240-2025.sqlite,binance-perpetual||VIRTUAL-USDT||ARC-USDT||2025||isoweek11_2-0240,2,ARC-USDT,LIMIT,SELL,0.00393238,OPEN,1741673716.0,0.08108,97.0,7.86476,-1
binance_perpetual-2025-11-2-0240-2025.sqlite,binance-perpetual||VIRTUAL-USDT||ARC-USDT||2025||isoweek11_2-0240,2,ARC-USDT,MARKET,BUY,0.00391783,CLOSE,1741673920.0,0.08078,97.0,7.83566,-1
binance_perpetual-2025-11-2-0240-2025.sqlite,binance-perpetual||VIRTUAL-USDT||ARC-USDT||2025||isoweek11_2-0240,2,ARC-USDT,LIMIT,SELL,0.00157702,OPEN,1741674015.0,0.08129,97.0,7.88513,-1
binance_perpetual-2025-11-2-0240-2025.sqlite,binance-perpetual||VIRTUAL-USDT||ARC-USDT||2025||isoweek11_2-0240,2,ARC-USDT,MARKET,BUY,0.00028346,CLOSE,1741674055.0,0.08099,7.0,0.56693,-1
binance_perpetual-2025-11-2-0240-2025.sqlite,binance-perpetual||VIRTUAL-USDT||ARC-USDT||2025||isoweek11_2-0240,2,ARC-USDT,MARKET,BUY,0.00364455,CLOSE,1741674055.0,0.08099,90.0,7.2891,-1
binance_perpetual-2025-11-2-0240-2025.sqlite,binance-perpetual||VIRTUAL-USDT||ARC-USDT||2025||isoweek11_2-0240,2,ARC-USDT,LIMIT,SELL,0.00157314,OPEN,1741674010.0,0.08109,97.0,7.86573,-1
binance_perpetual-2025-11-2-0240-2025.sqlite,binance-perpetual||VIRTUAL-USDT||ARC-USDT||2025||isoweek11_2-0240,2,ARC-USDT,MARKET,BUY,0.00392025,CLOSE,1741674064.0,0.08083,97.0,7.84051,-1
binance_perpetual-2025-11-2-0240-2025.sqlite,binance-perpetual||VIRTUAL-USDT||ARC-USDT||2025||isoweek11_2-0240,2,ARC-USDT,LIMIT,SELL,0.00156849,OPEN,1741673645.0,0.08085,97.0,7.84245,-1
binance_perpetual-2025-11-2-0240-2025.sqlite,binance-perpetual||VIRTUAL-USDT||ARC-USDT||2025||isoweek11_2-0240,2,ARC-USDT,MARKET,BUY,0.00390861,CLOSE,1741674070.0,0.08059,97.0,7.81723,-1
binance_perpetual-2025-11-2-0240-2025.sqlite,binance-perpetual||VIRTUAL-USDT||ARC-USDT||2025||isoweek11_2-0240,2,ARC-USDT,LIMIT,SELL,0.00158152,OPEN,1741673631.0,0.08069,98.0,7.90762,-1
binance_perpetual-2025-11-2-0240-2025.sqlite,binance-perpetual||VIRTUAL-USDT||ARC-USDT||2025||isoweek11_2-0240,2,ARC-USDT,MARKET,BUY,0.00393959,CLOSE,1741674114.0,0.0804,98.0,7.8792,-1
binance_perpetual-2025-11-2-0240-2025.sqlite,binance-perpetual||VIRTUAL-USDT||ARC-USDT||2025||isoweek11_2-0240,2,ARC-USDT,LIMIT,SELL,0.0015681,OPEN,1741674731.0,0.08083,97.0,7.84051,-1
binance_perpetual-2025-11-2-0240-2025.sqlite,binance-perpetual||VIRTUAL-USDT||ARC-USDT||2025||isoweek11_2-0240,2,ARC-USDT,MARKET,BUY,0.00391007,CLOSE,1741674766.0,0.08062,97.0,7.82014,-1
binance_perpetual-2025-11-2-0240-2025.sqlite,binance-perpetual||VIRTUAL-USDT||ARC-USDT||2025||isoweek11_2-0240,2,ARC-USDT,LIMIT,SELL,0.00392098,OPEN,1741672577.0,0.08002,98.0,7.84196,-1
binance_perpetual-2025-11-2-0240-2025.sqlite,binance-perpetual||VIRTUAL-USDT||ARC-USDT||2025||isoweek11_2-0240,2,ARC-USDT,LIMIT,SELL,0.00156839,OPEN,1741672571.0,0.08002,98.0,7.84196,-1
binance_perpetual-2025-11-2-0240-2025.sqlite,binance-perpetual||VIRTUAL-USDT||ARC-USDT||2025||isoweek11_2-0240,2,ARC-USDT,LIMIT,SELL,0.00156858,OPEN,1741672562.0,0.08003,98.0,7.84294,-1
binance_perpetual-2025-11-2-0240-2025.sqlite,binance-perpetual||VIRTUAL-USDT||ARC-USDT||2025||isoweek11_2-0240,2,ARC-USDT,LIMIT,SELL,0.00156937,OPEN,1741672549.0,0.08007,98.0,7.84686,-1
binance_perpetual-2025-11-2-0240-2025.sqlite,binance-perpetual||VIRTUAL-USDT||ARC-USDT||2025||isoweek11_2-0240,2,ARC-USDT,LIMIT,SELL,9.607e-05,OPEN,1741672546.0,0.08006,6.0,0.48036,-1
binance_perpetual-2025-11-2-0240-2025.sqlite,binance-perpetual||VIRTUAL-USDT||ARC-USDT||2025||isoweek11_2-0240,2,ARC-USDT,LIMIT,SELL,0.0014731,OPEN,1741672548.0,0.08006,92.0,7.36552,-1
binance_perpetual-2025-11-2-0240-2025.sqlite,binance-perpetual||VIRTUAL-USDT||ARC-USDT||2025||isoweek11_2-0240,2,ARC-USDT,LIMIT,SELL,0.00392245,OPEN,1741672538.0,0.08005,98.0,7.8449,-1
binance_perpetual-2025-11-2-0240-2025.sqlite,binance-perpetual||VIRTUAL-USDT||ARC-USDT||2025||isoweek11_2-0240,2,ARC-USDT,LIMIT,SELL,0.00156839,OPEN,1741672532.0,0.08002,98.0,7.84196,-1
binance_perpetual-2025-11-2-0240-2025.sqlite,binance-perpetual||VIRTUAL-USDT||ARC-USDT||2025||isoweek11_2-0240,2,ARC-USDT,LIMIT,SELL,0.00156858,OPEN,1741672525.0,0.08003,98.0,7.84294,-1
binance_perpetual-2025-11-2-0240-2025.sqlite,binance-perpetual||VIRTUAL-USDT||ARC-USDT||2025||isoweek11_2-0240,2,ARC-USDT,LIMIT,SELL,0.00392098,OPEN,1741672518.0,0.08002,98.0,7.84196,-1
binance_perpetual-2025-11-2-0240-2025.sqlite,binance-perpetual||VIRTUAL-USDT||ARC-USDT||2025||isoweek11_2-0240,2,ARC-USDT,LIMIT,SELL,0.00156721,OPEN,1741672518.0,0.07996,98.0,7.83608,-1
binance_perpetual-2025-11-2-0240-2025.sqlite,binance-perpetual||VIRTUAL-USDT||ARC-USDT||2025||isoweek11_2-0240,2,ARC-USDT,LIMIT,SELL,0.00156741,OPEN,1741672507.0,0.07997,98.0,7.83706,-1
binance_perpetual-2025-11-2-0240-2025.sqlite,binance-perpetual||VIRTUAL-USDT||ARC-USDT||2025||isoweek11_2-0240,2,ARC-USDT,LIMIT,SELL,0.00156956,OPEN,1741672488.0,0.08008,98.0,7.84784,-1
binance_perpetual-2025-11-2-0240-2025.sqlite,binance-perpetual||VIRTUAL-USDT||ARC-USDT||2025||isoweek11_2-0240,2,ARC-USDT,LIMIT,SELL,0.00156858,OPEN,1741672480.0,0.08003,98.0,7.84294,-1
binance_perpetual-2025-11-2-0240-2025.sqlite,binance-perpetual||VIRTUAL-USDT||ARC-USDT||2025||isoweek11_2-0240,2,ARC-USDT,LIMIT,SELL,0.00156858,OPEN,1741672480.0,0.08003,98.0,7.84294,-1
binance_perpetual-2025-11-2-0240-2025.sqlite,binance-perpetual||VIRTUAL-USDT||ARC-USDT||2025||isoweek11_2-0240,2,ARC-USDT,LIMIT,SELL,0.00156819,OPEN,1741672468.0,0.08001,98.0,7.84098,-1
binance_perpetual-2025-11-2-0240-2025.sqlite,binance-perpetual||VIRTUAL-USDT||ARC-USDT||2025||isoweek11_2-0240,2,ARC-USDT,LIMIT,SELL,0.00136017,OPEN,1741672468.0,0.08001,85.0,6.80085,-1
binance_perpetual-2025-11-2-0240-2025.sqlite,binance-perpetual||VIRTUAL-USDT||ARC-USDT||2025||isoweek11_2-0240,2,ARC-USDT,LIMIT,SELL,0.00020802,OPEN,1741672468.0,0.08001,13.0,1.04013,-1
binance_perpetual-2025-11-2-0240-2025.sqlite,binance-perpetual||VIRTUAL-USDT||ARC-USDT||2025||isoweek11_2-0240,2,ARC-USDT,LIMIT,SELL,0.001568,OPEN,1741672455.0,0.08,98.0,7.84,-1
binance_perpetual-2025-11-2-0240-2025.sqlite,binance-perpetual||VIRTUAL-USDT||ARC-USDT||2025||isoweek11_2-0240,2,ARC-USDT,LIMIT,SELL,0.0015676,OPEN,1741672449.0,0.07998,98.0,7.83804,-1
binance_perpetual-2025-11-2-0240-2025.sqlite,binance-perpetual||VIRTUAL-USDT||ARC-USDT||2025||isoweek11_2-0240,2,ARC-USDT,LIMIT,SELL,0.00392049,OPEN,1741672443.0,0.08001,98.0,7.84098,-1
binance_perpetual-2025-11-2-0240-2025.sqlite,binance-perpetual||VIRTUAL-USDT||ARC-USDT||2025||isoweek11_2-0240,2,ARC-USDT,LIMIT,SELL,0.00156839,OPEN,1741672440.0,0.08002,98.0,7.84196,-1
binance_perpetual-2025-11-2-0240-2025.sqlite,binance-perpetual||VIRTUAL-USDT||ARC-USDT||2025||isoweek11_2-0240,2,ARC-USDT,LIMIT,SELL,0.00156741,OPEN,1741672434.0,0.07997,98.0,7.83706,-1
binance_perpetual-2025-11-2-0240-2025.sqlite,binance-perpetual||VIRTUAL-USDT||ARC-USDT||2025||isoweek11_2-0240,2,ARC-USDT,LIMIT,SELL,0.00156839,OPEN,1741672428.0,0.08002,98.0,7.84196,-1
binance_perpetual-2025-11-2-0240-2025.sqlite,binance-perpetual||VIRTUAL-USDT||ARC-USDT||2025||isoweek11_2-0240,2,ARC-USDT,LIMIT,SELL,0.00156741,OPEN,1741672417.0,0.07997,98.0,7.83706,-1
binance_perpetual-2025-11-2-0240-2025.sqlite,binance-perpetual||VIRTUAL-USDT||ARC-USDT||2025||isoweek11_2-0240,2,ARC-USDT,LIMIT,SELL,0.00156741,OPEN,1741672401.0,0.07997,98.0,7.83706,-1
binance_perpetual-2025-11-2-0240-2025.sqlite,binance-perpetual||VIRTUAL-USDT||ARC-USDT||2025||isoweek11_2-0240,2,ARC-USDT,LIMIT,SELL,0.00156917,OPEN,1741672389.0,0.08006,98.0,7.84588,-1
binance_perpetual-2025-11-2-0240-2025.sqlite,binance-perpetual||VIRTUAL-USDT||ARC-USDT||2025||isoweek11_2-0240,2,ARC-USDT,LIMIT,SELL,0.00157152,OPEN,1741672374.0,0.08018,98.0,7.85764,-1
binance_perpetual-2025-11-2-0240-2025.sqlite,binance-perpetual||VIRTUAL-USDT||ARC-USDT||2025||isoweek11_2-0240,2,ARC-USDT,LIMIT,SELL,0.00157192,OPEN,1741672366.0,0.0802,98.0,7.8596,-1
binance_perpetual-2025-11-2-0240-2025.sqlite,binance-perpetual||VIRTUAL-USDT||ARC-USDT||2025||isoweek11_2-0240,2,ARC-USDT,LIMIT,SELL,0.00157152,OPEN,1741672363.0,0.08018,98.0,7.85764,-1
binance_perpetual-2025-11-2-0240-2025.sqlite,binance-perpetual||VIRTUAL-USDT||ARC-USDT||2025||isoweek11_2-0240,2,ARC-USDT,LIMIT,SELL,0.00157172,OPEN,1741672357.0,0.08019,98.0,7.85862,-1
binance_perpetual-2025-11-2-0240-2025.sqlite,binance-perpetual||VIRTUAL-USDT||ARC-USDT||2025||isoweek11_2-0240,2,ARC-USDT,LIMIT,SELL,0.00157113,OPEN,1741672345.0,0.08016,98.0,7.85568,-1
binance_perpetual-2025-11-2-0240-2025.sqlite,binance-perpetual||VIRTUAL-USDT||ARC-USDT||2025||isoweek11_2-0240,2,ARC-USDT,LIMIT,SELL,0.00157133,OPEN,1741672333.0,0.08017,98.0,7.85666,-1
binance_perpetual-2025-11-2-0240-2025.sqlite,binance-perpetual||VIRTUAL-USDT||ARC-USDT||2025||isoweek11_2-0240,2,ARC-USDT,LIMIT,SELL,0.00157113,OPEN,1741672327.0,0.08016,98.0,7.85568,-1
binance_perpetual-2025-11-2-0240-2025.sqlite,binance-perpetual||VIRTUAL-USDT||ARC-USDT||2025||isoweek11_2-0240,2,ARC-USDT,LIMIT,SELL,0.00157133,OPEN,1741672321.0,0.08017,98.0,7.85666,-1
binance_perpetual-2025-11-2-0240-2025.sqlite,binance-perpetual||VIRTUAL-USDT||ARC-USDT||2025||isoweek11_2-0240,2,ARC-USDT,LIMIT,SELL,0.00157133,OPEN,1741672311.0,0.08017,98.0,7.85666,-1
binance_perpetual-2025-11-2-0240-2025.sqlite,binance-perpetual||VIRTUAL-USDT||ARC-USDT||2025||isoweek11_2-0240,2,ARC-USDT,LIMIT,SELL,0.00157172,OPEN,1741672305.0,0.08019,98.0,7.85862,-1
binance_perpetual-2025-11-2-0240-2025.sqlite,binance-perpetual||VIRTUAL-USDT||ARC-USDT||2025||isoweek11_2-0240,2,ARC-USDT,LIMIT,SELL,0.00156976,OPEN,1741672294.0,0.08009,98.0,7.84882,-1
binance_perpetual-2025-11-2-0240-2025.sqlite,binance-perpetual||VIRTUAL-USDT||ARC-USDT||2025||isoweek11_2-0240,2,ARC-USDT,LIMIT,SELL,0.00156956,OPEN,1741672283.0,0.08008,98.0,7.84784,-1
binance_perpetual-2025-11-2-0240-2025.sqlite,binance-perpetual||VIRTUAL-USDT||ARC-USDT||2025||isoweek11_2-0240,2,ARC-USDT,LIMIT,SELL,0.00156878,OPEN,1741672279.0,0.08004,98.0,7.84392,-1
binance_perpetual-2025-11-2-0240-2025.sqlite,binance-perpetual||VIRTUAL-USDT||ARC-USDT||2025||isoweek11_2-0240,2,ARC-USDT,LIMIT,SELL,0.00156858,OPEN,1741672275.0,0.08003,98.0,7.84294,-1
binance_perpetual-2025-11-2-0240-2025.sqlite,binance-perpetual||VIRTUAL-USDT||ARC-USDT||2025||isoweek11_2-0240,2,ARC-USDT,LIMIT,SELL,0.0015678,OPEN,1741672264.0,0.07999,98.0,7.83902,-1
binance_perpetual-2025-11-2-0240-2025.sqlite,binance-perpetual||VIRTUAL-USDT||ARC-USDT||2025||isoweek11_2-0240,2,ARC-USDT,LIMIT,SELL,0.00158182,OPEN,1741672260.0,0.07989,99.0,7.90911,-1
binance_perpetual-2025-11-2-0240-2025.sqlite,binance-perpetual||VIRTUAL-USDT||ARC-USDT||2025||isoweek11_2-0240,2,ARC-USDT,LIMIT,SELL,0.00156878,OPEN,1741672240.0,0.08004,98.0,7.84392,-1
binance_perpetual-2025-11-2-0240-2025.sqlite,binance-perpetual||VIRTUAL-USDT||ARC-USDT||2025||isoweek11_2-0240,2,ARC-USDT,LIMIT,SELL,3.202e-05,OPEN,1741672215.0,0.08006,2.0,0.16012,-1
binance_perpetual-2025-11-2-0240-2025.sqlite,binance-perpetual||VIRTUAL-USDT||ARC-USDT||2025||isoweek11_2-0240,2,ARC-USDT,LIMIT,SELL,0.00153715,OPEN,1741672215.0,0.08006,96.0,7.68576,-1
binance_perpetual-2025-11-2-0240-2025.sqlite,binance-perpetual||VIRTUAL-USDT||ARC-USDT||2025||isoweek11_2-0240,2,ARC-USDT,LIMIT,SELL,0.00156702,OPEN,1741672203.0,0.07995,98.0,7.8351,-1
binance_perpetual-2025-11-2-0240-2025.sqlite,binance-perpetual||VIRTUAL-USDT||ARC-USDT||2025||isoweek11_2-0240,2,ARC-USDT,LIMIT,SELL,0.00158083,OPEN,1741672199.0,0.07984,99.0,7.90416,-1
binance_perpetual-2025-11-2-0240-2025.sqlite,binance-perpetual||VIRTUAL-USDT||ARC-USDT||2025||isoweek11_2-0240,2,ARC-USDT,LIMIT,SELL,0.00158182,OPEN,1741672170.0,0.07989,99.0,7.90911,-1
binance_perpetual-2025-11-2-0240-2025.sqlite,binance-perpetual||VIRTUAL-USDT||ARC-USDT||2025||isoweek11_2-0240,2,ARC-USDT,LIMIT,SELL,0.00395505,OPEN,1741672164.0,0.0799,99.0,7.9101,-1
binance_perpetual-2025-11-2-0240-2025.sqlite,binance-perpetual||VIRTUAL-USDT||ARC-USDT||2025||isoweek11_2-0240,2,ARC-USDT,LIMIT,SELL,0.00158221,OPEN,1741672160.0,0.07991,99.0,7.91109,-1
binance_perpetual-2025-11-2-0240-2025.sqlite,binance-perpetual||VIRTUAL-USDT||ARC-USDT||2025||isoweek11_2-0240,2,ARC-USDT,LIMIT,SELL,0.00156721,OPEN,1741672804.0,0.07996,98.0,7.83608,-1
binance_perpetual-2025-11-2-0240-2025.sqlite,binance-perpetual||VIRTUAL-USDT||ARC-USDT||2025||isoweek11_2-0240,2,ARC-USDT,LIMIT,SELL,0.00156858,OPEN,1741673199.0,0.08003,98.0,7.84294,-1
binance_perpetual-2025-11-2-0240-2025.sqlite,binance-perpetual||VIRTUAL-USDT||ARC-USDT||2025||isoweek11_2-0240,2,ARC-USDT,LIMIT,SELL,0.00393666,OPEN,1741673407.0,0.08034,98.0,7.87332,-1
binance_perpetual-2025-11-2-0240-2025.sqlite,binance-perpetual||VIRTUAL-USDT||ARC-USDT||2025||isoweek11_2-0240,2,ARC-USDT,LIMIT,SELL,0.00394205,OPEN,1741673415.0,0.08045,98.0,7.8841,-1
binance_perpetual-2025-11-2-0240-2025.sqlite,binance-perpetual||VIRTUAL-USDT||ARC-USDT||2025||isoweek11_2-0240,2,ARC-USDT,LIMIT,SELL,0.00158093,OPEN,1741674491.0,0.08066,98.0,7.90468,-1
binance_perpetual-2025-11-2-0240-2025.sqlite,binance-perpetual||VIRTUAL-USDT||ARC-USDT||2025||isoweek11_2-0240,2,ARC-USDT,LIMIT,SELL,0.00156868,OPEN,1741674836.0,0.08086,97.0,7.84342,-1
binance_perpetual-2025-11-2-0240-2025.sqlite,binance-perpetual||VIRTUAL-USDT||ARC-USDT||2025||isoweek11_2-0240,2,ARC-USDT,LIMIT,SELL,0.00157198,OPEN,1741674906.0,0.08103,97.0,7.85991,-1
binance_perpetual-2025-11-2-0240-2025.sqlite,binance-perpetual||VIRTUAL-USDT||ARC-USDT||2025||isoweek11_2-0240,2,ARC-USDT,MARKET,BUY,0.07502103,CLOSE,1741674911.0,0.08106,1851.0,150.04206,-1
binance_perpetual-2025-11-2-0240-2025.sqlite,binance-perpetual||VIRTUAL-USDT||ARC-USDT||2025||isoweek11_2-0240,2,ARC-USDT,MARKET,BUY,0.01142946,CLOSE,1741674911.0,0.08106,282.0,22.85892,-1
binance_perpetual-2025-11-2-0240-2025.sqlite,binance-perpetual||VIRTUAL-USDT||ARC-USDT||2025||isoweek11_2-0240,2,ARC-USDT,MARKET,BUY,0.02533125,CLOSE,1741674911.0,0.08106,625.0,50.6625,-1
binance_perpetual-2025-11-2-0240-2025.sqlite,binance-perpetual||VIRTUAL-USDT||ARC-USDT||2025||isoweek11_2-0240,2,ARC-USDT,MARKET,BUY,0.10679655,CLOSE,1741674911.0,0.08106,2635.0,213.5931,-1
okx_perpetual-ts-9-02-2025.sqlite,okx_perpetual||NOT-USDT||AIXBT-USDT||2025||isoweek9_02,1,NOT-USDT,LIMIT,BUY,0.00067548,OPEN,1740577317.45,0.002598,1300.0,3.3774,1
okx_perpetual-ts-9-02-2025.sqlite,okx_perpetual||NOT-USDT||AIXBT-USDT||2025||isoweek9_02,1,NOT-USDT,MARKET,SELL,0.00039285,CLOSE,1740577531.402,0.002619,300.0,0.7857,1
okx_perpetual-ts-9-02-2025.sqlite,okx_perpetual||NOT-USDT||AIXBT-USDT||2025||isoweek9_02,1,NOT-USDT,MARKET,SELL,0.0013095,CLOSE,1740577531.402,0.002619,1000.0,2.619,1
okx_perpetual-ts-9-02-2025.sqlite,okx_perpetual||NOT-USDT||AIXBT-USDT||2025||isoweek9_02,1,NOT-USDT,LIMIT,BUY,0.0006721,OPEN,1740578588.062,0.002585,1300.0,3.3605,1
okx_perpetual-ts-9-02-2025.sqlite,okx_perpetual||NOT-USDT||AIXBT-USDT||2025||isoweek9_02,1,NOT-USDT,MARKET,SELL,0.0016939,CLOSE,1740579324.601,0.002606,1300.0,3.3878,1
okx_perpetual-ts-9-02-2025.sqlite,okx_perpetual||NOT-USDT||AIXBT-USDT||2025||isoweek9_02,1,NOT-USDT,LIMIT,BUY,0.00168155,OPEN,1740578573.033,0.002587,1300.0,3.3631,1
okx_perpetual-ts-9-02-2025.sqlite,okx_perpetual||NOT-USDT||AIXBT-USDT||2025||isoweek9_02,1,NOT-USDT,MARKET,SELL,0.0016965,CLOSE,1740579335.092,0.00261,1300.0,3.393,1
okx_perpetual-ts-9-02-2025.sqlite,okx_perpetual||NOT-USDT||AIXBT-USDT||2025||isoweek9_02,1,NOT-USDT,LIMIT,BUY,0.0006734,OPEN,1740578560.733,0.00259,1300.0,3.367,1
okx_perpetual-ts-9-02-2025.sqlite,okx_perpetual||NOT-USDT||AIXBT-USDT||2025||isoweek9_02,1,NOT-USDT,MARKET,SELL,0.00169715,CLOSE,1740579437.015,0.002611,1300.0,3.3943,1
okx_perpetual-ts-9-02-2025.sqlite,okx_perpetual||NOT-USDT||AIXBT-USDT||2025||isoweek9_02,1,NOT-USDT,LIMIT,BUY,0.00067418,OPEN,1740578504.154,0.002593,1300.0,3.3709,1
okx_perpetual-ts-9-02-2025.sqlite,okx_perpetual||NOT-USDT||AIXBT-USDT||2025||isoweek9_02,1,NOT-USDT,MARKET,SELL,0.00169975,CLOSE,1740579447.46,0.002615,1300.0,3.3995,1
okx_perpetual-ts-9-02-2025.sqlite,okx_perpetual||NOT-USDT||AIXBT-USDT||2025||isoweek9_02,1,NOT-USDT,LIMIT,BUY,0.0006747,OPEN,1740578498.883,0.002595,1300.0,3.3735,1
okx_perpetual-ts-9-02-2025.sqlite,okx_perpetual||NOT-USDT||AIXBT-USDT||2025||isoweek9_02,1,NOT-USDT,MARKET,SELL,0.00170105,CLOSE,1740579451.864,0.002617,1300.0,3.4021,1
okx_perpetual-ts-9-02-2025.sqlite,okx_perpetual||NOT-USDT||AIXBT-USDT||2025||isoweek9_02,1,NOT-USDT,LIMIT,BUY,0.0006695,OPEN,1740580089.786,0.002575,1300.0,3.3475,1
okx_perpetual-ts-9-02-2025.sqlite,okx_perpetual||NOT-USDT||AIXBT-USDT||2025||isoweek9_02,1,NOT-USDT,MARKET,SELL,0.0016887,CLOSE,1740580268.745,0.002598,1300.0,3.3774,1
okx_perpetual-ts-9-02-2025.sqlite,okx_perpetual||NOT-USDT||AIXBT-USDT||2025||isoweek9_02,1,NOT-USDT,LIMIT,BUY,0.0006708,OPEN,1740580082.79,0.00258,1300.0,3.354,1
okx_perpetual-ts-9-02-2025.sqlite,okx_perpetual||NOT-USDT||AIXBT-USDT||2025||isoweek9_02,1,NOT-USDT,MARKET,SELL,0.00169065,CLOSE,1740580271.933,0.002601,1300.0,3.3813,1
okx_perpetual-ts-9-02-2025.sqlite,okx_perpetual||NOT-USDT||AIXBT-USDT||2025||isoweek9_02,1,NOT-USDT,LIMIT,BUY,0.00067132,OPEN,1740580075.881,0.002582,1300.0,3.3566,1
okx_perpetual-ts-9-02-2025.sqlite,okx_perpetual||NOT-USDT||AIXBT-USDT||2025||isoweek9_02,1,NOT-USDT,MARKET,SELL,0.00169195,CLOSE,1740580282.659,0.002603,1300.0,3.3839,1
okx_perpetual-ts-9-02-2025.sqlite,okx_perpetual||NOT-USDT||AIXBT-USDT||2025||isoweek9_02,1,NOT-USDT,LIMIT,BUY,0.0006721,OPEN,1740579944.17,0.002585,1300.0,3.3605,1
okx_perpetual-ts-9-02-2025.sqlite,okx_perpetual||NOT-USDT||AIXBT-USDT||2025||isoweek9_02,1,NOT-USDT,MARKET,SELL,0.00169325,CLOSE,1740580289.41,0.002605,1300.0,3.3865,1
okx_perpetual-ts-9-02-2025.sqlite,okx_perpetual||NOT-USDT||AIXBT-USDT||2025||isoweek9_02,1,NOT-USDT,LIMIT,BUY,0.0006721,OPEN,1740580508.335,0.002585,1300.0,3.3605,1
okx_perpetual-ts-9-02-2025.sqlite,okx_perpetual||NOT-USDT||AIXBT-USDT||2025||isoweek9_02,1,NOT-USDT,MARKET,SELL,0.0016939,CLOSE,1740580683.477,0.002606,1300.0,3.3878,1
okx_perpetual-ts-9-02-2025.sqlite,okx_perpetual||NOT-USDT||AIXBT-USDT||2025||isoweek9_02,1,NOT-USDT,LIMIT,BUY,0.00067288,OPEN,1740579884.821,0.002588,1300.0,3.3644,1
okx_perpetual-ts-9-02-2025.sqlite,okx_perpetual||NOT-USDT||AIXBT-USDT||2025||isoweek9_02,1,NOT-USDT,MARKET,SELL,0.00169585,CLOSE,1740580685.716,0.002609,1300.0,3.3917,1
okx_perpetual-ts-9-02-2025.sqlite,okx_perpetual||NOT-USDT||AIXBT-USDT||2025||isoweek9_02,1,NOT-USDT,LIMIT,BUY,0.00067314,OPEN,1740579914.767,0.002589,1300.0,3.3657,1
okx_perpetual-ts-9-02-2025.sqlite,okx_perpetual||NOT-USDT||AIXBT-USDT||2025||isoweek9_02,1,NOT-USDT,MARKET,SELL,0.00169715,CLOSE,1740580688.002,0.002611,1300.0,3.3943,1
okx_perpetual-ts-9-02-2025.sqlite,okx_perpetual||NOT-USDT||AIXBT-USDT||2025||isoweek9_02,1,NOT-USDT,LIMIT,BUY,0.00067418,OPEN,1740579752.706,0.002593,1300.0,3.3709,1
okx_perpetual-ts-9-02-2025.sqlite,okx_perpetual||NOT-USDT||AIXBT-USDT||2025||isoweek9_02,1,NOT-USDT,MARKET,SELL,0.00169845,CLOSE,1740580730.193,0.002613,1300.0,3.3969,1
okx_perpetual-ts-9-02-2025.sqlite,okx_perpetual||NOT-USDT||AIXBT-USDT||2025||isoweek9_02,1,NOT-USDT,LIMIT,BUY,0.0016874,OPEN,1740578480.439,0.002596,1300.0,3.3748,1
okx_perpetual-ts-9-02-2025.sqlite,okx_perpetual||NOT-USDT||AIXBT-USDT||2025||isoweek9_02,1,NOT-USDT,MARKET,SELL,0.001703,CLOSE,1740580740.13,0.00262,1300.0,3.406,1
okx_perpetual-ts-9-02-2025.sqlite,okx_perpetual||NOT-USDT||AIXBT-USDT||2025||isoweek9_02,1,NOT-USDT,LIMIT,BUY,0.000676,OPEN,1740577120.707,0.0026,1300.0,3.38,1
okx_perpetual-ts-9-02-2025.sqlite,okx_perpetual||NOT-USDT||AIXBT-USDT||2025||isoweek9_02,1,NOT-USDT,MARKET,SELL,0.0017043,CLOSE,1740580743.737,0.002622,1300.0,3.4086,1
okx_perpetual-ts-9-02-2025.sqlite,okx_perpetual||NOT-USDT||AIXBT-USDT||2025||isoweek9_02,1,NOT-USDT,LIMIT,BUY,0.00067444,OPEN,1740579706.503,0.002594,1300.0,3.3722,1
okx_perpetual-ts-9-02-2025.sqlite,okx_perpetual||NOT-USDT||AIXBT-USDT||2025||isoweek9_02,1,NOT-USDT,MARKET,SELL,0.0017004,CLOSE,1740580747.17,0.002616,1300.0,3.4008,1
okx_perpetual-ts-9-02-2025.sqlite,okx_perpetual||NOT-USDT||AIXBT-USDT||2025||isoweek9_02,1,NOT-USDT,LIMIT,BUY,0.00067652,OPEN,1740576379.818,0.002602,1300.0,3.3826,1
okx_perpetual-ts-9-02-2025.sqlite,okx_perpetual||NOT-USDT||AIXBT-USDT||2025||isoweek9_02,1,NOT-USDT,MARKET,SELL,0.00170625,CLOSE,1740580895.875,0.002625,1300.0,3.4125,1
okx_perpetual-ts-9-02-2025.sqlite,okx_perpetual||NOT-USDT||AIXBT-USDT||2025||isoweek9_02,1,NOT-USDT,LIMIT,BUY,0.00067704,OPEN,1740576364.773,0.002604,1300.0,3.3852,1
okx_perpetual-ts-9-02-2025.sqlite,okx_perpetual||NOT-USDT||AIXBT-USDT||2025||isoweek9_02,1,NOT-USDT,MARKET,SELL,0.0017082,CLOSE,1740580905.8,0.002628,1300.0,3.4164,1
okx_perpetual-ts-9-02-2025.sqlite,okx_perpetual||NOT-USDT||AIXBT-USDT||2025||isoweek9_02,1,NOT-USDT,LIMIT,BUY,0.00067808,OPEN,1740576111.173,0.002608,1300.0,3.3904,1
okx_perpetual-ts-9-02-2025.sqlite,okx_perpetual||NOT-USDT||AIXBT-USDT||2025||isoweek9_02,1,NOT-USDT,MARKET,SELL,0.0017095,CLOSE,1740581209.541,0.00263,1300.0,3.419,1
okx_perpetual-ts-9-02-2025.sqlite,okx_perpetual||NOT-USDT||AIXBT-USDT||2025||isoweek9_02,1,NOT-USDT,LIMIT,BUY,0.00067938,OPEN,1740575922.174,0.002613,1300.0,3.3969,1
okx_perpetual-ts-9-02-2025.sqlite,okx_perpetual||NOT-USDT||AIXBT-USDT||2025||isoweek9_02,1,NOT-USDT,MARKET,SELL,0.00171405,CLOSE,1740581225.864,0.002637,1300.0,3.4281,1
okx_perpetual-ts-9-02-2025.sqlite,okx_perpetual||NOT-USDT||AIXBT-USDT||2025||isoweek9_02,1,NOT-USDT,LIMIT,BUY,0.00068068,OPEN,1740575894.69,0.002618,1300.0,3.4034,1
okx_perpetual-ts-9-02-2025.sqlite,okx_perpetual||NOT-USDT||AIXBT-USDT||2025||isoweek9_02,1,NOT-USDT,MARKET,SELL,0.00171665,CLOSE,1740581232.275,0.002641,1300.0,3.4333,1
okx_perpetual-ts-9-02-2025.sqlite,okx_perpetual||NOT-USDT||AIXBT-USDT||2025||isoweek9_02,1,NOT-USDT,LIMIT,BUY,0.00068172,OPEN,1740575782.09,0.002622,1300.0,3.4086,1
okx_perpetual-ts-9-02-2025.sqlite,okx_perpetual||NOT-USDT||AIXBT-USDT||2025||isoweek9_02,1,NOT-USDT,MARKET,SELL,0.0002644,CLOSE,1740581236.031,0.002644,200.0,0.5288,1
okx_perpetual-ts-9-02-2025.sqlite,okx_perpetual||NOT-USDT||AIXBT-USDT||2025||isoweek9_02,1,NOT-USDT,MARKET,SELL,0.0014542,CLOSE,1740581236.031,0.002644,1100.0,2.9084,1
okx_perpetual-ts-9-02-2025.sqlite,okx_perpetual||NOT-USDT||AIXBT-USDT||2025||isoweek9_02,1,NOT-USDT,LIMIT,BUY,0.00067938,OPEN,1740575953.092,0.002613,1300.0,3.3969,1
okx_perpetual-ts-9-02-2025.sqlite,okx_perpetual||NOT-USDT||AIXBT-USDT||2025||isoweek9_02,1,NOT-USDT,MARKET,SELL,0.0002639,CLOSE,1740581247.063,0.002639,200.0,0.5278,1
okx_perpetual-ts-9-02-2025.sqlite,okx_perpetual||NOT-USDT||AIXBT-USDT||2025||isoweek9_02,1,NOT-USDT,MARKET,SELL,0.00145145,CLOSE,1740581247.063,0.002639,1100.0,2.9029,1
okx_perpetual-ts-9-02-2025.sqlite,okx_perpetual||NOT-USDT||AIXBT-USDT||2025||isoweek9_02,1,NOT-USDT,LIMIT,BUY,0.00068224,OPEN,1740575759.352,0.002624,1300.0,3.4112,1
okx_perpetual-ts-9-02-2025.sqlite,okx_perpetual||NOT-USDT||AIXBT-USDT||2025||isoweek9_02,1,NOT-USDT,MARKET,SELL,0.0017199,CLOSE,1740581312.501,0.002646,1300.0,3.4398,1
okx_perpetual-ts-9-02-2025.sqlite,okx_perpetual||NOT-USDT||AIXBT-USDT||2025||isoweek9_02,1,NOT-USDT,LIMIT,BUY,0.00068276,OPEN,1740575524.079,0.002626,1300.0,3.4138,1
okx_perpetual-ts-9-02-2025.sqlite,okx_perpetual||NOT-USDT||AIXBT-USDT||2025||isoweek9_02,1,NOT-USDT,MARKET,SELL,0.0017225,CLOSE,1740581314.697,0.00265,1300.0,3.445,1
okx_perpetual-ts-9-02-2025.sqlite,okx_perpetual||NOT-USDT||AIXBT-USDT||2025||isoweek9_02,1,NOT-USDT,LIMIT,BUY,0.00068328,OPEN,1740575517.84,0.002628,1300.0,3.4164,1
okx_perpetual-ts-9-02-2025.sqlite,okx_perpetual||NOT-USDT||AIXBT-USDT||2025||isoweek9_02,1,NOT-USDT,MARKET,SELL,0.00172315,CLOSE,1740581318.238,0.002651,1300.0,3.4463,1
okx_perpetual-ts-9-02-2025.sqlite,okx_perpetual||NOT-USDT||AIXBT-USDT||2025||isoweek9_02,1,NOT-USDT,LIMIT,BUY,0.00068432,OPEN,1740575508.538,0.002632,1300.0,3.4216,1
okx_perpetual-ts-9-02-2025.sqlite,okx_perpetual||NOT-USDT||AIXBT-USDT||2025||isoweek9_02,1,NOT-USDT,MARKET,SELL,0.0017251,CLOSE,1740581335.777,0.002654,1300.0,3.4502,1
okx_perpetual-ts-9-02-2025.sqlite,okx_perpetual||NOT-USDT||AIXBT-USDT||2025||isoweek9_02,1,NOT-USDT,LIMIT,BUY,0.0017121,OPEN,1740575273.177,0.002634,1300.0,3.4242,1
okx_perpetual-ts-9-02-2025.sqlite,okx_perpetual||NOT-USDT||AIXBT-USDT||2025||isoweek9_02,1,NOT-USDT,MARKET,SELL,0.0017277,CLOSE,1740581340.652,0.002658,1300.0,3.4554,1
okx_perpetual-ts-9-02-2025.sqlite,okx_perpetual||NOT-USDT||AIXBT-USDT||2025||isoweek9_02,1,NOT-USDT,LIMIT,BUY,0.00068484,OPEN,1740575291.75,0.002634,1300.0,3.4242,1
okx_perpetual-ts-9-02-2025.sqlite,okx_perpetual||NOT-USDT||AIXBT-USDT||2025||isoweek9_02,1,NOT-USDT,MARKET,SELL,0.00172835,CLOSE,1740581344.199,0.002659,1300.0,3.4567,1
okx_perpetual-ts-9-02-2025.sqlite,okx_perpetual||NOT-USDT||AIXBT-USDT||2025||isoweek9_02,1,NOT-USDT,LIMIT,BUY,0.00063312,OPEN,1740575409.57,0.002638,1200.0,3.1656,1
okx_perpetual-ts-9-02-2025.sqlite,okx_perpetual||NOT-USDT||AIXBT-USDT||2025||isoweek9_02,1,NOT-USDT,MARKET,SELL,0.0015972,CLOSE,1740581350.725,0.002662,1200.0,3.1944,1
okx_perpetual-ts-9-02-2025.sqlite,okx_perpetual||NOT-USDT||AIXBT-USDT||2025||isoweek9_02,1,NOT-USDT,LIMIT,BUY,0.00063288,OPEN,1740575398.362,0.002637,1200.0,3.1644,1
okx_perpetual-ts-9-02-2025.sqlite,okx_perpetual||NOT-USDT||AIXBT-USDT||2025||isoweek9_02,1,NOT-USDT,MARKET,SELL,0.0015978,CLOSE,1740582012.708,0.002663,1200.0,3.1956,1
okx_perpetual-ts-9-02-2025.sqlite,okx_perpetual||NOT-USDT||AIXBT-USDT||2025||isoweek9_02,1,NOT-USDT,LIMIT,BUY,0.00063264,OPEN,1740575434.269,0.002636,1200.0,3.1632,1
okx_perpetual-ts-9-02-2025.sqlite,okx_perpetual||NOT-USDT||AIXBT-USDT||2025||isoweek9_02,1,NOT-USDT,MARKET,SELL,0.0016002,CLOSE,1740582028.95,0.002667,1200.0,3.2004,1
okx_perpetual-ts-9-02-2025.sqlite,okx_perpetual||NOT-USDT||AIXBT-USDT||2025||isoweek9_02,1,NOT-USDT,LIMIT,BUY,0.00063336,OPEN,1740575461.255,0.002639,1200.0,3.1668,1
okx_perpetual-ts-9-02-2025.sqlite,okx_perpetual||NOT-USDT||AIXBT-USDT||2025||isoweek9_02,1,NOT-USDT,MARKET,SELL,0.001602,CLOSE,1740582059.243,0.00267,1200.0,3.204,1
okx_perpetual-ts-9-02-2025.sqlite,okx_perpetual||NOT-USDT||AIXBT-USDT||2025||isoweek9_02,1,NOT-USDT,LIMIT,BUY,0.00068484,OPEN,1740575495.039,0.002634,1300.0,3.4242,1
okx_perpetual-ts-9-02-2025.sqlite,okx_perpetual||NOT-USDT||AIXBT-USDT||2025||isoweek9_02,1,NOT-USDT,MARKET,SELL,0.001338,CLOSE,1740582064.601,0.002676,1000.0,2.676,1
okx_perpetual-ts-9-02-2025.sqlite,okx_perpetual||NOT-USDT||AIXBT-USDT||2025||isoweek9_02,1,NOT-USDT,MARKET,SELL,0.0004014,CLOSE,1740582064.601,0.002676,300.0,0.8028,1
okx_perpetual-ts-9-02-2025.sqlite,okx_perpetual||NOT-USDT||AIXBT-USDT||2025||isoweek9_02,1,NOT-USDT,LIMIT,BUY,0.0006324,OPEN,1740575490.209,0.002635,1200.0,3.162,1
okx_perpetual-ts-9-02-2025.sqlite,okx_perpetual||NOT-USDT||AIXBT-USDT||2025||isoweek9_02,1,NOT-USDT,MARKET,SELL,0.0016068,CLOSE,1740582068.021,0.002678,1200.0,3.2136,1
okx_perpetual-ts-9-02-2025.sqlite,okx_perpetual||NOT-USDT||AIXBT-USDT||2025||isoweek9_02,1,NOT-USDT,LIMIT,BUY,0.0006838,OPEN,1740575567.922,0.00263,1300.0,3.419,1
okx_perpetual-ts-9-02-2025.sqlite,okx_perpetual||NOT-USDT||AIXBT-USDT||2025||isoweek9_02,1,NOT-USDT,MARKET,SELL,0.00174265,CLOSE,1740582069.024,0.002681,1300.0,3.4853,1
okx_perpetual-ts-9-02-2025.sqlite,okx_perpetual||NOT-USDT||AIXBT-USDT||2025||isoweek9_02,1,NOT-USDT,LIMIT,BUY,0.00068354,OPEN,1740575581.174,0.002629,1300.0,3.4177,1
okx_perpetual-ts-9-02-2025.sqlite,okx_perpetual||NOT-USDT||AIXBT-USDT||2025||isoweek9_02,1,NOT-USDT,MARKET,SELL,0.00040275,CLOSE,1740582070.763,0.002685,300.0,0.8055,1
okx_perpetual-ts-9-02-2025.sqlite,okx_perpetual||NOT-USDT||AIXBT-USDT||2025||isoweek9_02,1,NOT-USDT,MARKET,SELL,0.000537,CLOSE,1740582070.763,0.002685,400.0,1.074,1
okx_perpetual-ts-9-02-2025.sqlite,okx_perpetual||NOT-USDT||AIXBT-USDT||2025||isoweek9_02,1,NOT-USDT,MARKET,SELL,0.00040275,CLOSE,1740582070.763,0.002685,300.0,0.8055,1
okx_perpetual-ts-9-02-2025.sqlite,okx_perpetual||NOT-USDT||AIXBT-USDT||2025||isoweek9_02,1,NOT-USDT,MARKET,SELL,0.00040275,CLOSE,1740582070.763,0.002685,300.0,0.8055,1
okx_perpetual-ts-9-02-2025.sqlite,okx_perpetual||NOT-USDT||AIXBT-USDT||2025||isoweek9_02,1,NOT-USDT,LIMIT,BUY,0.00068484,OPEN,1740575674.079,0.002634,1300.0,3.4242,1
okx_perpetual-ts-9-02-2025.sqlite,okx_perpetual||NOT-USDT||AIXBT-USDT||2025||isoweek9_02,1,NOT-USDT,MARKET,SELL,0.00174525,CLOSE,1740582074.427,0.002685,1300.0,3.4905,1
okx_perpetual-ts-9-02-2025.sqlite,okx_perpetual||NOT-USDT||AIXBT-USDT||2025||isoweek9_02,1,NOT-USDT,LIMIT,BUY,0.0006324,OPEN,1740575473.515,0.002635,1200.0,3.162,1
okx_perpetual-ts-9-02-2025.sqlite,okx_perpetual||NOT-USDT||AIXBT-USDT||2025||isoweek9_02,1,NOT-USDT,MARKET,SELL,0.0016044,CLOSE,1740582088.833,0.002674,1200.0,3.2088,1
okx_perpetual-ts-9-02-2025.sqlite,okx_perpetual||NOT-USDT||AIXBT-USDT||2025||isoweek9_02,1,NOT-USDT,LIMIT,BUY,0.0006838,OPEN,1740575684.074,0.00263,1300.0,3.419,1
okx_perpetual-ts-9-02-2025.sqlite,okx_perpetual||NOT-USDT||AIXBT-USDT||2025||isoweek9_02,1,NOT-USDT,MARKET,SELL,0.0017472,CLOSE,1740582248.428,0.002688,1300.0,3.4944,1
okx_perpetual-ts-9-02-2025.sqlite,okx_perpetual||NOT-USDT||AIXBT-USDT||2025||isoweek9_02,1,NOT-USDT,LIMIT,BUY,0.0002631,OPEN,1740575713.205,0.002631,500.0,1.3155,1
okx_perpetual-ts-9-02-2025.sqlite,okx_perpetual||NOT-USDT||AIXBT-USDT||2025||isoweek9_02,1,NOT-USDT,LIMIT,BUY,0.00042096,OPEN,1740575713.278,0.002631,800.0,2.1048,1
okx_perpetual-ts-9-02-2025.sqlite,okx_perpetual||NOT-USDT||AIXBT-USDT||2025||isoweek9_02,1,NOT-USDT,MARKET,SELL,0.00174915,CLOSE,1740582378.017,0.002691,1300.0,3.4983,1
okx_perpetual-ts-9-02-2025.sqlite,okx_perpetual||NOT-USDT||AIXBT-USDT||2025||isoweek9_02,1,NOT-USDT,LIMIT,BUY,0.00068328,OPEN,1740575731.689,0.002628,1300.0,3.4164,1
okx_perpetual-ts-9-02-2025.sqlite,okx_perpetual||NOT-USDT||AIXBT-USDT||2025||isoweek9_02,1,NOT-USDT,MARKET,SELL,0.0017524,CLOSE,1740582404.432,0.002696,1300.0,3.5048,1
okx_perpetual-ts-9-02-2025.sqlite,okx_perpetual||NOT-USDT||AIXBT-USDT||2025||isoweek9_02,1,NOT-USDT,LIMIT,BUY,0.0006838,OPEN,1740575707.925,0.00263,1300.0,3.419,1
okx_perpetual-ts-9-02-2025.sqlite,okx_perpetual||NOT-USDT||AIXBT-USDT||2025||isoweek9_02,1,NOT-USDT,MARKET,SELL,0.0017511,CLOSE,1740582410.83,0.002694,1300.0,3.5022,1
okx_perpetual-ts-9-02-2025.sqlite,okx_perpetual||NOT-USDT||AIXBT-USDT||2025||isoweek9_02,1,NOT-USDT,LIMIT,BUY,0.0006825,OPEN,1740575750.962,0.002625,1300.0,3.4125,1
okx_perpetual-ts-9-02-2025.sqlite,okx_perpetual||NOT-USDT||AIXBT-USDT||2025||isoweek9_02,1,NOT-USDT,MARKET,SELL,0.00175435,CLOSE,1740582474.321,0.002699,1300.0,3.5087,1
okx_perpetual-ts-9-02-2025.sqlite,okx_perpetual||NOT-USDT||AIXBT-USDT||2025||isoweek9_02,1,NOT-USDT,LIMIT,BUY,0.0006825,OPEN,1740575767.284,0.002625,1300.0,3.4125,1
okx_perpetual-ts-9-02-2025.sqlite,okx_perpetual||NOT-USDT||AIXBT-USDT||2025||isoweek9_02,1,NOT-USDT,MARKET,SELL,0.0017563,CLOSE,1740582493.488,0.002702,1300.0,3.5126,1
okx_perpetual-ts-9-02-2025.sqlite,okx_perpetual||NOT-USDT||AIXBT-USDT||2025||isoweek9_02,1,NOT-USDT,LIMIT,BUY,0.00068224,OPEN,1740575856.806,0.002624,1300.0,3.4112,1
okx_perpetual-ts-9-02-2025.sqlite,okx_perpetual||NOT-USDT||AIXBT-USDT||2025||isoweek9_02,1,NOT-USDT,MARKET,SELL,0.0017576,CLOSE,1740582498.859,0.002704,1300.0,3.5152,1
okx_perpetual-ts-9-02-2025.sqlite,okx_perpetual||NOT-USDT||AIXBT-USDT||2025||isoweek9_02,1,NOT-USDT,LIMIT,BUY,0.00067886,OPEN,1740575967.206,0.002611,1300.0,3.3943,1
okx_perpetual-ts-9-02-2025.sqlite,okx_perpetual||NOT-USDT||AIXBT-USDT||2025||isoweek9_02,1,NOT-USDT,MARKET,SELL,0.00175955,CLOSE,1740582636.373,0.002707,1300.0,3.5191,1
okx_perpetual-ts-9-02-2025.sqlite,okx_perpetual||NOT-USDT||AIXBT-USDT||2025||isoweek9_02,1,NOT-USDT,LIMIT,BUY,0.00068172,OPEN,1740575872.842,0.002622,1300.0,3.4086,1
okx_perpetual-ts-9-02-2025.sqlite,okx_perpetual||NOT-USDT||AIXBT-USDT||2025||isoweek9_02,1,NOT-USDT,MARKET,SELL,0.00176085,CLOSE,1740582639.563,0.002709,1300.0,3.5217,1
okx_perpetual-ts-9-02-2025.sqlite,okx_perpetual||NOT-USDT||AIXBT-USDT||2025||isoweek9_02,1,NOT-USDT,LIMIT,BUY,0.0006799,OPEN,1740576011.518,0.002615,1300.0,3.3995,1
okx_perpetual-ts-9-02-2025.sqlite,okx_perpetual||NOT-USDT||AIXBT-USDT||2025||isoweek9_02,1,NOT-USDT,MARKET,SELL,0.0017628,CLOSE,1740582673.808,0.002712,1300.0,3.5256,1
okx_perpetual-ts-9-02-2025.sqlite,okx_perpetual||NOT-USDT||AIXBT-USDT||2025||isoweek9_02,1,NOT-USDT,LIMIT,BUY,0.00067938,OPEN,1740576030.83,0.002613,1300.0,3.3969,1
okx_perpetual-ts-9-02-2025.sqlite,okx_perpetual||NOT-USDT||AIXBT-USDT||2025||isoweek9_02,1,NOT-USDT,MARKET,SELL,0.0017654,CLOSE,1740582722.882,0.002716,1300.0,3.5308,1
okx_perpetual-ts-9-02-2025.sqlite,okx_perpetual||NOT-USDT||AIXBT-USDT||2025||isoweek9_02,1,NOT-USDT,LIMIT,BUY,0.0006799,OPEN,1740576088.372,0.002615,1300.0,3.3995,1
okx_perpetual-ts-9-02-2025.sqlite,okx_perpetual||NOT-USDT||AIXBT-USDT||2025||isoweek9_02,1,NOT-USDT,MARKET,SELL,0.00176605,CLOSE,1740582724.972,0.002717,1300.0,3.5321,1
okx_perpetual-ts-9-02-2025.sqlite,okx_perpetual||NOT-USDT||AIXBT-USDT||2025||isoweek9_02,1,NOT-USDT,LIMIT,BUY,0.00067938,OPEN,1740576089.568,0.002613,1300.0,3.3969,1
okx_perpetual-ts-9-02-2025.sqlite,okx_perpetual||NOT-USDT||AIXBT-USDT||2025||isoweek9_02,1,NOT-USDT,MARKET,SELL,0.001768,CLOSE,1740582731.612,0.00272,1300.0,3.536,1
okx_perpetual-ts-9-02-2025.sqlite,okx_perpetual||NOT-USDT||AIXBT-USDT||2025||isoweek9_02,1,NOT-USDT,LIMIT,BUY,0.00047034,OPEN,1740576096.533,0.002613,900.0,2.3517,1
okx_perpetual-ts-9-02-2025.sqlite,okx_perpetual||NOT-USDT||AIXBT-USDT||2025||isoweek9_02,1,NOT-USDT,LIMIT,BUY,0.00020904,OPEN,1740576096.535,0.002613,400.0,1.0452,1
okx_perpetual-ts-9-02-2025.sqlite,okx_perpetual||NOT-USDT||AIXBT-USDT||2025||isoweek9_02,1,NOT-USDT,MARKET,SELL,0.00176995,CLOSE,1740582734.853,0.002723,1300.0,3.5399,1
okx_perpetual-ts-9-02-2025.sqlite,okx_perpetual||NOT-USDT||AIXBT-USDT||2025||isoweek9_02,1,NOT-USDT,LIMIT,BUY,0.00067886,OPEN,1740576101.345,0.002611,1300.0,3.3943,1
okx_perpetual-ts-9-02-2025.sqlite,okx_perpetual||NOT-USDT||AIXBT-USDT||2025||isoweek9_02,1,NOT-USDT,MARKET,SELL,0.00177125,CLOSE,1740582756.889,0.002725,1300.0,3.5425,1
okx_perpetual-ts-9-02-2025.sqlite,okx_perpetual||NOT-USDT||AIXBT-USDT||2025||isoweek9_02,1,NOT-USDT,LIMIT,BUY,0.00067782,OPEN,1740576117.338,0.002607,1300.0,3.3891,1
okx_perpetual-ts-9-02-2025.sqlite,okx_perpetual||NOT-USDT||AIXBT-USDT||2025||isoweek9_02,1,NOT-USDT,MARKET,SELL,0.00177385,CLOSE,1740582783.269,0.002729,1300.0,3.5477,1
okx_perpetual-ts-9-02-2025.sqlite,okx_perpetual||NOT-USDT||AIXBT-USDT||2025||isoweek9_02,1,NOT-USDT,LIMIT,BUY,0.00067886,OPEN,1740575961.554,0.002611,1300.0,3.3943,1
okx_perpetual-ts-9-02-2025.sqlite,okx_perpetual||NOT-USDT||AIXBT-USDT||2025||isoweek9_02,1,NOT-USDT,LIMIT,BUY,0.00067886,OPEN,1740576156.744,0.002611,1300.0,3.3943,1
okx_perpetual-ts-9-02-2025.sqlite,okx_perpetual||NOT-USDT||AIXBT-USDT||2025||isoweek9_02,1,NOT-USDT,LIMIT,BUY,0.00067912,OPEN,1740576156.152,0.002612,1300.0,3.3956,1
okx_perpetual-ts-9-02-2025.sqlite,okx_perpetual||NOT-USDT||AIXBT-USDT||2025||isoweek9_02,1,NOT-USDT,LIMIT,BUY,0.00068016,OPEN,1740576288.587,0.002616,1300.0,3.4008,1
okx_perpetual-ts-9-02-2025.sqlite,okx_perpetual||NOT-USDT||AIXBT-USDT||2025||isoweek9_02,1,NOT-USDT,LIMIT,BUY,0.00067938,OPEN,1740576308.721,0.002613,1300.0,3.3969,1
okx_perpetual-ts-9-02-2025.sqlite,okx_perpetual||NOT-USDT||AIXBT-USDT||2025||isoweek9_02,1,NOT-USDT,LIMIT,BUY,0.00067912,OPEN,1740576324.364,0.002612,1300.0,3.3956,1
okx_perpetual-ts-9-02-2025.sqlite,okx_perpetual||NOT-USDT||AIXBT-USDT||2025||isoweek9_02,1,NOT-USDT,LIMIT,BUY,0.0006786,OPEN,1740576335.724,0.00261,1300.0,3.393,1
okx_perpetual-ts-9-02-2025.sqlite,okx_perpetual||NOT-USDT||AIXBT-USDT||2025||isoweek9_02,1,NOT-USDT,LIMIT,BUY,0.00067834,OPEN,1740576336.861,0.002609,1300.0,3.3917,1
okx_perpetual-ts-9-02-2025.sqlite,okx_perpetual||NOT-USDT||AIXBT-USDT||2025||isoweek9_02,1,NOT-USDT,LIMIT,BUY,0.00067834,OPEN,1740576348.788,0.002609,1300.0,3.3917,1
okx_perpetual-ts-9-02-2025.sqlite,okx_perpetual||NOT-USDT||AIXBT-USDT||2025||isoweek9_02,1,NOT-USDT,LIMIT,BUY,0.00067678,OPEN,1740576393.722,0.002603,1300.0,3.3839,1
okx_perpetual-ts-9-02-2025.sqlite,okx_perpetual||NOT-USDT||AIXBT-USDT||2025||isoweek9_02,1,NOT-USDT,LIMIT,BUY,0.00067704,OPEN,1740576492.827,0.002604,1300.0,3.3852,1
okx_perpetual-ts-9-02-2025.sqlite,okx_perpetual||NOT-USDT||AIXBT-USDT||2025||isoweek9_02,1,NOT-USDT,LIMIT,BUY,0.0006773,OPEN,1740576660.794,0.002605,1300.0,3.3865,1
okx_perpetual-ts-9-02-2025.sqlite,okx_perpetual||NOT-USDT||AIXBT-USDT||2025||isoweek9_02,1,NOT-USDT,LIMIT,BUY,0.00067704,OPEN,1740576662.374,0.002604,1300.0,3.3852,1
okx_perpetual-ts-9-02-2025.sqlite,okx_perpetual||NOT-USDT||AIXBT-USDT||2025||isoweek9_02,1,NOT-USDT,LIMIT,BUY,0.00067912,OPEN,1740576686.842,0.002612,1300.0,3.3956,1
okx_perpetual-ts-9-02-2025.sqlite,okx_perpetual||NOT-USDT||AIXBT-USDT||2025||isoweek9_02,1,NOT-USDT,LIMIT,BUY,0.0006799,OPEN,1740576720.22,0.002615,1300.0,3.3995,1
okx_perpetual-ts-9-02-2025.sqlite,okx_perpetual||NOT-USDT||AIXBT-USDT||2025||isoweek9_02,1,NOT-USDT,LIMIT,BUY,0.00067912,OPEN,1740576741.968,0.002612,1300.0,3.3956,1
okx_perpetual-ts-9-02-2025.sqlite,okx_perpetual||NOT-USDT||AIXBT-USDT||2025||isoweek9_02,1,NOT-USDT,LIMIT,BUY,0.00067886,OPEN,1740576767.849,0.002611,1300.0,3.3943,1
okx_perpetual-ts-9-02-2025.sqlite,okx_perpetual||NOT-USDT||AIXBT-USDT||2025||isoweek9_02,1,NOT-USDT,LIMIT,BUY,0.0006786,OPEN,1740576777.639,0.00261,1300.0,3.393,1
okx_perpetual-ts-9-02-2025.sqlite,okx_perpetual||NOT-USDT||AIXBT-USDT||2025||isoweek9_02,1,NOT-USDT,LIMIT,BUY,0.00067964,OPEN,1740576815.886,0.002614,1300.0,3.3982,1
okx_perpetual-ts-9-02-2025.sqlite,okx_perpetual||NOT-USDT||AIXBT-USDT||2025||isoweek9_02,1,NOT-USDT,LIMIT,BUY,0.00067912,OPEN,1740576868.158,0.002612,1300.0,3.3956,1
okx_perpetual-ts-9-02-2025.sqlite,okx_perpetual||NOT-USDT||AIXBT-USDT||2025||isoweek9_02,1,NOT-USDT,LIMIT,BUY,0.0006786,OPEN,1740576899.972,0.00261,1300.0,3.393,1
okx_perpetual-ts-9-02-2025.sqlite,okx_perpetual||NOT-USDT||AIXBT-USDT||2025||isoweek9_02,1,NOT-USDT,LIMIT,BUY,0.00067808,OPEN,1740576914.006,0.002608,1300.0,3.3904,1
okx_perpetual-ts-9-02-2025.sqlite,okx_perpetual||NOT-USDT||AIXBT-USDT||2025||isoweek9_02,1,NOT-USDT,LIMIT,BUY,0.00067808,OPEN,1740576921.568,0.002608,1300.0,3.3904,1
okx_perpetual-ts-9-02-2025.sqlite,okx_perpetual||NOT-USDT||AIXBT-USDT||2025||isoweek9_02,1,NOT-USDT,LIMIT,BUY,0.00067756,OPEN,1740576981.694,0.002606,1300.0,3.3878,1
okx_perpetual-ts-9-02-2025.sqlite,okx_perpetual||NOT-USDT||AIXBT-USDT||2025||isoweek9_02,1,NOT-USDT,LIMIT,BUY,0.0006773,OPEN,1740577060.807,0.002605,1300.0,3.3865,1
okx_perpetual-ts-9-02-2025.sqlite,okx_perpetual||NOT-USDT||AIXBT-USDT||2025||isoweek9_02,1,NOT-USDT,LIMIT,BUY,0.00169325,OPEN,1740577060.809,0.002605,1300.0,3.3865,1
okx_perpetual-ts-9-02-2025.sqlite,okx_perpetual||NOT-USDT||AIXBT-USDT||2025||isoweek9_02,1,NOT-USDT,LIMIT,BUY,0.00067678,OPEN,1740577237.262,0.002603,1300.0,3.3839,1
okx_perpetual-ts-9-02-2025.sqlite,okx_perpetual||NOT-USDT||AIXBT-USDT||2025||isoweek9_02,1,NOT-USDT,LIMIT,BUY,0.00067652,OPEN,1740577242.254,0.002602,1300.0,3.3826,1
okx_perpetual-ts-9-02-2025.sqlite,okx_perpetual||NOT-USDT||AIXBT-USDT||2025||isoweek9_02,1,NOT-USDT,LIMIT,BUY,0.00067678,OPEN,1740577265.69,0.002603,1300.0,3.3839,1
okx_perpetual-ts-9-02-2025.sqlite,okx_perpetual||NOT-USDT||AIXBT-USDT||2025||isoweek9_02,1,NOT-USDT,LIMIT,BUY,0.00067574,OPEN,1740577282.467,0.002599,1300.0,3.3787,1
okx_perpetual-ts-9-02-2025.sqlite,okx_perpetual||NOT-USDT||AIXBT-USDT||2025||isoweek9_02,1,NOT-USDT,LIMIT,BUY,0.00067678,OPEN,1740577357.155,0.002603,1300.0,3.3839,1
okx_perpetual-ts-9-02-2025.sqlite,okx_perpetual||NOT-USDT||AIXBT-USDT||2025||isoweek9_02,1,NOT-USDT,LIMIT,BUY,0.00067782,OPEN,1740577423.634,0.002607,1300.0,3.3891,1
okx_perpetual-ts-9-02-2025.sqlite,okx_perpetual||NOT-USDT||AIXBT-USDT||2025||isoweek9_02,1,NOT-USDT,LIMIT,BUY,0.0006799,OPEN,1740577515.885,0.002615,1300.0,3.3995,1
okx_perpetual-ts-9-02-2025.sqlite,okx_perpetual||NOT-USDT||AIXBT-USDT||2025||isoweek9_02,1,NOT-USDT,LIMIT,BUY,0.00068016,OPEN,1740577571.839,0.002616,1300.0,3.4008,1
okx_perpetual-ts-9-02-2025.sqlite,okx_perpetual||NOT-USDT||AIXBT-USDT||2025||isoweek9_02,1,NOT-USDT,LIMIT,BUY,0.00041888,OPEN,1740577601.419,0.002618,800.0,2.0944,1
okx_perpetual-ts-9-02-2025.sqlite,okx_perpetual||NOT-USDT||AIXBT-USDT||2025||isoweek9_02,1,NOT-USDT,LIMIT,BUY,0.0002618,OPEN,1740577602.128,0.002618,500.0,1.309,1
okx_perpetual-ts-9-02-2025.sqlite,okx_perpetual||NOT-USDT||AIXBT-USDT||2025||isoweek9_02,1,NOT-USDT,LIMIT,BUY,0.00068016,OPEN,1740577606.504,0.002616,1300.0,3.4008,1
okx_perpetual-ts-9-02-2025.sqlite,okx_perpetual||NOT-USDT||AIXBT-USDT||2025||isoweek9_02,1,NOT-USDT,LIMIT,BUY,0.00067964,OPEN,1740577622.163,0.002614,1300.0,3.3982,1
okx_perpetual-ts-9-02-2025.sqlite,okx_perpetual||NOT-USDT||AIXBT-USDT||2025||isoweek9_02,1,NOT-USDT,LIMIT,BUY,0.00067886,OPEN,1740577639.072,0.002611,1300.0,3.3943,1
okx_perpetual-ts-9-02-2025.sqlite,okx_perpetual||NOT-USDT||AIXBT-USDT||2025||isoweek9_02,1,NOT-USDT,LIMIT,BUY,0.00067834,OPEN,1740577646.494,0.002609,1300.0,3.3917,1
okx_perpetual-ts-9-02-2025.sqlite,okx_perpetual||NOT-USDT||AIXBT-USDT||2025||isoweek9_02,1,NOT-USDT,LIMIT,BUY,0.00067782,OPEN,1740577677.084,0.002607,1300.0,3.3891,1
okx_perpetual-ts-9-02-2025.sqlite,okx_perpetual||NOT-USDT||AIXBT-USDT||2025||isoweek9_02,1,NOT-USDT,LIMIT,BUY,0.0006773,OPEN,1740577682.143,0.002605,1300.0,3.3865,1
okx_perpetual-ts-9-02-2025.sqlite,okx_perpetual||NOT-USDT||AIXBT-USDT||2025||isoweek9_02,1,NOT-USDT,LIMIT,BUY,0.00067782,OPEN,1740577716.004,0.002607,1300.0,3.3891,1
okx_perpetual-ts-9-02-2025.sqlite,okx_perpetual||NOT-USDT||AIXBT-USDT||2025||isoweek9_02,1,NOT-USDT,LIMIT,BUY,0.00067834,OPEN,1740577855.084,0.002609,1300.0,3.3917,1
okx_perpetual-ts-9-02-2025.sqlite,okx_perpetual||NOT-USDT||AIXBT-USDT||2025||isoweek9_02,1,NOT-USDT,LIMIT,BUY,0.00067964,OPEN,1740577919.713,0.002614,1300.0,3.3982,1
okx_perpetual-ts-9-02-2025.sqlite,okx_perpetual||NOT-USDT||AIXBT-USDT||2025||isoweek9_02,1,NOT-USDT,LIMIT,BUY,0.00067886,OPEN,1740577927.076,0.002611,1300.0,3.3943,1
okx_perpetual-ts-9-02-2025.sqlite,okx_perpetual||NOT-USDT||AIXBT-USDT||2025||isoweek9_02,1,NOT-USDT,LIMIT,BUY,0.00067912,OPEN,1740577965.065,0.002612,1300.0,3.3956,1
okx_perpetual-ts-9-02-2025.sqlite,okx_perpetual||NOT-USDT||AIXBT-USDT||2025||isoweek9_02,1,NOT-USDT,LIMIT,BUY,0.00067886,OPEN,1740577977.559,0.002611,1300.0,3.3943,1
okx_perpetual-ts-9-02-2025.sqlite,okx_perpetual||NOT-USDT||AIXBT-USDT||2025||isoweek9_02,1,NOT-USDT,LIMIT,BUY,0.0006786,OPEN,1740577981.646,0.00261,1300.0,3.393,1
okx_perpetual-ts-9-02-2025.sqlite,okx_perpetual||NOT-USDT||AIXBT-USDT||2025||isoweek9_02,1,NOT-USDT,LIMIT,BUY,0.00067834,OPEN,1740577983.152,0.002609,1300.0,3.3917,1
okx_perpetual-ts-9-02-2025.sqlite,okx_perpetual||NOT-USDT||AIXBT-USDT||2025||isoweek9_02,1,NOT-USDT,LIMIT,BUY,0.00067808,OPEN,1740578000.057,0.002608,1300.0,3.3904,1
okx_perpetual-ts-9-02-2025.sqlite,okx_perpetual||NOT-USDT||AIXBT-USDT||2025||isoweek9_02,1,NOT-USDT,LIMIT,BUY,0.00067912,OPEN,1740578082.587,0.002612,1300.0,3.3956,1
okx_perpetual-ts-9-02-2025.sqlite,okx_perpetual||NOT-USDT||AIXBT-USDT||2025||isoweek9_02,1,NOT-USDT,LIMIT,BUY,0.00067886,OPEN,1740578090.579,0.002611,1300.0,3.3943,1
okx_perpetual-ts-9-02-2025.sqlite,okx_perpetual||NOT-USDT||AIXBT-USDT||2025||isoweek9_02,1,NOT-USDT,LIMIT,BUY,0.00067886,OPEN,1740578120.326,0.002611,1300.0,3.3943,1
okx_perpetual-ts-9-02-2025.sqlite,okx_perpetual||NOT-USDT||AIXBT-USDT||2025||isoweek9_02,1,NOT-USDT,LIMIT,BUY,0.00067834,OPEN,1740578145.545,0.002609,1300.0,3.3917,1
okx_perpetual-ts-9-02-2025.sqlite,okx_perpetual||NOT-USDT||AIXBT-USDT||2025||isoweek9_02,1,NOT-USDT,LIMIT,BUY,0.00067808,OPEN,1740578148.037,0.002608,1300.0,3.3904,1
okx_perpetual-ts-9-02-2025.sqlite,okx_perpetual||NOT-USDT||AIXBT-USDT||2025||isoweek9_02,1,NOT-USDT,LIMIT,BUY,0.00067808,OPEN,1740578158.157,0.002608,1300.0,3.3904,1
okx_perpetual-ts-9-02-2025.sqlite,okx_perpetual||NOT-USDT||AIXBT-USDT||2025||isoweek9_02,1,NOT-USDT,LIMIT,BUY,0.00015642,OPEN,1740578163.506,0.002607,300.0,0.7821,1
okx_perpetual-ts-9-02-2025.sqlite,okx_perpetual||NOT-USDT||AIXBT-USDT||2025||isoweek9_02,1,NOT-USDT,LIMIT,BUY,0.0005214,OPEN,1740578163.862,0.002607,1000.0,2.607,1
okx_perpetual-ts-9-02-2025.sqlite,okx_perpetual||NOT-USDT||AIXBT-USDT||2025||isoweek9_02,1,NOT-USDT,LIMIT,BUY,0.00067678,OPEN,1740578180.312,0.002603,1300.0,3.3839,1
okx_perpetual-ts-9-02-2025.sqlite,okx_perpetual||NOT-USDT||AIXBT-USDT||2025||isoweek9_02,1,NOT-USDT,LIMIT,BUY,0.0006773,OPEN,1740578200.724,0.002605,1300.0,3.3865,1
okx_perpetual-ts-9-02-2025.sqlite,okx_perpetual||NOT-USDT||AIXBT-USDT||2025||isoweek9_02,1,NOT-USDT,LIMIT,BUY,0.0006773,OPEN,1740578210.483,0.002605,1300.0,3.3865,1
okx_perpetual-ts-9-02-2025.sqlite,okx_perpetual||NOT-USDT||AIXBT-USDT||2025||isoweek9_02,1,NOT-USDT,MARKET,SELL,0.004887,CLOSE,1740582856.224,0.002715,3600.0,9.774,1
okx_perpetual-ts-9-02-2025.sqlite,okx_perpetual||NOT-USDT||AIXBT-USDT||2025||isoweek9_02,1,NOT-USDT,MARKET,SELL,0.100998,CLOSE,1740582856.225,0.002715,74400.0,201.996,1
okx_perpetual-ts-9-02-2025.sqlite,okx_perpetual||NOT-USDT||AIXBT-USDT||2025||isoweek9_02,2,AIXBT-USDT,LIMIT,SELL,0.0010175,OPEN,1740575482.009,0.2035,10.0,2.035,-1
okx_perpetual-ts-9-02-2025.sqlite,okx_perpetual||NOT-USDT||AIXBT-USDT||2025||isoweek9_02,2,AIXBT-USDT,MARKET,BUY,0.001007,CLOSE,1740575574.175,0.2014,10.0,2.014,-1
okx_perpetual-ts-9-02-2025.sqlite,okx_perpetual||NOT-USDT||AIXBT-USDT||2025||isoweek9_02,2,AIXBT-USDT,LIMIT,SELL,0.0004058,OPEN,1740575469.121,0.2029,10.0,2.029,-1
okx_perpetual-ts-9-02-2025.sqlite,okx_perpetual||NOT-USDT||AIXBT-USDT||2025||isoweek9_02,2,AIXBT-USDT,MARKET,BUY,0.0010065,CLOSE,1740575582.181,0.2013,10.0,2.013,-1
okx_perpetual-ts-9-02-2025.sqlite,okx_perpetual||NOT-USDT||AIXBT-USDT||2025||isoweek9_02,2,AIXBT-USDT,LIMIT,SELL,0.0004052,OPEN,1740575458.104,0.2026,10.0,2.026,-1
okx_perpetual-ts-9-02-2025.sqlite,okx_perpetual||NOT-USDT||AIXBT-USDT||2025||isoweek9_02,2,AIXBT-USDT,MARKET,BUY,0.0010045,CLOSE,1740575601.424,0.2009,10.0,2.009,-1
okx_perpetual-ts-9-02-2025.sqlite,okx_perpetual||NOT-USDT||AIXBT-USDT||2025||isoweek9_02,2,AIXBT-USDT,LIMIT,SELL,0.0004048,OPEN,1740575426.574,0.2024,10.0,2.024,-1
okx_perpetual-ts-9-02-2025.sqlite,okx_perpetual||NOT-USDT||AIXBT-USDT||2025||isoweek9_02,2,AIXBT-USDT,MARKET,BUY,0.0010035,CLOSE,1740575605.422,0.2007,10.0,2.007,-1
okx_perpetual-ts-9-02-2025.sqlite,okx_perpetual||NOT-USDT||AIXBT-USDT||2025||isoweek9_02,2,AIXBT-USDT,LIMIT,SELL,0.0004044,OPEN,1740575408.424,0.2022,10.0,2.022,-1
okx_perpetual-ts-9-02-2025.sqlite,okx_perpetual||NOT-USDT||AIXBT-USDT||2025||isoweek9_02,2,AIXBT-USDT,MARKET,BUY,0.0010025,CLOSE,1740575608.56,0.2005,10.0,2.005,-1
okx_perpetual-ts-9-02-2025.sqlite,okx_perpetual||NOT-USDT||AIXBT-USDT||2025||isoweek9_02,2,AIXBT-USDT,LIMIT,SELL,0.000404,OPEN,1740575399.351,0.202,10.0,2.02,-1
okx_perpetual-ts-9-02-2025.sqlite,okx_perpetual||NOT-USDT||AIXBT-USDT||2025||isoweek9_02,2,AIXBT-USDT,MARKET,BUY,0.0010015,CLOSE,1740575680.132,0.2003,10.0,2.003,-1
okx_perpetual-ts-9-02-2025.sqlite,okx_perpetual||NOT-USDT||AIXBT-USDT||2025||isoweek9_02,2,AIXBT-USDT,LIMIT,SELL,0.0004036,OPEN,1740575389.135,0.2018,10.0,2.018,-1
okx_perpetual-ts-9-02-2025.sqlite,okx_perpetual||NOT-USDT||AIXBT-USDT||2025||isoweek9_02,2,AIXBT-USDT,MARKET,BUY,0.001001,CLOSE,1740575684.996,0.2002,10.0,2.002,-1
okx_perpetual-ts-9-02-2025.sqlite,okx_perpetual||NOT-USDT||AIXBT-USDT||2025||isoweek9_02,2,AIXBT-USDT,LIMIT,SELL,0.000403,OPEN,1740575359.557,0.2015,10.0,2.015,-1
okx_perpetual-ts-9-02-2025.sqlite,okx_perpetual||NOT-USDT||AIXBT-USDT||2025||isoweek9_02,2,AIXBT-USDT,MARKET,BUY,0.001,CLOSE,1740575702.971,0.2,10.0,2.0,-1
okx_perpetual-ts-9-02-2025.sqlite,okx_perpetual||NOT-USDT||AIXBT-USDT||2025||isoweek9_02,2,AIXBT-USDT,LIMIT,SELL,0.0004032,OPEN,1740575363.759,0.2016,10.0,2.016,-1
okx_perpetual-ts-9-02-2025.sqlite,okx_perpetual||NOT-USDT||AIXBT-USDT||2025||isoweek9_02,2,AIXBT-USDT,MARKET,BUY,0.000999,CLOSE,1740575787.145,0.1998,10.0,1.998,-1
okx_perpetual-ts-9-02-2025.sqlite,okx_perpetual||NOT-USDT||AIXBT-USDT||2025||isoweek9_02,2,AIXBT-USDT,LIMIT,SELL,0.0010135,OPEN,1740575452.757,0.2027,10.0,2.027,-1
okx_perpetual-ts-9-02-2025.sqlite,okx_perpetual||NOT-USDT||AIXBT-USDT||2025||isoweek9_02,2,AIXBT-USDT,MARKET,BUY,0.0010055,CLOSE,1740575946.903,0.2011,10.0,2.011,-1
okx_perpetual-ts-9-02-2025.sqlite,okx_perpetual||NOT-USDT||AIXBT-USDT||2025||isoweek9_02,2,AIXBT-USDT,LIMIT,SELL,0.0008044,OPEN,1740575275.598,0.2011,20.0,4.022,-1
okx_perpetual-ts-9-02-2025.sqlite,okx_perpetual||NOT-USDT||AIXBT-USDT||2025||isoweek9_02,2,AIXBT-USDT,MARKET,BUY,0.001995,CLOSE,1740576110.136,0.1995,20.0,3.99,-1
okx_perpetual-ts-9-02-2025.sqlite,okx_perpetual||NOT-USDT||AIXBT-USDT||2025||isoweek9_02,2,AIXBT-USDT,LIMIT,SELL,0.0008044,OPEN,1740575280.449,0.2011,20.0,4.022,-1
okx_perpetual-ts-9-02-2025.sqlite,okx_perpetual||NOT-USDT||AIXBT-USDT||2025||isoweek9_02,2,AIXBT-USDT,MARKET,BUY,0.001993,CLOSE,1740576115.538,0.1993,20.0,3.986,-1
okx_perpetual-ts-9-02-2025.sqlite,okx_perpetual||NOT-USDT||AIXBT-USDT||2025||isoweek9_02,2,AIXBT-USDT,LIMIT,SELL,0.002012,OPEN,1740575285.266,0.2012,20.0,4.024,-1
okx_perpetual-ts-9-02-2025.sqlite,okx_perpetual||NOT-USDT||AIXBT-USDT||2025||isoweek9_02,2,AIXBT-USDT,MARKET,BUY,0.001992,CLOSE,1740576122.153,0.1992,20.0,3.984,-1
okx_perpetual-ts-9-02-2025.sqlite,okx_perpetual||NOT-USDT||AIXBT-USDT||2025||isoweek9_02,2,AIXBT-USDT,LIMIT,SELL,0.0008036,OPEN,1740575294.671,0.2009,20.0,4.018,-1
okx_perpetual-ts-9-02-2025.sqlite,okx_perpetual||NOT-USDT||AIXBT-USDT||2025||isoweek9_02,2,AIXBT-USDT,MARKET,BUY,0.001989,CLOSE,1740576133.596,0.1989,20.0,3.978,-1
okx_perpetual-ts-9-02-2025.sqlite,okx_perpetual||NOT-USDT||AIXBT-USDT||2025||isoweek9_02,2,AIXBT-USDT,LIMIT,SELL,0.0008044,OPEN,1740576280.82,0.2011,20.0,4.022,-1
okx_perpetual-ts-9-02-2025.sqlite,okx_perpetual||NOT-USDT||AIXBT-USDT||2025||isoweek9_02,2,AIXBT-USDT,MARKET,BUY,0.001996,CLOSE,1740576747.099,0.1996,20.0,3.992,-1
okx_perpetual-ts-9-02-2025.sqlite,okx_perpetual||NOT-USDT||AIXBT-USDT||2025||isoweek9_02,2,AIXBT-USDT,LIMIT,SELL,0.0008052,OPEN,1740576453.853,0.2013,20.0,4.026,-1
okx_perpetual-ts-9-02-2025.sqlite,okx_perpetual||NOT-USDT||AIXBT-USDT||2025||isoweek9_02,2,AIXBT-USDT,MARKET,BUY,0.001999,CLOSE,1740576753.893,0.1999,20.0,3.998,-1
okx_perpetual-ts-9-02-2025.sqlite,okx_perpetual||NOT-USDT||AIXBT-USDT||2025||isoweek9_02,2,AIXBT-USDT,LIMIT,SELL,0.000403,OPEN,1740577017.834,0.2015,10.0,2.015,-1
okx_perpetual-ts-9-02-2025.sqlite,okx_perpetual||NOT-USDT||AIXBT-USDT||2025||isoweek9_02,2,AIXBT-USDT,MARKET,BUY,0.0009995,CLOSE,1740577154.802,0.1999,10.0,1.999,-1
okx_perpetual-ts-9-02-2025.sqlite,okx_perpetual||NOT-USDT||AIXBT-USDT||2025||isoweek9_02,2,AIXBT-USDT,LIMIT,SELL,0.0008052,OPEN,1740576960.066,0.2013,20.0,4.026,-1
okx_perpetual-ts-9-02-2025.sqlite,okx_perpetual||NOT-USDT||AIXBT-USDT||2025||isoweek9_02,2,AIXBT-USDT,MARKET,BUY,0.001997,CLOSE,1740577239.848,0.1997,20.0,3.994,-1
okx_perpetual-ts-9-02-2025.sqlite,okx_perpetual||NOT-USDT||AIXBT-USDT||2025||isoweek9_02,2,AIXBT-USDT,LIMIT,SELL,0.0010085,OPEN,1740577806.188,0.2017,10.0,2.017,-1
okx_perpetual-ts-9-02-2025.sqlite,okx_perpetual||NOT-USDT||AIXBT-USDT||2025||isoweek9_02,2,AIXBT-USDT,MARKET,BUY,0.0010005,CLOSE,1740578068.691,0.2001,10.0,2.001,-1
okx_perpetual-ts-9-02-2025.sqlite,okx_perpetual||NOT-USDT||AIXBT-USDT||2025||isoweek9_02,2,AIXBT-USDT,LIMIT,SELL,0.000403,OPEN,1740577536.211,0.2015,10.0,2.015,-1
okx_perpetual-ts-9-02-2025.sqlite,okx_perpetual||NOT-USDT||AIXBT-USDT||2025||isoweek9_02,2,AIXBT-USDT,MARKET,BUY,0.0009995,CLOSE,1740578170.127,0.1999,10.0,1.999,-1
okx_perpetual-ts-9-02-2025.sqlite,okx_perpetual||NOT-USDT||AIXBT-USDT||2025||isoweek9_02,2,AIXBT-USDT,LIMIT,SELL,0.0008052,OPEN,1740577513.059,0.2013,20.0,4.026,-1
okx_perpetual-ts-9-02-2025.sqlite,okx_perpetual||NOT-USDT||AIXBT-USDT||2025||isoweek9_02,2,AIXBT-USDT,MARKET,BUY,0.001997,CLOSE,1740578174.384,0.1997,20.0,3.994,-1
okx_perpetual-ts-9-02-2025.sqlite,okx_perpetual||NOT-USDT||AIXBT-USDT||2025||isoweek9_02,2,AIXBT-USDT,LIMIT,SELL,0.002011,OPEN,1740576812.264,0.2011,20.0,4.022,-1
okx_perpetual-ts-9-02-2025.sqlite,okx_perpetual||NOT-USDT||AIXBT-USDT||2025||isoweek9_02,2,AIXBT-USDT,MARKET,BUY,0.001996,CLOSE,1740578331.555,0.1996,20.0,3.992,-1
okx_perpetual-ts-9-02-2025.sqlite,okx_perpetual||NOT-USDT||AIXBT-USDT||2025||isoweek9_02,2,AIXBT-USDT,LIMIT,SELL,0.000804,OPEN,1740576273.733,0.201,20.0,4.02,-1
okx_perpetual-ts-9-02-2025.sqlite,okx_perpetual||NOT-USDT||AIXBT-USDT||2025||isoweek9_02,2,AIXBT-USDT,MARKET,BUY,0.001993,CLOSE,1740578403.101,0.1993,20.0,3.986,-1
okx_perpetual-ts-9-02-2025.sqlite,okx_perpetual||NOT-USDT||AIXBT-USDT||2025||isoweek9_02,2,AIXBT-USDT,LIMIT,SELL,0.0008028,OPEN,1740576265.865,0.2007,20.0,4.014,-1
okx_perpetual-ts-9-02-2025.sqlite,okx_perpetual||NOT-USDT||AIXBT-USDT||2025||isoweek9_02,2,AIXBT-USDT,MARKET,BUY,0.001989,CLOSE,1740578430.766,0.1989,20.0,3.978,-1
okx_perpetual-ts-9-02-2025.sqlite,okx_perpetual||NOT-USDT||AIXBT-USDT||2025||isoweek9_02,2,AIXBT-USDT,LIMIT,SELL,0.0008032,OPEN,1740575306.669,0.2008,20.0,4.016,-1
okx_perpetual-ts-9-02-2025.sqlite,okx_perpetual||NOT-USDT||AIXBT-USDT||2025||isoweek9_02,2,AIXBT-USDT,MARKET,BUY,0.001987,CLOSE,1740578435.399,0.1987,20.0,3.974,-1
okx_perpetual-ts-9-02-2025.sqlite,okx_perpetual||NOT-USDT||AIXBT-USDT||2025||isoweek9_02,2,AIXBT-USDT,LIMIT,SELL,0.0008032,OPEN,1740575321.138,0.2008,20.0,4.016,-1
okx_perpetual-ts-9-02-2025.sqlite,okx_perpetual||NOT-USDT||AIXBT-USDT||2025||isoweek9_02,2,AIXBT-USDT,MARKET,BUY,0.001985,CLOSE,1740578452.82,0.1985,20.0,3.97,-1
okx_perpetual-ts-9-02-2025.sqlite,okx_perpetual||NOT-USDT||AIXBT-USDT||2025||isoweek9_02,2,AIXBT-USDT,LIMIT,SELL,0.0008032,OPEN,1740575321.138,0.2008,20.0,4.016,-1
okx_perpetual-ts-9-02-2025.sqlite,okx_perpetual||NOT-USDT||AIXBT-USDT||2025||isoweek9_02,2,AIXBT-USDT,MARKET,BUY,0.001983,CLOSE,1740578456.319,0.1983,20.0,3.966,-1
okx_perpetual-ts-9-02-2025.sqlite,okx_perpetual||NOT-USDT||AIXBT-USDT||2025||isoweek9_02,2,AIXBT-USDT,LIMIT,SELL,0.0008032,OPEN,1740575326.251,0.2008,20.0,4.016,-1
okx_perpetual-ts-9-02-2025.sqlite,okx_perpetual||NOT-USDT||AIXBT-USDT||2025||isoweek9_02,2,AIXBT-USDT,MARKET,BUY,0.001981,CLOSE,1740578460.645,0.1981,20.0,3.962,-1
okx_perpetual-ts-9-02-2025.sqlite,okx_perpetual||NOT-USDT||AIXBT-USDT||2025||isoweek9_02,2,AIXBT-USDT,LIMIT,SELL,0.0008028,OPEN,1740575334.353,0.2007,20.0,4.014,-1
okx_perpetual-ts-9-02-2025.sqlite,okx_perpetual||NOT-USDT||AIXBT-USDT||2025||isoweek9_02,2,AIXBT-USDT,MARKET,BUY,0.001979,CLOSE,1740578466.473,0.1979,20.0,3.958,-1
okx_perpetual-ts-9-02-2025.sqlite,okx_perpetual||NOT-USDT||AIXBT-USDT||2025||isoweek9_02,2,AIXBT-USDT,LIMIT,SELL,0.0008048,OPEN,1740575354.283,0.2012,20.0,4.024,-1
okx_perpetual-ts-9-02-2025.sqlite,okx_perpetual||NOT-USDT||AIXBT-USDT||2025||isoweek9_02,2,AIXBT-USDT,MARKET,BUY,0.001976,CLOSE,1740578468.857,0.1976,20.0,3.952,-1
okx_perpetual-ts-9-02-2025.sqlite,okx_perpetual||NOT-USDT||AIXBT-USDT||2025||isoweek9_02,2,AIXBT-USDT,LIMIT,SELL,0.0008028,OPEN,1740575346.424,0.2007,20.0,4.014,-1
okx_perpetual-ts-9-02-2025.sqlite,okx_perpetual||NOT-USDT||AIXBT-USDT||2025||isoweek9_02,2,AIXBT-USDT,MARKET,BUY,0.001975,CLOSE,1740578469.861,0.1975,20.0,3.95,-1
okx_perpetual-ts-9-02-2025.sqlite,okx_perpetual||NOT-USDT||AIXBT-USDT||2025||isoweek9_02,2,AIXBT-USDT,LIMIT,SELL,0.001008,OPEN,1740575368.163,0.2016,10.0,2.016,-1
okx_perpetual-ts-9-02-2025.sqlite,okx_perpetual||NOT-USDT||AIXBT-USDT||2025||isoweek9_02,2,AIXBT-USDT,MARKET,BUY,0.0009855,CLOSE,1740578514.591,0.1971,10.0,1.971,-1
okx_perpetual-ts-9-02-2025.sqlite,okx_perpetual||NOT-USDT||AIXBT-USDT||2025||isoweek9_02,2,AIXBT-USDT,LIMIT,SELL,0.0004032,OPEN,1740575375.274,0.2016,10.0,2.016,-1
okx_perpetual-ts-9-02-2025.sqlite,okx_perpetual||NOT-USDT||AIXBT-USDT||2025||isoweek9_02,2,AIXBT-USDT,MARKET,BUY,0.0009855,CLOSE,1740578527.777,0.1971,10.0,1.971,-1
okx_perpetual-ts-9-02-2025.sqlite,okx_perpetual||NOT-USDT||AIXBT-USDT||2025||isoweek9_02,2,AIXBT-USDT,LIMIT,SELL,0.0004032,OPEN,1740575380.308,0.2016,10.0,2.016,-1
okx_perpetual-ts-9-02-2025.sqlite,okx_perpetual||NOT-USDT||AIXBT-USDT||2025||isoweek9_02,2,AIXBT-USDT,MARKET,BUY,0.000984,CLOSE,1740578569.323,0.1968,10.0,1.968,-1
okx_perpetual-ts-9-02-2025.sqlite,okx_perpetual||NOT-USDT||AIXBT-USDT||2025||isoweek9_02,2,AIXBT-USDT,LIMIT,SELL,0.0004032,OPEN,1740575384.477,0.2016,10.0,2.016,-1
okx_perpetual-ts-9-02-2025.sqlite,okx_perpetual||NOT-USDT||AIXBT-USDT||2025||isoweek9_02,2,AIXBT-USDT,MARKET,BUY,0.000983,CLOSE,1740578574.418,0.1966,10.0,1.966,-1
okx_perpetual-ts-9-02-2025.sqlite,okx_perpetual||NOT-USDT||AIXBT-USDT||2025||isoweek9_02,2,AIXBT-USDT,LIMIT,SELL,0.001011,OPEN,1740575408.426,0.2022,10.0,2.022,-1
okx_perpetual-ts-9-02-2025.sqlite,okx_perpetual||NOT-USDT||AIXBT-USDT||2025||isoweek9_02,2,AIXBT-USDT,MARKET,BUY,0.000982,CLOSE,1740578593.898,0.1964,10.0,1.964,-1
okx_perpetual-ts-9-02-2025.sqlite,okx_perpetual||NOT-USDT||AIXBT-USDT||2025||isoweek9_02,2,AIXBT-USDT,LIMIT,SELL,0.0004042,OPEN,1740575413.681,0.2021,10.0,2.021,-1
okx_perpetual-ts-9-02-2025.sqlite,okx_perpetual||NOT-USDT||AIXBT-USDT||2025||isoweek9_02,2,AIXBT-USDT,MARKET,BUY,0.0009815,CLOSE,1740578607.51,0.1963,10.0,1.963,-1
okx_perpetual-ts-9-02-2025.sqlite,okx_perpetual||NOT-USDT||AIXBT-USDT||2025||isoweek9_02,2,AIXBT-USDT,LIMIT,SELL,0.0004042,OPEN,1740575434.607,0.2021,10.0,2.021,-1
okx_perpetual-ts-9-02-2025.sqlite,okx_perpetual||NOT-USDT||AIXBT-USDT||2025||isoweek9_02,2,AIXBT-USDT,MARKET,BUY,0.00098,CLOSE,1740579038.429,0.196,10.0,1.96,-1
okx_perpetual-ts-9-02-2025.sqlite,okx_perpetual||NOT-USDT||AIXBT-USDT||2025||isoweek9_02,2,AIXBT-USDT,LIMIT,SELL,0.0007944,OPEN,1740579348.439,0.1986,20.0,3.972,-1
okx_perpetual-ts-9-02-2025.sqlite,okx_perpetual||NOT-USDT||AIXBT-USDT||2025||isoweek9_02,2,AIXBT-USDT,MARKET,BUY,0.001971,CLOSE,1740579578.748,0.1971,20.0,3.942,-1
okx_perpetual-ts-9-02-2025.sqlite,okx_perpetual||NOT-USDT||AIXBT-USDT||2025||isoweek9_02,2,AIXBT-USDT,LIMIT,SELL,0.0007936,OPEN,1740579342.358,0.1984,20.0,3.968,-1
okx_perpetual-ts-9-02-2025.sqlite,okx_perpetual||NOT-USDT||AIXBT-USDT||2025||isoweek9_02,2,AIXBT-USDT,MARKET,BUY,0.001968,CLOSE,1740579708.124,0.1968,20.0,3.936,-1
okx_perpetual-ts-9-02-2025.sqlite,okx_perpetual||NOT-USDT||AIXBT-USDT||2025||isoweek9_02,2,AIXBT-USDT,LIMIT,SELL,0.0007924,OPEN,1740579332.316,0.1981,20.0,3.962,-1
okx_perpetual-ts-9-02-2025.sqlite,okx_perpetual||NOT-USDT||AIXBT-USDT||2025||isoweek9_02,2,AIXBT-USDT,MARKET,BUY,0.001964,CLOSE,1740579754.474,0.1964,20.0,3.928,-1
okx_perpetual-ts-9-02-2025.sqlite,okx_perpetual||NOT-USDT||AIXBT-USDT||2025||isoweek9_02,2,AIXBT-USDT,LIMIT,SELL,0.001983,OPEN,1740579333.951,0.1983,20.0,3.966,-1
okx_perpetual-ts-9-02-2025.sqlite,okx_perpetual||NOT-USDT||AIXBT-USDT||2025||isoweek9_02,2,AIXBT-USDT,MARKET,BUY,0.001966,CLOSE,1740579758.394,0.1966,20.0,3.932,-1
okx_perpetual-ts-9-02-2025.sqlite,okx_perpetual||NOT-USDT||AIXBT-USDT||2025||isoweek9_02,2,AIXBT-USDT,LIMIT,SELL,0.0008036,OPEN,1740575602.524,0.2009,20.0,4.018,-1
okx_perpetual-ts-9-02-2025.sqlite,okx_perpetual||NOT-USDT||AIXBT-USDT||2025||isoweek9_02,2,AIXBT-USDT,MARKET,BUY,0.001925,CLOSE,1740580086.469,0.1925,20.0,3.85,-1
okx_perpetual-ts-9-02-2025.sqlite,okx_perpetual||NOT-USDT||AIXBT-USDT||2025||isoweek9_02,2,AIXBT-USDT,LIMIT,SELL,0.002005,OPEN,1740575926.538,0.2005,20.0,4.01,-1
okx_perpetual-ts-9-02-2025.sqlite,okx_perpetual||NOT-USDT||AIXBT-USDT||2025||isoweek9_02,2,AIXBT-USDT,LIMIT,SELL,0.000802,OPEN,1740575915.535,0.2005,20.0,4.01,-1
okx_perpetual-ts-9-02-2025.sqlite,okx_perpetual||NOT-USDT||AIXBT-USDT||2025||isoweek9_02,2,AIXBT-USDT,LIMIT,SELL,0.0008024,OPEN,1740575908.445,0.2006,20.0,4.012,-1
okx_perpetual-ts-9-02-2025.sqlite,okx_perpetual||NOT-USDT||AIXBT-USDT||2025||isoweek9_02,2,AIXBT-USDT,LIMIT,SELL,0.0008024,OPEN,1740575903.469,0.2006,20.0,4.012,-1
okx_perpetual-ts-9-02-2025.sqlite,okx_perpetual||NOT-USDT||AIXBT-USDT||2025||isoweek9_02,2,AIXBT-USDT,LIMIT,SELL,0.0008016,OPEN,1740575898.343,0.2004,20.0,4.008,-1
okx_perpetual-ts-9-02-2025.sqlite,okx_perpetual||NOT-USDT||AIXBT-USDT||2025||isoweek9_02,2,AIXBT-USDT,LIMIT,SELL,0.0004008,OPEN,1740575893.709,0.2004,10.0,2.004,-1
okx_perpetual-ts-9-02-2025.sqlite,okx_perpetual||NOT-USDT||AIXBT-USDT||2025||isoweek9_02,2,AIXBT-USDT,LIMIT,SELL,0.0004008,OPEN,1740575893.734,0.2004,10.0,2.004,-1
okx_perpetual-ts-9-02-2025.sqlite,okx_perpetual||NOT-USDT||AIXBT-USDT||2025||isoweek9_02,2,AIXBT-USDT,LIMIT,SELL,0.002009,OPEN,1740575882.122,0.2009,20.0,4.018,-1
okx_perpetual-ts-9-02-2025.sqlite,okx_perpetual||NOT-USDT||AIXBT-USDT||2025||isoweek9_02,2,AIXBT-USDT,LIMIT,SELL,0.0008036,OPEN,1740575867.572,0.2009,20.0,4.018,-1
okx_perpetual-ts-9-02-2025.sqlite,okx_perpetual||NOT-USDT||AIXBT-USDT||2025||isoweek9_02,2,AIXBT-USDT,LIMIT,SELL,0.000804,OPEN,1740575863.256,0.201,20.0,4.02,-1
okx_perpetual-ts-9-02-2025.sqlite,okx_perpetual||NOT-USDT||AIXBT-USDT||2025||isoweek9_02,2,AIXBT-USDT,LIMIT,SELL,0.002009,OPEN,1740575855.837,0.2009,20.0,4.018,-1
okx_perpetual-ts-9-02-2025.sqlite,okx_perpetual||NOT-USDT||AIXBT-USDT||2025||isoweek9_02,2,AIXBT-USDT,LIMIT,SELL,0.002007,OPEN,1740575850.587,0.2007,20.0,4.014,-1
okx_perpetual-ts-9-02-2025.sqlite,okx_perpetual||NOT-USDT||AIXBT-USDT||2025||isoweek9_02,2,AIXBT-USDT,LIMIT,SELL,0.0008036,OPEN,1740575846.973,0.2009,20.0,4.018,-1
okx_perpetual-ts-9-02-2025.sqlite,okx_perpetual||NOT-USDT||AIXBT-USDT||2025||isoweek9_02,2,AIXBT-USDT,LIMIT,SELL,0.002005,OPEN,1740575840.852,0.2005,20.0,4.01,-1
okx_perpetual-ts-9-02-2025.sqlite,okx_perpetual||NOT-USDT||AIXBT-USDT||2025||isoweek9_02,2,AIXBT-USDT,LIMIT,SELL,0.0008008,OPEN,1740575837.387,0.2002,20.0,4.004,-1
okx_perpetual-ts-9-02-2025.sqlite,okx_perpetual||NOT-USDT||AIXBT-USDT||2025||isoweek9_02,2,AIXBT-USDT,LIMIT,SELL,0.0007992,OPEN,1740575830.794,0.1998,20.0,3.996,-1
okx_perpetual-ts-9-02-2025.sqlite,okx_perpetual||NOT-USDT||AIXBT-USDT||2025||isoweek9_02,2,AIXBT-USDT,LIMIT,SELL,0.0003996,OPEN,1740575825.705,0.1998,10.0,1.998,-1
okx_perpetual-ts-9-02-2025.sqlite,okx_perpetual||NOT-USDT||AIXBT-USDT||2025||isoweek9_02,2,AIXBT-USDT,LIMIT,SELL,0.0003996,OPEN,1740575825.774,0.1998,10.0,1.998,-1
okx_perpetual-ts-9-02-2025.sqlite,okx_perpetual||NOT-USDT||AIXBT-USDT||2025||isoweek9_02,2,AIXBT-USDT,LIMIT,SELL,0.0007992,OPEN,1740575818.146,0.1998,20.0,3.996,-1
okx_perpetual-ts-9-02-2025.sqlite,okx_perpetual||NOT-USDT||AIXBT-USDT||2025||isoweek9_02,2,AIXBT-USDT,LIMIT,SELL,0.0007988,OPEN,1740575810.097,0.1997,20.0,3.994,-1
okx_perpetual-ts-9-02-2025.sqlite,okx_perpetual||NOT-USDT||AIXBT-USDT||2025||isoweek9_02,2,AIXBT-USDT,LIMIT,SELL,0.0007988,OPEN,1740575798.566,0.1997,20.0,3.994,-1
okx_perpetual-ts-9-02-2025.sqlite,okx_perpetual||NOT-USDT||AIXBT-USDT||2025||isoweek9_02,2,AIXBT-USDT,LIMIT,SELL,0.0007988,OPEN,1740575796.828,0.1997,20.0,3.994,-1
okx_perpetual-ts-9-02-2025.sqlite,okx_perpetual||NOT-USDT||AIXBT-USDT||2025||isoweek9_02,2,AIXBT-USDT,LIMIT,SELL,0.0008008,OPEN,1740575776.364,0.2002,20.0,4.004,-1
okx_perpetual-ts-9-02-2025.sqlite,okx_perpetual||NOT-USDT||AIXBT-USDT||2025||isoweek9_02,2,AIXBT-USDT,LIMIT,SELL,0.002001,OPEN,1740575771.893,0.2001,20.0,4.002,-1
okx_perpetual-ts-9-02-2025.sqlite,okx_perpetual||NOT-USDT||AIXBT-USDT||2025||isoweek9_02,2,AIXBT-USDT,LIMIT,SELL,0.0007996,OPEN,1740575763.757,0.1999,20.0,3.998,-1
okx_perpetual-ts-9-02-2025.sqlite,okx_perpetual||NOT-USDT||AIXBT-USDT||2025||isoweek9_02,2,AIXBT-USDT,LIMIT,SELL,0.0008004,OPEN,1740575758.045,0.2001,20.0,4.002,-1
okx_perpetual-ts-9-02-2025.sqlite,okx_perpetual||NOT-USDT||AIXBT-USDT||2025||isoweek9_02,2,AIXBT-USDT,LIMIT,SELL,0.0008008,OPEN,1740575752.783,0.2002,20.0,4.004,-1
okx_perpetual-ts-9-02-2025.sqlite,okx_perpetual||NOT-USDT||AIXBT-USDT||2025||isoweek9_02,2,AIXBT-USDT,LIMIT,SELL,0.002002,OPEN,1740575747.362,0.2002,20.0,4.004,-1
okx_perpetual-ts-9-02-2025.sqlite,okx_perpetual||NOT-USDT||AIXBT-USDT||2025||isoweek9_02,2,AIXBT-USDT,LIMIT,SELL,0.0008004,OPEN,1740575746.328,0.2001,20.0,4.002,-1
okx_perpetual-ts-9-02-2025.sqlite,okx_perpetual||NOT-USDT||AIXBT-USDT||2025||isoweek9_02,2,AIXBT-USDT,LIMIT,SELL,0.0007996,OPEN,1740575738.578,0.1999,20.0,3.998,-1
okx_perpetual-ts-9-02-2025.sqlite,okx_perpetual||NOT-USDT||AIXBT-USDT||2025||isoweek9_02,2,AIXBT-USDT,LIMIT,SELL,0.002001,OPEN,1740575731.694,0.2001,20.0,4.002,-1
okx_perpetual-ts-9-02-2025.sqlite,okx_perpetual||NOT-USDT||AIXBT-USDT||2025||isoweek9_02,2,AIXBT-USDT,LIMIT,SELL,0.0008004,OPEN,1740575730.734,0.2001,20.0,4.002,-1
okx_perpetual-ts-9-02-2025.sqlite,okx_perpetual||NOT-USDT||AIXBT-USDT||2025||isoweek9_02,2,AIXBT-USDT,LIMIT,SELL,0.002001,OPEN,1740575720.934,0.2001,20.0,4.002,-1
okx_perpetual-ts-9-02-2025.sqlite,okx_perpetual||NOT-USDT||AIXBT-USDT||2025||isoweek9_02,2,AIXBT-USDT,LIMIT,SELL,0.0007996,OPEN,1740575718.544,0.1999,20.0,3.998,-1
okx_perpetual-ts-9-02-2025.sqlite,okx_perpetual||NOT-USDT||AIXBT-USDT||2025||isoweek9_02,2,AIXBT-USDT,LIMIT,SELL,0.001999,OPEN,1740575709.441,0.1999,20.0,3.998,-1
okx_perpetual-ts-9-02-2025.sqlite,okx_perpetual||NOT-USDT||AIXBT-USDT||2025||isoweek9_02,2,AIXBT-USDT,LIMIT,SELL,0.001999,OPEN,1740575702.958,0.1999,20.0,3.998,-1
okx_perpetual-ts-9-02-2025.sqlite,okx_perpetual||NOT-USDT||AIXBT-USDT||2025||isoweek9_02,2,AIXBT-USDT,LIMIT,SELL,0.0008004,OPEN,1740575691.824,0.2001,20.0,4.002,-1
okx_perpetual-ts-9-02-2025.sqlite,okx_perpetual||NOT-USDT||AIXBT-USDT||2025||isoweek9_02,2,AIXBT-USDT,LIMIT,SELL,0.0008008,OPEN,1740575684.927,0.2002,20.0,4.004,-1
okx_perpetual-ts-9-02-2025.sqlite,okx_perpetual||NOT-USDT||AIXBT-USDT||2025||isoweek9_02,2,AIXBT-USDT,LIMIT,SELL,0.0008024,OPEN,1740575666.377,0.2006,20.0,4.012,-1
okx_perpetual-ts-9-02-2025.sqlite,okx_perpetual||NOT-USDT||AIXBT-USDT||2025||isoweek9_02,2,AIXBT-USDT,LIMIT,SELL,0.0008024,OPEN,1740575666.377,0.2006,20.0,4.012,-1
okx_perpetual-ts-9-02-2025.sqlite,okx_perpetual||NOT-USDT||AIXBT-USDT||2025||isoweek9_02,2,AIXBT-USDT,LIMIT,SELL,0.0008024,OPEN,1740575657.849,0.2006,20.0,4.012,-1
okx_perpetual-ts-9-02-2025.sqlite,okx_perpetual||NOT-USDT||AIXBT-USDT||2025||isoweek9_02,2,AIXBT-USDT,LIMIT,SELL,0.000802,OPEN,1740575652.292,0.2005,20.0,4.01,-1
okx_perpetual-ts-9-02-2025.sqlite,okx_perpetual||NOT-USDT||AIXBT-USDT||2025||isoweek9_02,2,AIXBT-USDT,LIMIT,SELL,0.0008032,OPEN,1740575644.384,0.2008,20.0,4.016,-1
okx_perpetual-ts-9-02-2025.sqlite,okx_perpetual||NOT-USDT||AIXBT-USDT||2025||isoweek9_02,2,AIXBT-USDT,LIMIT,SELL,0.002008,OPEN,1740575640.176,0.2008,20.0,4.016,-1
okx_perpetual-ts-9-02-2025.sqlite,okx_perpetual||NOT-USDT||AIXBT-USDT||2025||isoweek9_02,2,AIXBT-USDT,LIMIT,SELL,0.0008032,OPEN,1740575639.766,0.2008,20.0,4.016,-1
okx_perpetual-ts-9-02-2025.sqlite,okx_perpetual||NOT-USDT||AIXBT-USDT||2025||isoweek9_02,2,AIXBT-USDT,LIMIT,SELL,0.0008032,OPEN,1740575639.766,0.2008,20.0,4.016,-1
okx_perpetual-ts-9-02-2025.sqlite,okx_perpetual||NOT-USDT||AIXBT-USDT||2025||isoweek9_02,2,AIXBT-USDT,LIMIT,SELL,0.0008028,OPEN,1740575619.717,0.2007,20.0,4.014,-1
okx_perpetual-ts-9-02-2025.sqlite,okx_perpetual||NOT-USDT||AIXBT-USDT||2025||isoweek9_02,2,AIXBT-USDT,LIMIT,SELL,0.000802,OPEN,1740575618.169,0.2005,20.0,4.01,-1
okx_perpetual-ts-9-02-2025.sqlite,okx_perpetual||NOT-USDT||AIXBT-USDT||2025||isoweek9_02,2,AIXBT-USDT,LIMIT,SELL,0.000802,OPEN,1740575611.312,0.2005,20.0,4.01,-1
okx_perpetual-ts-9-02-2025.sqlite,okx_perpetual||NOT-USDT||AIXBT-USDT||2025||isoweek9_02,2,AIXBT-USDT,LIMIT,SELL,0.0008048,OPEN,1740575595.66,0.2012,20.0,4.024,-1
okx_perpetual-ts-9-02-2025.sqlite,okx_perpetual||NOT-USDT||AIXBT-USDT||2025||isoweek9_02,2,AIXBT-USDT,LIMIT,SELL,0.0008036,OPEN,1740575602.524,0.2009,20.0,4.018,-1
okx_perpetual-ts-9-02-2025.sqlite,okx_perpetual||NOT-USDT||AIXBT-USDT||2025||isoweek9_02,2,AIXBT-USDT,LIMIT,SELL,0.0008052,OPEN,1740575587.16,0.2013,20.0,4.026,-1
okx_perpetual-ts-9-02-2025.sqlite,okx_perpetual||NOT-USDT||AIXBT-USDT||2025||isoweek9_02,2,AIXBT-USDT,LIMIT,SELL,0.0004028,OPEN,1740575580.215,0.2014,10.0,2.014,-1
okx_perpetual-ts-9-02-2025.sqlite,okx_perpetual||NOT-USDT||AIXBT-USDT||2025||isoweek9_02,2,AIXBT-USDT,LIMIT,SELL,0.0004028,OPEN,1740575576.334,0.2014,10.0,2.014,-1
okx_perpetual-ts-9-02-2025.sqlite,okx_perpetual||NOT-USDT||AIXBT-USDT||2025||isoweek9_02,2,AIXBT-USDT,LIMIT,SELL,0.0004034,OPEN,1740575570.667,0.2017,10.0,2.017,-1
okx_perpetual-ts-9-02-2025.sqlite,okx_perpetual||NOT-USDT||AIXBT-USDT||2025||isoweek9_02,2,AIXBT-USDT,LIMIT,SELL,0.0004046,OPEN,1740575553.927,0.2023,10.0,2.023,-1
okx_perpetual-ts-9-02-2025.sqlite,okx_perpetual||NOT-USDT||AIXBT-USDT||2025||isoweek9_02,2,AIXBT-USDT,LIMIT,SELL,0.000404,OPEN,1740575544.948,0.202,10.0,2.02,-1
okx_perpetual-ts-9-02-2025.sqlite,okx_perpetual||NOT-USDT||AIXBT-USDT||2025||isoweek9_02,2,AIXBT-USDT,LIMIT,SELL,0.000404,OPEN,1740575541.964,0.202,10.0,2.02,-1
okx_perpetual-ts-9-02-2025.sqlite,okx_perpetual||NOT-USDT||AIXBT-USDT||2025||isoweek9_02,2,AIXBT-USDT,LIMIT,SELL,0.0004044,OPEN,1740575530.94,0.2022,10.0,2.022,-1
okx_perpetual-ts-9-02-2025.sqlite,okx_perpetual||NOT-USDT||AIXBT-USDT||2025||isoweek9_02,2,AIXBT-USDT,LIMIT,SELL,0.0004046,OPEN,1740575526.215,0.2023,10.0,2.023,-1
okx_perpetual-ts-9-02-2025.sqlite,okx_perpetual||NOT-USDT||AIXBT-USDT||2025||isoweek9_02,2,AIXBT-USDT,LIMIT,SELL,0.0004042,OPEN,1740575518.778,0.2021,10.0,2.021,-1
okx_perpetual-ts-9-02-2025.sqlite,okx_perpetual||NOT-USDT||AIXBT-USDT||2025||isoweek9_02,2,AIXBT-USDT,LIMIT,SELL,0.0004056,OPEN,1740575501.792,0.2028,10.0,2.028,-1
okx_perpetual-ts-9-02-2025.sqlite,okx_perpetual||NOT-USDT||AIXBT-USDT||2025||isoweek9_02,2,AIXBT-USDT,LIMIT,SELL,0.0004062,OPEN,1740575496.725,0.2031,10.0,2.031,-1
okx_perpetual-ts-9-02-2025.sqlite,okx_perpetual||NOT-USDT||AIXBT-USDT||2025||isoweek9_02,2,AIXBT-USDT,LIMIT,SELL,0.0004062,OPEN,1740575488.11,0.2031,10.0,2.031,-1
okx_perpetual-ts-9-02-2025.sqlite,okx_perpetual||NOT-USDT||AIXBT-USDT||2025||isoweek9_02,2,AIXBT-USDT,LIMIT,SELL,0.001011,OPEN,1740575462.809,0.2022,10.0,2.022,-1
okx_perpetual-ts-9-02-2025.sqlite,okx_perpetual||NOT-USDT||AIXBT-USDT||2025||isoweek9_02,2,AIXBT-USDT,LIMIT,SELL,0.0004048,OPEN,1740575447.893,0.2024,10.0,2.024,-1
okx_perpetual-ts-9-02-2025.sqlite,okx_perpetual||NOT-USDT||AIXBT-USDT||2025||isoweek9_02,2,AIXBT-USDT,LIMIT,SELL,0.0004042,OPEN,1740575443.027,0.2021,10.0,2.021,-1
okx_perpetual-ts-9-02-2025.sqlite,okx_perpetual||NOT-USDT||AIXBT-USDT||2025||isoweek9_02,2,AIXBT-USDT,LIMIT,SELL,0.0007904,OPEN,1740579153.852,0.1976,20.0,3.952,-1
okx_perpetual-ts-9-02-2025.sqlite,okx_perpetual||NOT-USDT||AIXBT-USDT||2025||isoweek9_02,2,AIXBT-USDT,LIMIT,SELL,0.0007912,OPEN,1740578670.515,0.1978,20.0,3.956,-1
okx_perpetual-ts-9-02-2025.sqlite,okx_perpetual||NOT-USDT||AIXBT-USDT||2025||isoweek9_02,2,AIXBT-USDT,LIMIT,SELL,0.002005,OPEN,1740576251.882,0.2005,20.0,4.01,-1
okx_perpetual-ts-9-02-2025.sqlite,okx_perpetual||NOT-USDT||AIXBT-USDT||2025||isoweek9_02,2,AIXBT-USDT,MARKET,BUY,0.0048125,CLOSE,1740580091.56,0.1925,50.0,9.625,-1
okx_perpetual-ts-9-02-2025.sqlite,okx_perpetual||NOT-USDT||AIXBT-USDT||2025||isoweek9_02,2,AIXBT-USDT,MARKET,BUY,0.0837375,CLOSE,1740580091.56,0.1925,870.0,167.475,-1
okx_perpetual-ts-9-02-2025.sqlite,okx_perpetual||NOT-USDT||AIXBT-USDT||2025||isoweek9_02,2,AIXBT-USDT,MARKET,BUY,0.028875,CLOSE,1740580091.56,0.1925,300.0,57.75,-1
binance_perpetual-2025-11-1-2000-2025.sqlite,binance-perpetual||RUNE-USDT||IP-USDT||2025||isoweek11_1-2000,2,IP-USDT,LIMIT,SELL,0.00155859,OPEN,1741648128.0,5.19533,1.5,7.792995,-1
binance_perpetual-2025-11-1-2000-2025.sqlite,binance-perpetual||RUNE-USDT||IP-USDT||2025||isoweek11_1-2000,2,IP-USDT,MARKET,BUY,0.00258999,CLOSE,1741648206.0,5.18,1.0,5.18,-1
binance_perpetual-2025-11-1-2000-2025.sqlite,binance-perpetual||RUNE-USDT||IP-USDT||2025||isoweek11_1-2000,2,IP-USDT,MARKET,BUY,0.00129499,CLOSE,1741648206.0,5.18,0.5,2.59,-1
binance_perpetual-2025-11-1-2000-2025.sqlite,binance-perpetual||RUNE-USDT||IP-USDT||2025||isoweek11_1-2000,2,IP-USDT,LIMIT,SELL,0.00389645,OPEN,1741648228.0,5.19527,1.5,7.792905,-1
binance_perpetual-2025-11-1-2000-2025.sqlite,binance-perpetual||RUNE-USDT||IP-USDT||2025||isoweek11_1-2000,2,IP-USDT,MARKET,BUY,0.00388412,CLOSE,1741648236.0,5.17883,1.5,7.768245,-1
binance_perpetual-2025-11-1-2000-2025.sqlite,binance-perpetual||RUNE-USDT||IP-USDT||2025||isoweek11_1-2000,2,IP-USDT,LIMIT,SELL,0.00388591,OPEN,1741647781.0,5.18122,1.5,7.77183,-1
binance_perpetual-2025-11-1-2000-2025.sqlite,binance-perpetual||RUNE-USDT||IP-USDT||2025||isoweek11_1-2000,2,IP-USDT,MARKET,BUY,0.00387398,CLOSE,1741648418.0,5.16531,1.5,7.747965,-1
binance_perpetual-2025-11-1-2000-2025.sqlite,binance-perpetual||RUNE-USDT||IP-USDT||2025||isoweek11_1-2000,2,IP-USDT,LIMIT,SELL,0.00165322,OPEN,1741647764.0,5.16633,1.6,8.266128,-1
binance_perpetual-2025-11-1-2000-2025.sqlite,binance-perpetual||RUNE-USDT||IP-USDT||2025||isoweek11_1-2000,2,IP-USDT,MARKET,BUY,0.00412319,CLOSE,1741648477.0,5.154,1.6,8.2464,-1
binance_perpetual-2025-11-1-2000-2025.sqlite,binance-perpetual||RUNE-USDT||IP-USDT||2025||isoweek11_1-2000,2,IP-USDT,LIMIT,SELL,0.00155317,OPEN,1741648206.0,5.17726,1.5,7.76589,-1
binance_perpetual-2025-11-1-2000-2025.sqlite,binance-perpetual||RUNE-USDT||IP-USDT||2025||isoweek11_1-2000,2,IP-USDT,LIMIT,SELL,0.00388709,OPEN,1741648191.0,5.18279,1.5,7.774185,-1
binance_perpetual-2025-11-1-2000-2025.sqlite,binance-perpetual||RUNE-USDT||IP-USDT||2025||isoweek11_1-2000,2,IP-USDT,LIMIT,SELL,0.0015592,OPEN,1741648139.0,5.19735,1.5,7.796025,-1
binance_perpetual-2025-11-1-2000-2025.sqlite,binance-perpetual||RUNE-USDT||IP-USDT||2025||isoweek11_1-2000,2,IP-USDT,LIMIT,SELL,0.00155925,OPEN,1741648134.0,5.19753,1.5,7.796295,-1
binance_perpetual-2025-11-1-2000-2025.sqlite,binance-perpetual||RUNE-USDT||IP-USDT||2025||isoweek11_1-2000,2,IP-USDT,LIMIT,SELL,0.00155793,OPEN,1741648120.0,5.19312,1.5,7.78968,-1
binance_perpetual-2025-11-1-2000-2025.sqlite,binance-perpetual||RUNE-USDT||IP-USDT||2025||isoweek11_1-2000,2,IP-USDT,LIMIT,SELL,0.00155781,OPEN,1741648120.0,5.19271,1.5,7.789065,-1
binance_perpetual-2025-11-1-2000-2025.sqlite,binance-perpetual||RUNE-USDT||IP-USDT||2025||isoweek11_1-2000,2,IP-USDT,LIMIT,SELL,0.00155768,OPEN,1741648108.0,5.19229,1.5,7.788435,-1
binance_perpetual-2025-11-1-2000-2025.sqlite,binance-perpetual||RUNE-USDT||IP-USDT||2025||isoweek11_1-2000,2,IP-USDT,LIMIT,SELL,0.00155662,OPEN,1741648095.0,5.18874,1.5,7.78311,-1
binance_perpetual-2025-11-1-2000-2025.sqlite,binance-perpetual||RUNE-USDT||IP-USDT||2025||isoweek11_1-2000,2,IP-USDT,LIMIT,SELL,0.00389172,OPEN,1741648086.0,5.18896,1.5,7.78344,-1
binance_perpetual-2025-11-1-2000-2025.sqlite,binance-perpetual||RUNE-USDT||IP-USDT||2025||isoweek11_1-2000,2,IP-USDT,LIMIT,SELL,0.00155493,OPEN,1741648082.0,5.18312,1.5,7.77468,-1
binance_perpetual-2025-11-1-2000-2025.sqlite,binance-perpetual||RUNE-USDT||IP-USDT||2025||isoweek11_1-2000,2,IP-USDT,LIMIT,SELL,0.00155493,OPEN,1741648082.0,5.18312,1.5,7.77468,-1
binance_perpetual-2025-11-1-2000-2025.sqlite,binance-perpetual||RUNE-USDT||IP-USDT||2025||isoweek11_1-2000,2,IP-USDT,LIMIT,SELL,0.00155526,OPEN,1741648072.0,5.18421,1.5,7.776315,-1
binance_perpetual-2025-11-1-2000-2025.sqlite,binance-perpetual||RUNE-USDT||IP-USDT||2025||isoweek11_1-2000,2,IP-USDT,LIMIT,SELL,0.00155529,OPEN,1741648072.0,5.18431,1.5,7.776465,-1
binance_perpetual-2025-11-1-2000-2025.sqlite,binance-perpetual||RUNE-USDT||IP-USDT||2025||isoweek11_1-2000,2,IP-USDT,LIMIT,SELL,0.00155512,OPEN,1741648059.0,5.18376,1.5,7.77564,-1
binance_perpetual-2025-11-1-2000-2025.sqlite,binance-perpetual||RUNE-USDT||IP-USDT||2025||isoweek11_1-2000,2,IP-USDT,LIMIT,SELL,0.00155452,OPEN,1741648040.0,5.18174,1.5,7.77261,-1
binance_perpetual-2025-11-1-2000-2025.sqlite,binance-perpetual||RUNE-USDT||IP-USDT||2025||isoweek11_1-2000,2,IP-USDT,LIMIT,SELL,0.00155421,OPEN,1741648036.0,5.18071,1.5,7.771065,-1
binance_perpetual-2025-11-1-2000-2025.sqlite,binance-perpetual||RUNE-USDT||IP-USDT||2025||isoweek11_1-2000,2,IP-USDT,LIMIT,SELL,0.00388701,OPEN,1741648027.0,5.18269,1.5,7.774035,-1
binance_perpetual-2025-11-1-2000-2025.sqlite,binance-perpetual||RUNE-USDT||IP-USDT||2025||isoweek11_1-2000,2,IP-USDT,LIMIT,SELL,0.00155421,OPEN,1741648026.0,5.18071,1.5,7.771065,-1
binance_perpetual-2025-11-1-2000-2025.sqlite,binance-perpetual||RUNE-USDT||IP-USDT||2025||isoweek11_1-2000,2,IP-USDT,LIMIT,SELL,0.00388713,OPEN,1741648006.0,5.18284,1.5,7.77426,-1
binance_perpetual-2025-11-1-2000-2025.sqlite,binance-perpetual||RUNE-USDT||IP-USDT||2025||isoweek11_1-2000,2,IP-USDT,LIMIT,SELL,0.00155431,OPEN,1741648006.0,5.18104,1.5,7.77156,-1
binance_perpetual-2025-11-1-2000-2025.sqlite,binance-perpetual||RUNE-USDT||IP-USDT||2025||isoweek11_1-2000,2,IP-USDT,LIMIT,SELL,0.00155482,OPEN,1741647997.0,5.18274,1.5,7.77411,-1
binance_perpetual-2025-11-1-2000-2025.sqlite,binance-perpetual||RUNE-USDT||IP-USDT||2025||isoweek11_1-2000,2,IP-USDT,LIMIT,SELL,0.00155455,OPEN,1741647990.0,5.18184,1.5,7.77276,-1
binance_perpetual-2025-11-1-2000-2025.sqlite,binance-perpetual||RUNE-USDT||IP-USDT||2025||isoweek11_1-2000,2,IP-USDT,LIMIT,SELL,0.00155513,OPEN,1741647977.0,5.18379,1.5,7.775685,-1
binance_perpetual-2025-11-1-2000-2025.sqlite,binance-perpetual||RUNE-USDT||IP-USDT||2025||isoweek11_1-2000,2,IP-USDT,LIMIT,SELL,0.00155457,OPEN,1741647972.0,5.18193,1.5,7.772895,-1
binance_perpetual-2025-11-1-2000-2025.sqlite,binance-perpetual||RUNE-USDT||IP-USDT||2025||isoweek11_1-2000,2,IP-USDT,LIMIT,SELL,0.00389333,OPEN,1741647966.0,5.19111,1.5,7.786665,-1
binance_perpetual-2025-11-1-2000-2025.sqlite,binance-perpetual||RUNE-USDT||IP-USDT||2025||isoweek11_1-2000,2,IP-USDT,LIMIT,SELL,0.0015549,OPEN,1741647960.0,5.18303,1.5,7.774545,-1
binance_perpetual-2025-11-1-2000-2025.sqlite,binance-perpetual||RUNE-USDT||IP-USDT||2025||isoweek11_1-2000,2,IP-USDT,LIMIT,SELL,0.00155542,OPEN,1741647955.0,5.18474,1.5,7.77711,-1
binance_perpetual-2025-11-1-2000-2025.sqlite,binance-perpetual||RUNE-USDT||IP-USDT||2025||isoweek11_1-2000,2,IP-USDT,LIMIT,SELL,0.00020734,OPEN,1741647953.0,5.18372,0.2,1.036744,-1
binance_perpetual-2025-11-1-2000-2025.sqlite,binance-perpetual||RUNE-USDT||IP-USDT||2025||isoweek11_1-2000,2,IP-USDT,LIMIT,SELL,0.00134776,OPEN,1741647955.0,5.18372,1.3,6.738836,-1
binance_perpetual-2025-11-1-2000-2025.sqlite,binance-perpetual||RUNE-USDT||IP-USDT||2025||isoweek11_1-2000,2,IP-USDT,LIMIT,SELL,0.00155285,OPEN,1741647945.0,5.17617,1.5,7.764255,-1
binance_perpetual-2025-11-1-2000-2025.sqlite,binance-perpetual||RUNE-USDT||IP-USDT||2025||isoweek11_1-2000,2,IP-USDT,LIMIT,SELL,0.00155246,OPEN,1741647942.0,5.17487,1.5,7.762305,-1
binance_perpetual-2025-11-1-2000-2025.sqlite,binance-perpetual||RUNE-USDT||IP-USDT||2025||isoweek11_1-2000,2,IP-USDT,LIMIT,SELL,0.00155153,OPEN,1741647927.0,5.17178,1.5,7.75767,-1
binance_perpetual-2025-11-1-2000-2025.sqlite,binance-perpetual||RUNE-USDT||IP-USDT||2025||isoweek11_1-2000,2,IP-USDT,LIMIT,SELL,0.00155315,OPEN,1741647912.0,5.17717,1.5,7.765755,-1
binance_perpetual-2025-11-1-2000-2025.sqlite,binance-perpetual||RUNE-USDT||IP-USDT||2025||isoweek11_1-2000,2,IP-USDT,LIMIT,SELL,0.00155323,OPEN,1741647906.0,5.17745,1.5,7.766175,-1
binance_perpetual-2025-11-1-2000-2025.sqlite,binance-perpetual||RUNE-USDT||IP-USDT||2025||isoweek11_1-2000,2,IP-USDT,LIMIT,SELL,0.00155591,OPEN,1741647889.0,5.18639,1.5,7.779585,-1
binance_perpetual-2025-11-1-2000-2025.sqlite,binance-perpetual||RUNE-USDT||IP-USDT||2025||isoweek11_1-2000,2,IP-USDT,LIMIT,SELL,0.0015556,OPEN,1741647889.0,5.18536,1.5,7.77804,-1
binance_perpetual-2025-11-1-2000-2025.sqlite,binance-perpetual||RUNE-USDT||IP-USDT||2025||isoweek11_1-2000,2,IP-USDT,LIMIT,SELL,0.00155533,OPEN,1741647884.0,5.18446,1.5,7.77669,-1
binance_perpetual-2025-11-1-2000-2025.sqlite,binance-perpetual||RUNE-USDT||IP-USDT||2025||isoweek11_1-2000,2,IP-USDT,LIMIT,SELL,0.0015554,OPEN,1741647868.0,5.18467,1.5,7.777005,-1
binance_perpetual-2025-11-1-2000-2025.sqlite,binance-perpetual||RUNE-USDT||IP-USDT||2025||isoweek11_1-2000,2,IP-USDT,LIMIT,SELL,0.00155582,OPEN,1741647859.0,5.18607,1.5,7.779105,-1
binance_perpetual-2025-11-1-2000-2025.sqlite,binance-perpetual||RUNE-USDT||IP-USDT||2025||isoweek11_1-2000,2,IP-USDT,LIMIT,SELL,0.00155484,OPEN,1741647849.0,5.1828,1.5,7.7742,-1
binance_perpetual-2025-11-1-2000-2025.sqlite,binance-perpetual||RUNE-USDT||IP-USDT||2025||isoweek11_1-2000,2,IP-USDT,LIMIT,SELL,0.0038877,OPEN,1741647853.0,5.1836,1.5,7.7754,-1
binance_perpetual-2025-11-1-2000-2025.sqlite,binance-perpetual||RUNE-USDT||IP-USDT||2025||isoweek11_1-2000,2,IP-USDT,LIMIT,SELL,0.00155462,OPEN,1741647842.0,5.18209,1.5,7.773135,-1
binance_perpetual-2025-11-1-2000-2025.sqlite,binance-perpetual||RUNE-USDT||IP-USDT||2025||isoweek11_1-2000,2,IP-USDT,LIMIT,SELL,0.00155518,OPEN,1741647829.0,5.18394,1.5,7.77591,-1
binance_perpetual-2025-11-1-2000-2025.sqlite,binance-perpetual||RUNE-USDT||IP-USDT||2025||isoweek11_1-2000,2,IP-USDT,LIMIT,SELL,0.00389428,OPEN,1741647815.0,5.19238,1.5,7.78857,-1
binance_perpetual-2025-11-1-2000-2025.sqlite,binance-perpetual||RUNE-USDT||IP-USDT||2025||isoweek11_1-2000,2,IP-USDT,LIMIT,SELL,0.00155567,OPEN,1741647815.0,5.18558,1.5,7.77837,-1
binance_perpetual-2025-11-1-2000-2025.sqlite,binance-perpetual||RUNE-USDT||IP-USDT||2025||isoweek11_1-2000,2,IP-USDT,LIMIT,SELL,0.00389136,OPEN,1741647805.0,5.18848,1.5,7.78272,-1
binance_perpetual-2025-11-1-2000-2025.sqlite,binance-perpetual||RUNE-USDT||IP-USDT||2025||isoweek11_1-2000,2,IP-USDT,LIMIT,SELL,0.00155481,OPEN,1741647801.0,5.1827,1.5,7.77405,-1
binance_perpetual-2025-11-1-2000-2025.sqlite,binance-perpetual||RUNE-USDT||IP-USDT||2025||isoweek11_1-2000,2,IP-USDT,LIMIT,SELL,0.003889,OPEN,1741647793.0,5.18534,1.5,7.77801,-1
binance_perpetual-2025-11-1-2000-2025.sqlite,binance-perpetual||RUNE-USDT||IP-USDT||2025||isoweek11_1-2000,2,IP-USDT,LIMIT,SELL,0.00155473,OPEN,1741647787.0,5.18246,1.5,7.77369,-1
binance_perpetual-2025-11-1-2000-2025.sqlite,binance-perpetual||RUNE-USDT||IP-USDT||2025||isoweek11_1-2000,2,IP-USDT,LIMIT,SELL,0.0015535,OPEN,1741647776.0,5.17834,1.5,7.76751,-1
binance_perpetual-2025-11-1-2000-2025.sqlite,binance-perpetual||RUNE-USDT||IP-USDT||2025||isoweek11_1-2000,2,IP-USDT,LIMIT,SELL,0.00155354,OPEN,1741647772.0,5.17849,1.5,7.767735,-1
binance_perpetual-2025-11-1-2000-2025.sqlite,binance-perpetual||RUNE-USDT||IP-USDT||2025||isoweek11_1-2000,2,IP-USDT,LIMIT,SELL,0.00155205,OPEN,1741647767.0,5.17353,1.5,7.760295,-1
binance_perpetual-2025-11-1-2000-2025.sqlite,binance-perpetual||RUNE-USDT||IP-USDT||2025||isoweek11_1-2000,2,IP-USDT,MARKET,BUY,0.00257749,CLOSE,1741648500.0,5.15499,1.0,5.15499,-1
binance_perpetual-2025-11-1-2000-2025.sqlite,binance-perpetual||RUNE-USDT||IP-USDT||2025||isoweek11_1-2000,2,IP-USDT,MARKET,BUY,0.00850606,CLOSE,1741648500.0,5.15519,3.3,17.012127,-1
binance_perpetual-2025-11-1-2000-2025.sqlite,binance-perpetual||RUNE-USDT||IP-USDT||2025||isoweek11_1-2000,2,IP-USDT,MARKET,BUY,0.01727042,CLOSE,1741648500.0,5.15535,6.7,34.540845,-1
binance_perpetual-2025-11-1-2000-2025.sqlite,binance-perpetual||RUNE-USDT||IP-USDT||2025||isoweek11_1-2000,2,IP-USDT,MARKET,BUY,0.00850692,CLOSE,1741648500.0,5.15571,3.3,17.013843,-1
binance_perpetual-2025-11-1-2000-2025.sqlite,binance-perpetual||RUNE-USDT||IP-USDT||2025||isoweek11_1-2000,2,IP-USDT,MARKET,BUY,0.002578,CLOSE,1741648500.0,5.156,1.0,5.156,-1
binance_perpetual-2025-11-1-2000-2025.sqlite,binance-perpetual||RUNE-USDT||IP-USDT||2025||isoweek11_1-2000,2,IP-USDT,MARKET,BUY,0.002578,CLOSE,1741648500.0,5.156,1.0,5.156,-1
binance_perpetual-2025-11-1-2000-2025.sqlite,binance-perpetual||RUNE-USDT||IP-USDT||2025||isoweek11_1-2000,2,IP-USDT,MARKET,BUY,0.00257802,CLOSE,1741648500.0,5.15604,1.0,5.15604,-1
binance_perpetual-2025-11-1-2000-2025.sqlite,binance-perpetual||RUNE-USDT||IP-USDT||2025||isoweek11_1-2000,2,IP-USDT,MARKET,BUY,0.00850768,CLOSE,1741648500.0,5.15617,3.3,17.015361,-1
binance_perpetual-2025-11-1-2000-2025.sqlite,binance-perpetual||RUNE-USDT||IP-USDT||2025||isoweek11_1-2000,2,IP-USDT,MARKET,BUY,0.00257809,CLOSE,1741648500.0,5.1562,1.0,5.1562,-1
binance_perpetual-2025-11-1-2000-2025.sqlite,binance-perpetual||RUNE-USDT||IP-USDT||2025||isoweek11_1-2000,2,IP-USDT,MARKET,BUY,0.00850777,CLOSE,1741648500.0,5.15623,3.3,17.015559,-1
binance_perpetual-2025-11-1-2000-2025.sqlite,binance-perpetual||RUNE-USDT||IP-USDT||2025||isoweek11_1-2000,2,IP-USDT,MARKET,BUY,0.0505333,CLOSE,1741648500.0,5.15646,19.6,101.066616,-1
binance_perpetual-2025-11-1-2000-2025.sqlite,binance-perpetual||RUNE-USDT||IP-USDT||2025||isoweek11_1-2000,2,IP-USDT,MARKET,BUY,0.06626102,CLOSE,1741648500.0,5.1565,25.7,132.52205,-1
binance_perpetual-2025-11-1-2000-2025.sqlite,binance-perpetual||RUNE-USDT||IP-USDT||2025||isoweek11_1-2000,2,IP-USDT,MARKET,BUY,0.00257834,CLOSE,1741648500.0,5.15669,1.0,5.15669,-1
binance_perpetual-2025-11-1-2000-2025.sqlite,binance-perpetual||RUNE-USDT||IP-USDT||2025||isoweek11_1-2000,2,IP-USDT,MARKET,BUY,0.00850863,CLOSE,1741648500.0,5.15675,3.3,17.017275,-1
binance_perpetual-2025-11-1-2000-2025.sqlite,binance-perpetual||RUNE-USDT||IP-USDT||2025||isoweek11_1-2000,2,IP-USDT,MARKET,BUY,0.00309411,CLOSE,1741648500.0,5.15685,1.2,6.18822,-1
binance_perpetual-2025-11-1-2000-2025.sqlite,binance-perpetual||RUNE-USDT||IP-USDT||2025||isoweek11_1-2000,2,IP-USDT,MARKET,BUY,0.00206283,CLOSE,1741648500.0,5.1571,0.8,4.12568,-1
binance_perpetual-2025-11-1-2000-2025.sqlite,binance-perpetual||ETHFI-USDT||RED-USDT||2025||isoweek11_1-2000,1,ETHFI-USDT,LIMIT,BUY,0.00391153,OPEN,1741647771.0,0.6574,11.9,7.82306,1
binance_perpetual-2025-11-1-2000-2025.sqlite,binance-perpetual||ETHFI-USDT||RED-USDT||2025||isoweek11_1-2000,1,ETHFI-USDT,MARKET,SELL,0.00392283,CLOSE,1741647787.0,0.6593,11.9,7.84567,1
binance_perpetual-2025-11-1-2000-2025.sqlite,binance-perpetual||ETHFI-USDT||RED-USDT||2025||isoweek11_1-2000,1,ETHFI-USDT,LIMIT,BUY,0.00157152,OPEN,1741647956.0,0.6548,12.0,7.8576,1
binance_perpetual-2025-11-1-2000-2025.sqlite,binance-perpetual||ETHFI-USDT||RED-USDT||2025||isoweek11_1-2000,1,ETHFI-USDT,MARKET,SELL,0.003939,CLOSE,1741648041.0,0.6565,12.0,7.878,1
binance_perpetual-2025-11-1-2000-2025.sqlite,binance-perpetual||ETHFI-USDT||RED-USDT||2025||isoweek11_1-2000,1,ETHFI-USDT,LIMIT,BUY,0.00156199,OPEN,1741647903.0,0.6563,11.9,7.80997,1
binance_perpetual-2025-11-1-2000-2025.sqlite,binance-perpetual||ETHFI-USDT||RED-USDT||2025||isoweek11_1-2000,1,ETHFI-USDT,MARKET,SELL,0.00391569,CLOSE,1741648083.0,0.6581,11.9,7.83139,1
binance_perpetual-2025-11-1-2000-2025.sqlite,binance-perpetual||ETHFI-USDT||RED-USDT||2025||isoweek11_1-2000,1,ETHFI-USDT,LIMIT,BUY,0.00156461,OPEN,1741647841.0,0.6574,11.9,7.82306,1
binance_perpetual-2025-11-1-2000-2025.sqlite,binance-perpetual||ETHFI-USDT||RED-USDT||2025||isoweek11_1-2000,1,ETHFI-USDT,MARKET,SELL,0.00392105,CLOSE,1741648109.0,0.659,11.9,7.8421,1
binance_perpetual-2025-11-1-2000-2025.sqlite,binance-perpetual||ETHFI-USDT||RED-USDT||2025||isoweek11_1-2000,1,ETHFI-USDT,LIMIT,BUY,0.00156461,OPEN,1741648202.0,0.6574,11.9,7.82306,1
binance_perpetual-2025-11-1-2000-2025.sqlite,binance-perpetual||ETHFI-USDT||RED-USDT||2025||isoweek11_1-2000,1,ETHFI-USDT,MARKET,SELL,0.00392223,CLOSE,1741648248.0,0.6592,11.9,7.84448,1
binance_perpetual-2025-11-1-2000-2025.sqlite,binance-perpetual||ETHFI-USDT||RED-USDT||2025||isoweek11_1-2000,1,ETHFI-USDT,LIMIT,BUY,0.00391926,OPEN,1741647784.0,0.6587,11.9,7.83853,1
binance_perpetual-2025-11-1-2000-2025.sqlite,binance-perpetual||ETHFI-USDT||RED-USDT||2025||isoweek11_1-2000,1,ETHFI-USDT,MARKET,SELL,0.00393057,CLOSE,1741648269.0,0.6606,11.9,7.86114,1
binance_perpetual-2025-11-1-2000-2025.sqlite,binance-perpetual||ETHFI-USDT||RED-USDT||2025||isoweek11_1-2000,1,ETHFI-USDT,LIMIT,BUY,0.00156532,OPEN,1741648304.0,0.6577,11.9,7.82663,1
binance_perpetual-2025-11-1-2000-2025.sqlite,binance-perpetual||ETHFI-USDT||RED-USDT||2025||isoweek11_1-2000,1,ETHFI-USDT,MARKET,SELL,0.00392045,CLOSE,1741648356.0,0.6589,11.9,7.84091,1
binance_perpetual-2025-11-1-2000-2025.sqlite,binance-perpetual||ETHFI-USDT||RED-USDT||2025||isoweek11_1-2000,1,ETHFI-USDT,LIMIT,BUY,0.00157421,OPEN,1741648756.0,0.6505,12.1,7.87105,1
binance_perpetual-2025-11-1-2000-2025.sqlite,binance-perpetual||ETHFI-USDT||RED-USDT||2025||isoweek11_1-2000,1,ETHFI-USDT,MARKET,SELL,0.00394399,CLOSE,1741648765.0,0.6519,12.1,7.88799,1
binance_perpetual-2025-11-1-2000-2025.sqlite,binance-perpetual||ETHFI-USDT||RED-USDT||2025||isoweek11_1-2000,1,ETHFI-USDT,LIMIT,BUY,0.00156456,OPEN,1741648695.0,0.6519,12.0,7.8228,1
binance_perpetual-2025-11-1-2000-2025.sqlite,binance-perpetual||ETHFI-USDT||RED-USDT||2025||isoweek11_1-2000,1,ETHFI-USDT,MARKET,SELL,0.0039204,CLOSE,1741648845.0,0.6534,12.0,7.8408,1
binance_perpetual-2025-11-1-2000-2025.sqlite,binance-perpetual||ETHFI-USDT||RED-USDT||2025||isoweek11_1-2000,1,ETHFI-USDT,LIMIT,BUY,0.0039108,OPEN,1741649018.0,0.6518,12.0,7.8216,1
binance_perpetual-2025-11-1-2000-2025.sqlite,binance-perpetual||ETHFI-USDT||RED-USDT||2025||isoweek11_1-2000,1,ETHFI-USDT,MARKET,SELL,0.0039198,CLOSE,1741649067.0,0.6533,12.0,7.8396,1
binance_perpetual-2025-11-1-2000-2025.sqlite,binance-perpetual||ETHFI-USDT||RED-USDT||2025||isoweek11_1-2000,1,ETHFI-USDT,LIMIT,BUY,0.00156456,OPEN,1741649159.0,0.6519,12.0,7.8228,1
binance_perpetual-2025-11-1-2000-2025.sqlite,binance-perpetual||ETHFI-USDT||RED-USDT||2025||isoweek11_1-2000,1,ETHFI-USDT,MARKET,SELL,0.0039198,CLOSE,1741649482.0,0.6533,12.0,7.8396,1
binance_perpetual-2025-11-1-2000-2025.sqlite,binance-perpetual||ETHFI-USDT||RED-USDT||2025||isoweek11_1-2000,1,ETHFI-USDT,LIMIT,BUY,0.00156816,OPEN,1741648568.0,0.6534,12.0,7.8408,1
binance_perpetual-2025-11-1-2000-2025.sqlite,binance-perpetual||ETHFI-USDT||RED-USDT||2025||isoweek11_1-2000,1,ETHFI-USDT,MARKET,SELL,0.00392879,CLOSE,1741649563.0,0.6548,12.0,7.8576,1
binance_perpetual-2025-11-1-2000-2025.sqlite,binance-perpetual||ETHFI-USDT||RED-USDT||2025||isoweek11_1-2000,1,ETHFI-USDT,LIMIT,BUY,0.00157152,OPEN,1741648507.0,0.6548,12.0,7.8576,1
binance_perpetual-2025-11-1-2000-2025.sqlite,binance-perpetual||ETHFI-USDT||RED-USDT||2025||isoweek11_1-2000,1,ETHFI-USDT,MARKET,SELL,0.0039384,CLOSE,1741649600.0,0.6564,12.0,7.8768,1
binance_perpetual-2025-11-1-2000-2025.sqlite,binance-perpetual||ETHFI-USDT||RED-USDT||2025||isoweek11_1-2000,1,ETHFI-USDT,LIMIT,BUY,0.00157464,OPEN,1741648473.0,0.6561,12.0,7.8732,1
binance_perpetual-2025-11-1-2000-2025.sqlite,binance-perpetual||ETHFI-USDT||RED-USDT||2025||isoweek11_1-2000,1,ETHFI-USDT,MARKET,SELL,0.00394559,CLOSE,1741649796.0,0.6576,12.0,7.8912,1
binance_perpetual-2025-11-1-2000-2025.sqlite,binance-perpetual||ETHFI-USDT||RED-USDT||2025||isoweek11_1-2000,1,ETHFI-USDT,LIMIT,BUY,0.00156532,OPEN,1741648406.0,0.6577,11.9,7.82663,1
binance_perpetual-2025-11-1-2000-2025.sqlite,binance-perpetual||ETHFI-USDT||RED-USDT||2025||isoweek11_1-2000,1,ETHFI-USDT,MARKET,SELL,0.00392164,CLOSE,1741649845.0,0.6591,11.9,7.84329,1
binance_perpetual-2025-11-1-2000-2025.sqlite,binance-perpetual||ETHFI-USDT||RED-USDT||2025||isoweek11_1-2000,1,ETHFI-USDT,LIMIT,BUY,0.00156532,OPEN,1741649887.0,0.6577,11.9,7.82663,1
binance_perpetual-2025-11-1-2000-2025.sqlite,binance-perpetual||ETHFI-USDT||RED-USDT||2025||isoweek11_1-2000,1,ETHFI-USDT,MARKET,SELL,0.00392164,CLOSE,1741649937.0,0.6591,11.9,7.84329,1
binance_perpetual-2025-11-1-2000-2025.sqlite,binance-perpetual||ETHFI-USDT||RED-USDT||2025||isoweek11_1-2000,1,ETHFI-USDT,LIMIT,BUY,0.00390406,OPEN,1741651133.0,0.6453,12.1,7.80813,1
binance_perpetual-2025-11-1-2000-2025.sqlite,binance-perpetual||ETHFI-USDT||RED-USDT||2025||isoweek11_1-2000,1,ETHFI-USDT,MARKET,SELL,0.00391858,CLOSE,1741651247.0,0.6477,12.1,7.83717,1
binance_perpetual-2025-11-1-2000-2025.sqlite,binance-perpetual||ETHFI-USDT||RED-USDT||2025||isoweek11_1-2000,1,ETHFI-USDT,LIMIT,BUY,0.00156356,OPEN,1741651304.0,0.6461,12.1,7.81781,1
binance_perpetual-2025-11-1-2000-2025.sqlite,binance-perpetual||ETHFI-USDT||RED-USDT||2025||isoweek11_1-2000,1,ETHFI-USDT,MARKET,SELL,0.00391677,CLOSE,1741651336.0,0.6474,12.1,7.83354,1
binance_perpetual-2025-11-1-2000-2025.sqlite,binance-perpetual||ETHFI-USDT||RED-USDT||2025||isoweek11_1-2000,1,ETHFI-USDT,LIMIT,BUY,0.00391798,OPEN,1741650983.0,0.6476,12.1,7.83596,1
binance_perpetual-2025-11-1-2000-2025.sqlite,binance-perpetual||ETHFI-USDT||RED-USDT||2025||isoweek11_1-2000,1,ETHFI-USDT,MARKET,SELL,0.00392766,CLOSE,1741651371.0,0.6492,12.1,7.85532,1
binance_perpetual-2025-11-1-2000-2025.sqlite,binance-perpetual||ETHFI-USDT||RED-USDT||2025||isoweek11_1-2000,1,ETHFI-USDT,LIMIT,BUY,0.00392645,OPEN,1741650881.0,0.649,12.1,7.8529,1
binance_perpetual-2025-11-1-2000-2025.sqlite,binance-perpetual||ETHFI-USDT||RED-USDT||2025||isoweek11_1-2000,1,ETHFI-USDT,MARKET,SELL,0.00393492,CLOSE,1741651458.0,0.6504,12.1,7.86984,1
binance_perpetual-2025-11-1-2000-2025.sqlite,binance-perpetual||ETHFI-USDT||RED-USDT||2025||isoweek11_1-2000,1,ETHFI-USDT,LIMIT,BUY,0.00157421,OPEN,1741650841.0,0.6505,12.1,7.87105,1
binance_perpetual-2025-11-1-2000-2025.sqlite,binance-perpetual||ETHFI-USDT||RED-USDT||2025||isoweek11_1-2000,1,ETHFI-USDT,MARKET,SELL,0.0039446,CLOSE,1741651538.0,0.652,12.1,7.8892,1
binance_perpetual-2025-11-1-2000-2025.sqlite,binance-perpetual||ETHFI-USDT||RED-USDT||2025||isoweek11_1-2000,1,ETHFI-USDT,LIMIT,BUY,0.00156408,OPEN,1741650746.0,0.6517,12.0,7.8204,1
binance_perpetual-2025-11-1-2000-2025.sqlite,binance-perpetual||ETHFI-USDT||RED-USDT||2025||isoweek11_1-2000,1,ETHFI-USDT,MARKET,SELL,0.0039216,CLOSE,1741651650.0,0.6536,12.0,7.8432,1
binance_perpetual-2025-11-1-2000-2025.sqlite,binance-perpetual||ETHFI-USDT||RED-USDT||2025||isoweek11_1-2000,1,ETHFI-USDT,LIMIT,BUY,0.00156816,OPEN,1741650512.0,0.6534,12.0,7.8408,1
binance_perpetual-2025-11-1-2000-2025.sqlite,binance-perpetual||ETHFI-USDT||RED-USDT||2025||isoweek11_1-2000,1,ETHFI-USDT,MARKET,SELL,0.00393,CLOSE,1741651712.0,0.655,12.0,7.86,1
binance_perpetual-2025-11-1-2000-2025.sqlite,binance-perpetual||ETHFI-USDT||RED-USDT||2025||isoweek11_1-2000,1,ETHFI-USDT,LIMIT,BUY,0.0039114,OPEN,1741651826.0,0.6519,12.0,7.8228,1
binance_perpetual-2025-11-1-2000-2025.sqlite,binance-perpetual||ETHFI-USDT||RED-USDT||2025||isoweek11_1-2000,1,ETHFI-USDT,MARKET,SELL,0.0039204,CLOSE,1741651893.0,0.6534,12.0,7.8408,1
binance_perpetual-2025-11-1-2000-2025.sqlite,binance-perpetual||ETHFI-USDT||RED-USDT||2025||isoweek11_1-2000,1,ETHFI-USDT,LIMIT,BUY,0.00156526,OPEN,1741652303.0,0.6415,12.2,7.8263,1
binance_perpetual-2025-11-1-2000-2025.sqlite,binance-perpetual||ETHFI-USDT||RED-USDT||2025||isoweek11_1-2000,1,ETHFI-USDT,MARKET,SELL,0.00392291,CLOSE,1741652345.0,0.6431,12.2,7.84582,1
binance_perpetual-2025-11-1-2000-2025.sqlite,binance-perpetual||ETHFI-USDT||RED-USDT||2025||isoweek11_1-2000,1,ETHFI-USDT,LIMIT,BUY,0.00156526,OPEN,1741652361.0,0.6415,12.2,7.8263,1
binance_perpetual-2025-11-1-2000-2025.sqlite,binance-perpetual||ETHFI-USDT||RED-USDT||2025||isoweek11_1-2000,1,ETHFI-USDT,MARKET,SELL,0.0039223,CLOSE,1741652400.0,0.643,12.2,7.8446,1
binance_perpetual-2025-11-1-2000-2025.sqlite,binance-perpetual||ETHFI-USDT||RED-USDT||2025||isoweek11_1-2000,1,ETHFI-USDT,LIMIT,BUY,0.00156892,OPEN,1741652182.0,0.643,12.2,7.8446,1
binance_perpetual-2025-11-1-2000-2025.sqlite,binance-perpetual||ETHFI-USDT||RED-USDT||2025||isoweek11_1-2000,1,ETHFI-USDT,MARKET,SELL,0.00393267,CLOSE,1741652447.0,0.6447,12.2,7.86534,1
binance_perpetual-2025-11-1-2000-2025.sqlite,binance-perpetual||ETHFI-USDT||RED-USDT||2025||isoweek11_1-2000,1,ETHFI-USDT,LIMIT,BUY,0.00156934,OPEN,1741652685.0,0.6328,12.4,7.84672,1
binance_perpetual-2025-11-1-2000-2025.sqlite,binance-perpetual||ETHFI-USDT||RED-USDT||2025||isoweek11_1-2000,1,ETHFI-USDT,MARKET,SELL,0.00393204,CLOSE,1741652704.0,0.6342,12.4,7.86408,1
binance_perpetual-2025-11-1-2000-2025.sqlite,binance-perpetual||ETHFI-USDT||RED-USDT||2025||isoweek11_1-2000,1,ETHFI-USDT,LIMIT,BUY,0.00157281,OPEN,1741652625.0,0.6342,12.4,7.86408,1
binance_perpetual-2025-11-1-2000-2025.sqlite,binance-perpetual||ETHFI-USDT||RED-USDT||2025||isoweek11_1-2000,1,ETHFI-USDT,MARKET,SELL,0.0039432,CLOSE,1741652757.0,0.636,12.4,7.8864,1
binance_perpetual-2025-11-1-2000-2025.sqlite,binance-perpetual||ETHFI-USDT||RED-USDT||2025||isoweek11_1-2000,1,ETHFI-USDT,LIMIT,BUY,0.00391078,OPEN,1741652618.0,0.6359,12.3,7.82157,1
binance_perpetual-2025-11-1-2000-2025.sqlite,binance-perpetual||ETHFI-USDT||RED-USDT||2025||isoweek11_1-2000,1,ETHFI-USDT,MARKET,SELL,0.00392369,CLOSE,1741652764.0,0.638,12.3,7.8474,1
binance_perpetual-2025-11-1-2000-2025.sqlite,binance-perpetual||ETHFI-USDT||RED-USDT||2025||isoweek11_1-2000,1,ETHFI-USDT,LIMIT,BUY,0.00156984,OPEN,1741652725.0,0.633,12.4,7.8492,1
binance_perpetual-2025-11-1-2000-2025.sqlite,binance-perpetual||ETHFI-USDT||RED-USDT||2025||isoweek11_1-2000,1,ETHFI-USDT,MARKET,SELL,0.00393514,CLOSE,1741652859.0,0.6347,12.4,7.87028,1
binance_perpetual-2025-11-1-2000-2025.sqlite,binance-perpetual||ETHFI-USDT||RED-USDT||2025||isoweek11_1-2000,1,ETHFI-USDT,LIMIT,BUY,0.00393309,OPEN,1741652997.0,0.6243,12.6,7.86618,1
binance_perpetual-2025-11-1-2000-2025.sqlite,binance-perpetual||ETHFI-USDT||RED-USDT||2025||isoweek11_1-2000,1,ETHFI-USDT,LIMIT,BUY,0.0039075,OPEN,1741652990.0,0.6252,12.5,7.815,1
binance_perpetual-2025-11-1-2000-2025.sqlite,binance-perpetual||ETHFI-USDT||RED-USDT||2025||isoweek11_1-2000,1,ETHFI-USDT,LIMIT,BUY,0.001568,OPEN,1741652984.0,0.6272,12.5,7.84,1
binance_perpetual-2025-11-1-2000-2025.sqlite,binance-perpetual||ETHFI-USDT||RED-USDT||2025||isoweek11_1-2000,1,ETHFI-USDT,LIMIT,BUY,0.00386589,OPEN,1741652952.0,0.6286,12.3,7.73178,1
binance_perpetual-2025-11-1-2000-2025.sqlite,binance-perpetual||ETHFI-USDT||RED-USDT||2025||isoweek11_1-2000,1,ETHFI-USDT,LIMIT,BUY,6.286e-05,OPEN,1741652952.0,0.6286,0.2,0.12572,1
binance_perpetual-2025-11-1-2000-2025.sqlite,binance-perpetual||ETHFI-USDT||RED-USDT||2025||isoweek11_1-2000,1,ETHFI-USDT,LIMIT,BUY,0.00156215,OPEN,1741652898.0,0.6299,12.4,7.81076,1
binance_perpetual-2025-11-1-2000-2025.sqlite,binance-perpetual||ETHFI-USDT||RED-USDT||2025||isoweek11_1-2000,1,ETHFI-USDT,LIMIT,BUY,0.00156562,OPEN,1741652882.0,0.6313,12.4,7.82812,1
binance_perpetual-2025-11-1-2000-2025.sqlite,binance-perpetual||ETHFI-USDT||RED-USDT||2025||isoweek11_1-2000,1,ETHFI-USDT,LIMIT,BUY,0.00392212,OPEN,1741652871.0,0.6326,12.4,7.84424,1
binance_perpetual-2025-11-1-2000-2025.sqlite,binance-perpetual||ETHFI-USDT||RED-USDT||2025||isoweek11_1-2000,1,ETHFI-USDT,LIMIT,BUY,0.00157306,OPEN,1741652861.0,0.6343,12.4,7.86532,1
binance_perpetual-2025-11-1-2000-2025.sqlite,binance-perpetual||ETHFI-USDT||RED-USDT||2025||isoweek11_1-2000,1,ETHFI-USDT,LIMIT,BUY,0.00390955,OPEN,1741652822.0,0.6357,12.3,7.81911,1
binance_perpetual-2025-11-1-2000-2025.sqlite,binance-perpetual||ETHFI-USDT||RED-USDT||2025||isoweek11_1-2000,1,ETHFI-USDT,LIMIT,BUY,0.00391447,OPEN,1741652598.0,0.6365,12.3,7.82895,1
binance_perpetual-2025-11-1-2000-2025.sqlite,binance-perpetual||ETHFI-USDT||RED-USDT||2025||isoweek11_1-2000,1,ETHFI-USDT,LIMIT,BUY,0.00157095,OPEN,1741652572.0,0.6386,12.3,7.85478,1
binance_perpetual-2025-11-1-2000-2025.sqlite,binance-perpetual||ETHFI-USDT||RED-USDT||2025||isoweek11_1-2000,1,ETHFI-USDT,LIMIT,BUY,0.0015744,OPEN,1741652524.0,0.64,12.3,7.872,1
binance_perpetual-2025-11-1-2000-2025.sqlite,binance-perpetual||ETHFI-USDT||RED-USDT||2025||isoweek11_1-2000,1,ETHFI-USDT,LIMIT,BUY,0.00156574,OPEN,1741652508.0,0.6417,12.2,7.82874,1
binance_perpetual-2025-11-1-2000-2025.sqlite,binance-perpetual||ETHFI-USDT||RED-USDT||2025||isoweek11_1-2000,1,ETHFI-USDT,LIMIT,BUY,0.00156867,OPEN,1741652486.0,0.6429,12.2,7.84338,1
binance_perpetual-2025-11-1-2000-2025.sqlite,binance-perpetual||ETHFI-USDT||RED-USDT||2025||isoweek11_1-2000,1,ETHFI-USDT,LIMIT,BUY,0.00393083,OPEN,1741652162.0,0.6444,12.2,7.86168,1
binance_perpetual-2025-11-1-2000-2025.sqlite,binance-perpetual||ETHFI-USDT||RED-USDT||2025||isoweek11_1-2000,1,ETHFI-USDT,LIMIT,BUY,0.00156356,OPEN,1741652121.0,0.6461,12.1,7.81781,1
binance_perpetual-2025-11-1-2000-2025.sqlite,binance-perpetual||ETHFI-USDT||RED-USDT||2025||isoweek11_1-2000,1,ETHFI-USDT,LIMIT,BUY,0.00391495,OPEN,1741652111.0,0.6471,12.1,7.82991,1
binance_perpetual-2025-11-1-2000-2025.sqlite,binance-perpetual||ETHFI-USDT||RED-USDT||2025||isoweek11_1-2000,1,ETHFI-USDT,LIMIT,BUY,0.00157058,OPEN,1741651986.0,0.649,12.1,7.8529,1
binance_perpetual-2025-11-1-2000-2025.sqlite,binance-perpetual||ETHFI-USDT||RED-USDT||2025||isoweek11_1-2000,1,ETHFI-USDT,LIMIT,BUY,0.00157372,OPEN,1741651943.0,0.6503,12.1,7.86863,1
binance_perpetual-2025-11-1-2000-2025.sqlite,binance-perpetual||ETHFI-USDT||RED-USDT||2025||isoweek11_1-2000,1,ETHFI-USDT,LIMIT,BUY,0.00156456,OPEN,1741651914.0,0.6519,12.0,7.8228,1
binance_perpetual-2025-11-1-2000-2025.sqlite,binance-perpetual||ETHFI-USDT||RED-USDT||2025||isoweek11_1-2000,1,ETHFI-USDT,LIMIT,BUY,0.00156816,OPEN,1741651766.0,0.6534,12.0,7.8408,1
binance_perpetual-2025-11-1-2000-2025.sqlite,binance-perpetual||ETHFI-USDT||RED-USDT||2025||isoweek11_1-2000,1,ETHFI-USDT,LIMIT,BUY,0.00157152,OPEN,1741650497.0,0.6548,12.0,7.8576,1
binance_perpetual-2025-11-1-2000-2025.sqlite,binance-perpetual||ETHFI-USDT||RED-USDT||2025||isoweek11_1-2000,1,ETHFI-USDT,LIMIT,BUY,0.00157464,OPEN,1741650390.0,0.6561,12.0,7.8732,1
binance_perpetual-2025-11-1-2000-2025.sqlite,binance-perpetual||ETHFI-USDT||RED-USDT||2025||isoweek11_1-2000,1,ETHFI-USDT,LIMIT,BUY,0.00391212,OPEN,1741650321.0,0.6575,11.9,7.82425,1
binance_perpetual-2025-11-1-2000-2025.sqlite,binance-perpetual||ETHFI-USDT||RED-USDT||2025||isoweek11_1-2000,1,ETHFI-USDT,LIMIT,BUY,0.00392223,OPEN,1741648281.0,0.6592,11.9,7.84448,1
binance_perpetual-2025-11-1-2000-2025.sqlite,binance-perpetual||ETHFI-USDT||RED-USDT||2025||isoweek11_1-2000,1,ETHFI-USDT,LIMIT,BUY,0.0015677,OPEN,1741647799.0,0.6587,11.9,7.83853,1
binance_perpetual-2025-11-1-2000-2025.sqlite,binance-perpetual||ETHFI-USDT||RED-USDT||2025||isoweek11_1-2000,1,ETHFI-USDT,LIMIT,BUY,0.00392045,OPEN,1741647803.0,0.6589,11.9,7.84091,1
binance_perpetual-2025-11-1-2000-2025.sqlite,binance-perpetual||ETHFI-USDT||RED-USDT||2025||isoweek11_1-2000,1,ETHFI-USDT,LIMIT,BUY,0.00156865,OPEN,1741647820.0,0.6591,11.9,7.84329,1
binance_perpetual-2025-11-1-2000-2025.sqlite,binance-perpetual||ETHFI-USDT||RED-USDT||2025||isoweek11_1-2000,1,ETHFI-USDT,LIMIT,BUY,0.00156723,OPEN,1741647826.0,0.6585,11.9,7.83615,1
binance_perpetual-2025-11-1-2000-2025.sqlite,binance-perpetual||ETHFI-USDT||RED-USDT||2025||isoweek11_1-2000,1,ETHFI-USDT,LIMIT,BUY,0.00156699,OPEN,1741647833.0,0.6584,11.9,7.83496,1
binance_perpetual-2025-11-1-2000-2025.sqlite,binance-perpetual||ETHFI-USDT||RED-USDT||2025||isoweek11_1-2000,1,ETHFI-USDT,LIMIT,BUY,0.00156342,OPEN,1741647847.0,0.6569,11.9,7.81711,1
binance_perpetual-2025-11-1-2000-2025.sqlite,binance-perpetual||ETHFI-USDT||RED-USDT||2025||isoweek11_1-2000,1,ETHFI-USDT,LIMIT,BUY,0.00156461,OPEN,1741647876.0,0.6574,11.9,7.82306,1
binance_perpetual-2025-11-1-2000-2025.sqlite,binance-perpetual||ETHFI-USDT||RED-USDT||2025||isoweek11_1-2000,1,ETHFI-USDT,LIMIT,BUY,0.00156318,OPEN,1741647892.0,0.6568,11.9,7.81592,1
binance_perpetual-2025-11-1-2000-2025.sqlite,binance-perpetual||ETHFI-USDT||RED-USDT||2025||isoweek11_1-2000,1,ETHFI-USDT,LIMIT,BUY,0.0015744,OPEN,1741647916.0,0.656,12.0,7.872,1
binance_perpetual-2025-11-1-2000-2025.sqlite,binance-perpetual||ETHFI-USDT||RED-USDT||2025||isoweek11_1-2000,1,ETHFI-USDT,LIMIT,BUY,0.00157368,OPEN,1741647920.0,0.6557,12.0,7.8684,1
binance_perpetual-2025-11-1-2000-2025.sqlite,binance-perpetual||ETHFI-USDT||RED-USDT||2025||isoweek11_1-2000,1,ETHFI-USDT,LIMIT,BUY,0.0039312,OPEN,1741647925.0,0.6552,12.0,7.8624,1
binance_perpetual-2025-11-1-2000-2025.sqlite,binance-perpetual||ETHFI-USDT||RED-USDT||2025||isoweek11_1-2000,1,ETHFI-USDT,LIMIT,BUY,0.00157224,OPEN,1741647936.0,0.6551,12.0,7.8612,1
binance_perpetual-2025-11-1-2000-2025.sqlite,binance-perpetual||ETHFI-USDT||RED-USDT||2025||isoweek11_1-2000,1,ETHFI-USDT,LIMIT,BUY,0.001572,OPEN,1741647951.0,0.655,12.0,7.86,1
binance_perpetual-2025-11-1-2000-2025.sqlite,binance-perpetual||ETHFI-USDT||RED-USDT||2025||isoweek11_1-2000,1,ETHFI-USDT,LIMIT,BUY,0.003927,OPEN,1741647975.0,0.6545,12.0,7.854,1
binance_perpetual-2025-11-1-2000-2025.sqlite,binance-perpetual||ETHFI-USDT||RED-USDT||2025||isoweek11_1-2000,1,ETHFI-USDT,LIMIT,BUY,0.00157032,OPEN,1741647986.0,0.6543,12.0,7.8516,1
binance_perpetual-2025-11-1-2000-2025.sqlite,binance-perpetual||ETHFI-USDT||RED-USDT||2025||isoweek11_1-2000,1,ETHFI-USDT,LIMIT,BUY,0.001572,OPEN,1741648009.0,0.655,12.0,7.86,1
binance_perpetual-2025-11-1-2000-2025.sqlite,binance-perpetual||ETHFI-USDT||RED-USDT||2025||isoweek11_1-2000,1,ETHFI-USDT,LIMIT,BUY,0.00157248,OPEN,1741648009.0,0.6552,12.0,7.8624,1
binance_perpetual-2025-11-1-2000-2025.sqlite,binance-perpetual||ETHFI-USDT||RED-USDT||2025||isoweek11_1-2000,1,ETHFI-USDT,LIMIT,BUY,0.0039324,OPEN,1741648033.0,0.6554,12.0,7.8648,1
binance_perpetual-2025-11-1-2000-2025.sqlite,binance-perpetual||ETHFI-USDT||RED-USDT||2025||isoweek11_1-2000,1,ETHFI-USDT,LIMIT,BUY,0.00156247,OPEN,1741648052.0,0.6565,11.9,7.81235,1
binance_perpetual-2025-11-1-2000-2025.sqlite,binance-perpetual||ETHFI-USDT||RED-USDT||2025||isoweek11_1-2000,1,ETHFI-USDT,LIMIT,BUY,0.00156675,OPEN,1741648091.0,0.6583,11.9,7.83377,1
binance_perpetual-2025-11-1-2000-2025.sqlite,binance-perpetual||ETHFI-USDT||RED-USDT||2025||isoweek11_1-2000,1,ETHFI-USDT,LIMIT,BUY,0.00157008,OPEN,1741648136.0,0.6597,11.9,7.85043,1
binance_perpetual-2025-11-1-2000-2025.sqlite,binance-perpetual||ETHFI-USDT||RED-USDT||2025||isoweek11_1-2000,1,ETHFI-USDT,LIMIT,BUY,0.00156937,OPEN,1741648143.0,0.6594,11.9,7.84686,1
binance_perpetual-2025-11-1-2000-2025.sqlite,binance-perpetual||ETHFI-USDT||RED-USDT||2025||isoweek11_1-2000,1,ETHFI-USDT,LIMIT,BUY,0.00156889,OPEN,1741648148.0,0.6592,11.9,7.84448,1
binance_perpetual-2025-11-1-2000-2025.sqlite,binance-perpetual||ETHFI-USDT||RED-USDT||2025||isoweek11_1-2000,1,ETHFI-USDT,LIMIT,BUY,0.00156842,OPEN,1741648164.0,0.659,11.9,7.8421,1
binance_perpetual-2025-11-1-2000-2025.sqlite,binance-perpetual||ETHFI-USDT||RED-USDT||2025||isoweek11_1-2000,1,ETHFI-USDT,LIMIT,BUY,0.00156746,OPEN,1741648170.0,0.6586,11.9,7.83734,1
binance_perpetual-2025-11-1-2000-2025.sqlite,binance-perpetual||ETHFI-USDT||RED-USDT||2025||isoweek11_1-2000,1,ETHFI-USDT,LIMIT,BUY,0.00156699,OPEN,1741648181.0,0.6584,11.9,7.83496,1
binance_perpetual-2025-11-1-2000-2025.sqlite,binance-perpetual||ETHFI-USDT||RED-USDT||2025||isoweek11_1-2000,1,ETHFI-USDT,LIMIT,BUY,0.00156556,OPEN,1741648194.0,0.6578,11.9,7.82782,1
binance_perpetual-2025-11-1-2000-2025.sqlite,binance-perpetual||ETHFI-USDT||RED-USDT||2025||isoweek11_1-2000,1,ETHFI-USDT,LIMIT,BUY,0.00156604,OPEN,1741648194.0,0.658,11.9,7.8302,1
binance_perpetual-2025-11-1-2000-2025.sqlite,binance-perpetual||ETHFI-USDT||RED-USDT||2025||isoweek11_1-2000,1,ETHFI-USDT,LIMIT,BUY,0.00156675,OPEN,1741648219.0,0.6583,11.9,7.83377,1
binance_perpetual-2025-11-1-2000-2025.sqlite,binance-perpetual||ETHFI-USDT||RED-USDT||2025||isoweek11_1-2000,1,ETHFI-USDT,LIMIT,BUY,0.00156651,OPEN,1741648219.0,0.6582,11.9,7.83258,1
binance_perpetual-2025-11-1-2000-2025.sqlite,binance-perpetual||ETHFI-USDT||RED-USDT||2025||isoweek11_1-2000,1,ETHFI-USDT,LIMIT,BUY,0.0039139,OPEN,1741648230.0,0.6578,11.9,7.82782,1
binance_perpetual-2025-11-1-2000-2025.sqlite,binance-perpetual||ETHFI-USDT||RED-USDT||2025||isoweek11_1-2000,1,ETHFI-USDT,LIMIT,BUY,0.00156675,OPEN,1741648242.0,0.6583,11.9,7.83377,1
binance_perpetual-2025-11-1-2000-2025.sqlite,binance-perpetual||ETHFI-USDT||RED-USDT||2025||isoweek11_1-2000,1,ETHFI-USDT,LIMIT,BUY,0.00157103,OPEN,1741648260.0,0.6601,11.9,7.85519,1
binance_perpetual-2025-11-1-2000-2025.sqlite,binance-perpetual||ETHFI-USDT||RED-USDT||2025||isoweek11_1-2000,1,ETHFI-USDT,LIMIT,BUY,0.00157127,OPEN,1741648264.0,0.6602,11.9,7.85638,1
binance_perpetual-2025-11-1-2000-2025.sqlite,binance-perpetual||ETHFI-USDT||RED-USDT||2025||isoweek11_1-2000,1,ETHFI-USDT,MARKET,SELL,0.2219256,CLOSE,1741652999.0,0.624,711.3,443.8512,1
binance_perpetual-2025-11-1-2000-2025.sqlite,binance-perpetual||ETHFI-USDT||RED-USDT||2025||isoweek11_1-2000,2,RED-USDT,LIMIT,SELL,0.0037888,OPEN,1741647827.0,0.4736,16.0,7.5776,-1
binance_perpetual-2025-11-1-2000-2025.sqlite,binance-perpetual||ETHFI-USDT||RED-USDT||2025||isoweek11_1-2000,2,RED-USDT,MARKET,BUY,0.00378,CLOSE,1741647848.0,0.4725,16.0,7.56,-1
binance_perpetual-2025-11-1-2000-2025.sqlite,binance-perpetual||ETHFI-USDT||RED-USDT||2025||isoweek11_1-2000,2,RED-USDT,LIMIT,SELL,0.00151168,OPEN,1741647783.0,0.4724,16.0,7.5584,-1
binance_perpetual-2025-11-1-2000-2025.sqlite,binance-perpetual||ETHFI-USDT||RED-USDT||2025||isoweek11_1-2000,2,RED-USDT,MARKET,BUY,0.0037696,CLOSE,1741647912.0,0.4712,16.0,7.5392,-1
binance_perpetual-2025-11-1-2000-2025.sqlite,binance-perpetual||ETHFI-USDT||RED-USDT||2025||isoweek11_1-2000,2,RED-USDT,LIMIT,SELL,0.00160412,OPEN,1741647762.0,0.4718,17.0,8.0206,-1
binance_perpetual-2025-11-1-2000-2025.sqlite,binance-perpetual||ETHFI-USDT||RED-USDT||2025||isoweek11_1-2000,2,RED-USDT,MARKET,BUY,0.0039967,CLOSE,1741647925.0,0.4702,17.0,7.9934,-1
binance_perpetual-2025-11-1-2000-2025.sqlite,binance-perpetual||ETHFI-USDT||RED-USDT||2025||isoweek11_1-2000,2,RED-USDT,LIMIT,SELL,0.0037784,OPEN,1741647768.0,0.4723,16.0,7.5568,-1
binance_perpetual-2025-11-1-2000-2025.sqlite,binance-perpetual||ETHFI-USDT||RED-USDT||2025||isoweek11_1-2000,2,RED-USDT,MARKET,BUY,0.003752,CLOSE,1741647942.0,0.469,16.0,7.504,-1
binance_perpetual-2025-11-1-2000-2025.sqlite,binance-perpetual||ETHFI-USDT||RED-USDT||2025||isoweek11_1-2000,2,RED-USDT,LIMIT,SELL,0.0037792,OPEN,1741647777.0,0.4724,16.0,7.5584,-1
binance_perpetual-2025-11-1-2000-2025.sqlite,binance-perpetual||ETHFI-USDT||RED-USDT||2025||isoweek11_1-2000,2,RED-USDT,MARKET,BUY,0.0037384,CLOSE,1741647958.0,0.4673,16.0,7.4768,-1
binance_perpetual-2025-11-1-2000-2025.sqlite,binance-perpetual||ETHFI-USDT||RED-USDT||2025||isoweek11_1-2000,2,RED-USDT,LIMIT,SELL,0.00160174,OPEN,1741648066.0,0.4711,17.0,8.0087,-1
binance_perpetual-2025-11-1-2000-2025.sqlite,binance-perpetual||ETHFI-USDT||RED-USDT||2025||isoweek11_1-2000,2,RED-USDT,MARKET,BUY,0.00399584,CLOSE,1741648195.0,0.4701,17.0,7.9917,-1
binance_perpetual-2025-11-1-2000-2025.sqlite,binance-perpetual||ETHFI-USDT||RED-USDT||2025||isoweek11_1-2000,2,RED-USDT,LIMIT,SELL,0.00399925,OPEN,1741648043.0,0.4705,17.0,7.9985,-1
binance_perpetual-2025-11-1-2000-2025.sqlite,binance-perpetual||ETHFI-USDT||RED-USDT||2025||isoweek11_1-2000,2,RED-USDT,MARKET,BUY,0.00398395,CLOSE,1741648305.0,0.4687,17.0,7.9679,-1
binance_perpetual-2025-11-1-2000-2025.sqlite,binance-perpetual||ETHFI-USDT||RED-USDT||2025||isoweek11_1-2000,2,RED-USDT,LIMIT,SELL,0.001598,OPEN,1741648355.0,0.47,17.0,7.99,-1
binance_perpetual-2025-11-1-2000-2025.sqlite,binance-perpetual||ETHFI-USDT||RED-USDT||2025||isoweek11_1-2000,2,RED-USDT,MARKET,BUY,0.0028134,CLOSE,1741648394.0,0.4689,12.0,5.6268,-1
binance_perpetual-2025-11-1-2000-2025.sqlite,binance-perpetual||ETHFI-USDT||RED-USDT||2025||isoweek11_1-2000,2,RED-USDT,MARKET,BUY,0.00117224,CLOSE,1741648394.0,0.4689,5.0,2.3445,-1
binance_perpetual-2025-11-1-2000-2025.sqlite,binance-perpetual||ETHFI-USDT||RED-USDT||2025||isoweek11_1-2000,2,RED-USDT,LIMIT,SELL,0.00398565,OPEN,1741647996.0,0.4689,17.0,7.9713,-1
binance_perpetual-2025-11-1-2000-2025.sqlite,binance-perpetual||ETHFI-USDT||RED-USDT||2025||isoweek11_1-2000,2,RED-USDT,MARKET,BUY,0.0028056,CLOSE,1741648498.0,0.4676,12.0,5.6112,-1
binance_perpetual-2025-11-1-2000-2025.sqlite,binance-perpetual||ETHFI-USDT||RED-USDT||2025||isoweek11_1-2000,2,RED-USDT,MARKET,BUY,0.00116899,CLOSE,1741648498.0,0.4676,5.0,2.338,-1
binance_perpetual-2025-11-1-2000-2025.sqlite,binance-perpetual||ETHFI-USDT||RED-USDT||2025||isoweek11_1-2000,2,RED-USDT,LIMIT,SELL,0.001512,OPEN,1741647789.0,0.4725,16.0,7.56,-1
binance_perpetual-2025-11-1-2000-2025.sqlite,binance-perpetual||ETHFI-USDT||RED-USDT||2025||isoweek11_1-2000,2,RED-USDT,MARKET,BUY,0.0037336,CLOSE,1741648579.0,0.4667,16.0,7.4672,-1
binance_perpetual-2025-11-1-2000-2025.sqlite,binance-perpetual||ETHFI-USDT||RED-USDT||2025||isoweek11_1-2000,2,RED-USDT,LIMIT,SELL,0.00159018,OPEN,1741648628.0,0.4677,17.0,7.9509,-1
binance_perpetual-2025-11-1-2000-2025.sqlite,binance-perpetual||ETHFI-USDT||RED-USDT||2025||isoweek11_1-2000,2,RED-USDT,MARKET,BUY,0.0039661,CLOSE,1741648719.0,0.4666,17.0,7.9322,-1
binance_perpetual-2025-11-1-2000-2025.sqlite,binance-perpetual||ETHFI-USDT||RED-USDT||2025||isoweek11_1-2000,2,RED-USDT,LIMIT,SELL,0.00159392,OPEN,1741648853.0,0.4688,17.0,7.9696,-1
binance_perpetual-2025-11-1-2000-2025.sqlite,binance-perpetual||ETHFI-USDT||RED-USDT||2025||isoweek11_1-2000,2,RED-USDT,MARKET,BUY,0.0039763,CLOSE,1741648915.0,0.4678,17.0,7.9526,-1
binance_perpetual-2025-11-1-2000-2025.sqlite,binance-perpetual||ETHFI-USDT||RED-USDT||2025||isoweek11_1-2000,2,RED-USDT,LIMIT,SELL,0.00159426,OPEN,1741648955.0,0.4689,17.0,7.9713,-1
binance_perpetual-2025-11-1-2000-2025.sqlite,binance-perpetual||ETHFI-USDT||RED-USDT||2025||isoweek11_1-2000,2,RED-USDT,MARKET,BUY,0.0039763,CLOSE,1741648970.0,0.4678,17.0,7.9526,-1
binance_perpetual-2025-11-1-2000-2025.sqlite,binance-perpetual||ETHFI-USDT||RED-USDT||2025||isoweek11_1-2000,2,RED-USDT,LIMIT,SELL,0.00151328,OPEN,1741647795.0,0.4729,16.0,7.5664,-1
binance_perpetual-2025-11-1-2000-2025.sqlite,binance-perpetual||ETHFI-USDT||RED-USDT||2025||isoweek11_1-2000,2,RED-USDT,MARKET,BUY,0.0037224,CLOSE,1741649025.0,0.4653,16.0,7.4448,-1
binance_perpetual-2025-11-1-2000-2025.sqlite,binance-perpetual||ETHFI-USDT||RED-USDT||2025||isoweek11_1-2000,2,RED-USDT,LIMIT,SELL,0.00160378,OPEN,1741647818.0,0.4717,17.0,8.0189,-1
binance_perpetual-2025-11-1-2000-2025.sqlite,binance-perpetual||ETHFI-USDT||RED-USDT||2025||isoweek11_1-2000,2,RED-USDT,MARKET,BUY,0.0039372,CLOSE,1741649115.0,0.4632,17.0,7.8744,-1
binance_perpetual-2025-11-1-2000-2025.sqlite,binance-perpetual||ETHFI-USDT||RED-USDT||2025||isoweek11_1-2000,2,RED-USDT,LIMIT,SELL,0.00151296,OPEN,1741647838.0,0.4728,16.0,7.5648,-1
binance_perpetual-2025-11-1-2000-2025.sqlite,binance-perpetual||ETHFI-USDT||RED-USDT||2025||isoweek11_1-2000,2,RED-USDT,MARKET,BUY,0.0036872,CLOSE,1741649125.0,0.4609,16.0,7.3744,-1
binance_perpetual-2025-11-1-2000-2025.sqlite,binance-perpetual||ETHFI-USDT||RED-USDT||2025||isoweek11_1-2000,2,RED-USDT,LIMIT,SELL,0.00160378,OPEN,1741647825.0,0.4717,17.0,8.0189,-1
binance_perpetual-2025-11-1-2000-2025.sqlite,binance-perpetual||ETHFI-USDT||RED-USDT||2025||isoweek11_1-2000,2,RED-USDT,MARKET,BUY,0.0039287,CLOSE,1741649129.0,0.4622,17.0,7.8574,-1
binance_perpetual-2025-11-1-2000-2025.sqlite,binance-perpetual||ETHFI-USDT||RED-USDT||2025||isoweek11_1-2000,2,RED-USDT,LIMIT,SELL,0.00066052,OPEN,1741647810.0,0.4718,7.0,3.3026,-1
binance_perpetual-2025-11-1-2000-2025.sqlite,binance-perpetual||ETHFI-USDT||RED-USDT||2025||isoweek11_1-2000,2,RED-USDT,LIMIT,SELL,0.0009436,OPEN,1741647810.0,0.4718,10.0,4.718,-1
binance_perpetual-2025-11-1-2000-2025.sqlite,binance-perpetual||ETHFI-USDT||RED-USDT||2025||isoweek11_1-2000,2,RED-USDT,MARKET,BUY,0.0039457,CLOSE,1741649177.0,0.4642,17.0,7.8914,-1
binance_perpetual-2025-11-1-2000-2025.sqlite,binance-perpetual||ETHFI-USDT||RED-USDT||2025||isoweek11_1-2000,2,RED-USDT,LIMIT,SELL,0.00157828,OPEN,1741649177.0,0.4642,17.0,7.8914,-1
binance_perpetual-2025-11-1-2000-2025.sqlite,binance-perpetual||ETHFI-USDT||RED-USDT||2025||isoweek11_1-2000,2,RED-USDT,MARKET,BUY,0.0039372,CLOSE,1741649263.0,0.4632,17.0,7.8744,-1
binance_perpetual-2025-11-1-2000-2025.sqlite,binance-perpetual||ETHFI-USDT||RED-USDT||2025||isoweek11_1-2000,2,RED-USDT,LIMIT,SELL,0.00157828,OPEN,1741649332.0,0.4642,17.0,7.8914,-1
binance_perpetual-2025-11-1-2000-2025.sqlite,binance-perpetual||ETHFI-USDT||RED-USDT||2025||isoweek11_1-2000,2,RED-USDT,MARKET,BUY,0.00393635,CLOSE,1741649445.0,0.4631,17.0,7.8727,-1
binance_perpetual-2025-11-1-2000-2025.sqlite,binance-perpetual||ETHFI-USDT||RED-USDT||2025||isoweek11_1-2000,2,RED-USDT,LIMIT,SELL,0.00392785,OPEN,1741649129.0,0.4621,17.0,7.8557,-1
binance_perpetual-2025-11-1-2000-2025.sqlite,binance-perpetual||ETHFI-USDT||RED-USDT||2025||isoweek11_1-2000,2,RED-USDT,MARKET,BUY,0.00391765,CLOSE,1741649448.0,0.4609,17.0,7.8353,-1
binance_perpetual-2025-11-1-2000-2025.sqlite,binance-perpetual||ETHFI-USDT||RED-USDT||2025||isoweek11_1-2000,2,RED-USDT,LIMIT,SELL,0.0039457,OPEN,1741649472.0,0.4642,17.0,7.8914,-1
binance_perpetual-2025-11-1-2000-2025.sqlite,binance-perpetual||ETHFI-USDT||RED-USDT||2025||isoweek11_1-2000,2,RED-USDT,MARKET,BUY,0.00393635,CLOSE,1741649496.0,0.4631,17.0,7.8727,-1
binance_perpetual-2025-11-1-2000-2025.sqlite,binance-perpetual||ETHFI-USDT||RED-USDT||2025||isoweek11_1-2000,2,RED-USDT,LIMIT,SELL,0.00159018,OPEN,1741648769.0,0.4677,17.0,7.9509,-1
binance_perpetual-2025-11-1-2000-2025.sqlite,binance-perpetual||ETHFI-USDT||RED-USDT||2025||isoweek11_1-2000,2,RED-USDT,MARKET,BUY,0.0023325,CLOSE,1741649708.0,0.4665,10.0,4.665,-1
binance_perpetual-2025-11-1-2000-2025.sqlite,binance-perpetual||ETHFI-USDT||RED-USDT||2025||isoweek11_1-2000,2,RED-USDT,MARKET,BUY,0.00163275,CLOSE,1741649708.0,0.4665,7.0,3.2655,-1
binance_perpetual-2025-11-1-2000-2025.sqlite,binance-perpetual||ETHFI-USDT||RED-USDT||2025||isoweek11_1-2000,2,RED-USDT,LIMIT,SELL,0.0015861,OPEN,1741649710.0,0.4665,17.0,7.9305,-1
binance_perpetual-2025-11-1-2000-2025.sqlite,binance-perpetual||ETHFI-USDT||RED-USDT||2025||isoweek11_1-2000,2,RED-USDT,MARKET,BUY,0.0039559,CLOSE,1741649728.0,0.4654,17.0,7.9118,-1
binance_perpetual-2025-11-1-2000-2025.sqlite,binance-perpetual||ETHFI-USDT||RED-USDT||2025||isoweek11_1-2000,2,RED-USDT,LIMIT,SELL,0.0015861,OPEN,1741649750.0,0.4665,17.0,7.9305,-1
binance_perpetual-2025-11-1-2000-2025.sqlite,binance-perpetual||ETHFI-USDT||RED-USDT||2025||isoweek11_1-2000,2,RED-USDT,MARKET,BUY,0.00395675,CLOSE,1741649900.0,0.4655,17.0,7.9135,-1
binance_perpetual-2025-11-1-2000-2025.sqlite,binance-perpetual||ETHFI-USDT||RED-USDT||2025||isoweek11_1-2000,2,RED-USDT,LIMIT,SELL,0.0015861,OPEN,1741649935.0,0.4665,17.0,7.9305,-1
binance_perpetual-2025-11-1-2000-2025.sqlite,binance-perpetual||ETHFI-USDT||RED-USDT||2025||isoweek11_1-2000,2,RED-USDT,MARKET,BUY,0.00395675,CLOSE,1741649969.0,0.4655,17.0,7.9135,-1
binance_perpetual-2025-11-1-2000-2025.sqlite,binance-perpetual||ETHFI-USDT||RED-USDT||2025||isoweek11_1-2000,2,RED-USDT,LIMIT,SELL,0.0039559,OPEN,1741649617.0,0.4654,17.0,7.9118,-1
binance_perpetual-2025-11-1-2000-2025.sqlite,binance-perpetual||ETHFI-USDT||RED-USDT||2025||isoweek11_1-2000,2,RED-USDT,MARKET,BUY,0.0039457,CLOSE,1741650084.0,0.4642,17.0,7.8914,-1
binance_perpetual-2025-11-1-2000-2025.sqlite,binance-perpetual||ETHFI-USDT||RED-USDT||2025||isoweek11_1-2000,2,RED-USDT,LIMIT,SELL,0.00396779,OPEN,1741650291.0,0.4668,17.0,7.9356,-1
binance_perpetual-2025-11-1-2000-2025.sqlite,binance-perpetual||ETHFI-USDT||RED-USDT||2025||isoweek11_1-2000,2,RED-USDT,MARKET,BUY,0.00395675,CLOSE,1741650325.0,0.4655,17.0,7.9135,-1
binance_perpetual-2025-11-1-2000-2025.sqlite,binance-perpetual||ETHFI-USDT||RED-USDT||2025||isoweek11_1-2000,2,RED-USDT,LIMIT,SELL,0.00395675,OPEN,1741650229.0,0.4655,17.0,7.9135,-1
binance_perpetual-2025-11-1-2000-2025.sqlite,binance-perpetual||ETHFI-USDT||RED-USDT||2025||isoweek11_1-2000,2,RED-USDT,MARKET,BUY,0.00394315,CLOSE,1741650512.0,0.4639,17.0,7.8863,-1
binance_perpetual-2025-11-1-2000-2025.sqlite,binance-perpetual||ETHFI-USDT||RED-USDT||2025||isoweek11_1-2000,2,RED-USDT,LIMIT,SELL,0.00157828,OPEN,1741649572.0,0.4642,17.0,7.8914,-1
binance_perpetual-2025-11-1-2000-2025.sqlite,binance-perpetual||ETHFI-USDT||RED-USDT||2025||isoweek11_1-2000,2,RED-USDT,MARKET,BUY,0.00393635,CLOSE,1741650518.0,0.4631,17.0,7.8727,-1
binance_perpetual-2025-11-1-2000-2025.sqlite,binance-perpetual||ETHFI-USDT||RED-USDT||2025||isoweek11_1-2000,2,RED-USDT,LIMIT,SELL,0.00158236,OPEN,1741650761.0,0.4654,17.0,7.9118,-1
binance_perpetual-2025-11-1-2000-2025.sqlite,binance-perpetual||ETHFI-USDT||RED-USDT||2025||isoweek11_1-2000,2,RED-USDT,MARKET,BUY,0.00394655,CLOSE,1741650833.0,0.4643,17.0,7.8931,-1
binance_perpetual-2025-11-1-2000-2025.sqlite,binance-perpetual||ETHFI-USDT||RED-USDT||2025||isoweek11_1-2000,2,RED-USDT,LIMIT,SELL,0.00157862,OPEN,1741650595.0,0.4643,17.0,7.8931,-1
binance_perpetual-2025-11-1-2000-2025.sqlite,binance-perpetual||ETHFI-USDT||RED-USDT||2025||isoweek11_1-2000,2,RED-USDT,MARKET,BUY,0.0039372,CLOSE,1741650845.0,0.4632,17.0,7.8744,-1
binance_perpetual-2025-11-1-2000-2025.sqlite,binance-perpetual||ETHFI-USDT||RED-USDT||2025||isoweek11_1-2000,2,RED-USDT,LIMIT,SELL,0.00157454,OPEN,1741649145.0,0.4631,17.0,7.8727,-1
binance_perpetual-2025-11-1-2000-2025.sqlite,binance-perpetual||ETHFI-USDT||RED-USDT||2025||isoweek11_1-2000,2,RED-USDT,MARKET,BUY,0.00392785,CLOSE,1741650882.0,0.4621,17.0,7.8557,-1
binance_perpetual-2025-11-1-2000-2025.sqlite,binance-perpetual||ETHFI-USDT||RED-USDT||2025||isoweek11_1-2000,2,RED-USDT,LIMIT,SELL,0.00392785,OPEN,1741649454.0,0.4621,17.0,7.8557,-1
binance_perpetual-2025-11-1-2000-2025.sqlite,binance-perpetual||ETHFI-USDT||RED-USDT||2025||isoweek11_1-2000,2,RED-USDT,MARKET,BUY,0.00391765,CLOSE,1741651116.0,0.4609,17.0,7.8353,-1
binance_perpetual-2025-11-1-2000-2025.sqlite,binance-perpetual||ETHFI-USDT||RED-USDT||2025||isoweek11_1-2000,2,RED-USDT,LIMIT,SELL,0.00393805,OPEN,1741651260.0,0.4633,17.0,7.8761,-1
binance_perpetual-2025-11-1-2000-2025.sqlite,binance-perpetual||ETHFI-USDT||RED-USDT||2025||isoweek11_1-2000,2,RED-USDT,MARKET,BUY,0.00392785,CLOSE,1741651309.0,0.4621,17.0,7.8557,-1
binance_perpetual-2025-11-1-2000-2025.sqlite,binance-perpetual||ETHFI-USDT||RED-USDT||2025||isoweek11_1-2000,2,RED-USDT,LIMIT,SELL,0.00160208,OPEN,1741651529.0,0.4712,17.0,8.0104,-1
binance_perpetual-2025-11-1-2000-2025.sqlite,binance-perpetual||ETHFI-USDT||RED-USDT||2025||isoweek11_1-2000,2,RED-USDT,MARKET,BUY,0.00282,CLOSE,1741651537.0,0.47,12.0,5.64,-1
binance_perpetual-2025-11-1-2000-2025.sqlite,binance-perpetual||ETHFI-USDT||RED-USDT||2025||isoweek11_1-2000,2,RED-USDT,MARKET,BUY,0.00117525,CLOSE,1741651537.0,0.4701,5.0,2.3505,-1
binance_perpetual-2025-11-1-2000-2025.sqlite,binance-perpetual||ETHFI-USDT||RED-USDT||2025||isoweek11_1-2000,2,RED-USDT,LIMIT,SELL,0.00399755,OPEN,1741651516.0,0.4703,17.0,7.9951,-1
binance_perpetual-2025-11-1-2000-2025.sqlite,binance-perpetual||ETHFI-USDT||RED-USDT||2025||isoweek11_1-2000,2,RED-USDT,MARKET,BUY,0.00398565,CLOSE,1741651584.0,0.4689,17.0,7.9713,-1
binance_perpetual-2025-11-1-2000-2025.sqlite,binance-perpetual||ETHFI-USDT||RED-USDT||2025||isoweek11_1-2000,2,RED-USDT,LIMIT,SELL,0.003978,OPEN,1741651499.0,0.468,17.0,7.956,-1
binance_perpetual-2025-11-1-2000-2025.sqlite,binance-perpetual||ETHFI-USDT||RED-USDT||2025||isoweek11_1-2000,2,RED-USDT,MARKET,BUY,0.00396355,CLOSE,1741651734.0,0.4663,17.0,7.9271,-1
binance_perpetual-2025-11-1-2000-2025.sqlite,binance-perpetual||ETHFI-USDT||RED-USDT||2025||isoweek11_1-2000,2,RED-USDT,LIMIT,SELL,0.00159392,OPEN,1741651509.0,0.4688,17.0,7.9696,-1
binance_perpetual-2025-11-1-2000-2025.sqlite,binance-perpetual||ETHFI-USDT||RED-USDT||2025||isoweek11_1-2000,2,RED-USDT,MARKET,BUY,0.0039746,CLOSE,1741651776.0,0.4676,17.0,7.9492,-1
binance_perpetual-2025-11-1-2000-2025.sqlite,binance-perpetual||ETHFI-USDT||RED-USDT||2025||isoweek11_1-2000,2,RED-USDT,LIMIT,SELL,0.00159018,OPEN,1741651885.0,0.4677,17.0,7.9509,-1
binance_perpetual-2025-11-1-2000-2025.sqlite,binance-perpetual||ETHFI-USDT||RED-USDT||2025||isoweek11_1-2000,2,RED-USDT,MARKET,BUY,0.0039661,CLOSE,1741652048.0,0.4666,17.0,7.9322,-1
binance_perpetual-2025-11-1-2000-2025.sqlite,binance-perpetual||ETHFI-USDT||RED-USDT||2025||isoweek11_1-2000,2,RED-USDT,LIMIT,SELL,0.0008397,OPEN,1741651471.0,0.4665,9.0,4.1985,-1
binance_perpetual-2025-11-1-2000-2025.sqlite,binance-perpetual||ETHFI-USDT||RED-USDT||2025||isoweek11_1-2000,2,RED-USDT,LIMIT,SELL,0.0007464,OPEN,1741651472.0,0.4665,8.0,3.732,-1
binance_perpetual-2025-11-1-2000-2025.sqlite,binance-perpetual||ETHFI-USDT||RED-USDT||2025||isoweek11_1-2000,2,RED-USDT,MARKET,BUY,0.0039559,CLOSE,1741652133.0,0.4654,17.0,7.9118,-1
binance_perpetual-2025-11-1-2000-2025.sqlite,binance-perpetual||ETHFI-USDT||RED-USDT||2025||isoweek11_1-2000,2,RED-USDT,LIMIT,SELL,0.00158236,OPEN,1741651376.0,0.4654,17.0,7.9118,-1
binance_perpetual-2025-11-1-2000-2025.sqlite,binance-perpetual||ETHFI-USDT||RED-USDT||2025||isoweek11_1-2000,2,RED-USDT,MARKET,BUY,0.0039457,CLOSE,1741652263.0,0.4642,17.0,7.8914,-1
binance_perpetual-2025-11-1-2000-2025.sqlite,binance-perpetual||ETHFI-USDT||RED-USDT||2025||isoweek11_1-2000,2,RED-USDT,LIMIT,SELL,0.00158236,OPEN,1741652405.0,0.4654,17.0,7.9118,-1
binance_perpetual-2025-11-1-2000-2025.sqlite,binance-perpetual||ETHFI-USDT||RED-USDT||2025||isoweek11_1-2000,2,RED-USDT,MARKET,BUY,0.0039457,CLOSE,1741652515.0,0.4642,17.0,7.8914,-1
binance_perpetual-2025-11-1-2000-2025.sqlite,binance-perpetual||ETHFI-USDT||RED-USDT||2025||isoweek11_1-2000,2,RED-USDT,LIMIT,SELL,0.0039457,OPEN,1741651345.0,0.4642,17.0,7.8914,-1
binance_perpetual-2025-11-1-2000-2025.sqlite,binance-perpetual||ETHFI-USDT||RED-USDT||2025||isoweek11_1-2000,2,RED-USDT,MARKET,BUY,0.00393635,CLOSE,1741652578.0,0.4631,17.0,7.8727,-1
binance_perpetual-2025-11-1-2000-2025.sqlite,binance-perpetual||ETHFI-USDT||RED-USDT||2025||isoweek11_1-2000,2,RED-USDT,LIMIT,SELL,0.00157454,OPEN,1741651337.0,0.4631,17.0,7.8727,-1
binance_perpetual-2025-11-1-2000-2025.sqlite,binance-perpetual||ETHFI-USDT||RED-USDT||2025||isoweek11_1-2000,2,RED-USDT,MARKET,BUY,0.00392955,CLOSE,1741652596.0,0.4623,17.0,7.8591,-1
binance_perpetual-2025-11-1-2000-2025.sqlite,binance-perpetual||ETHFI-USDT||RED-USDT||2025||isoweek11_1-2000,2,RED-USDT,LIMIT,SELL,0.00157114,OPEN,1741651208.0,0.4621,17.0,7.8557,-1
binance_perpetual-2025-11-1-2000-2025.sqlite,binance-perpetual||ETHFI-USDT||RED-USDT||2025||isoweek11_1-2000,2,RED-USDT,MARKET,BUY,0.0039151,CLOSE,1741652646.0,0.4606,17.0,7.8302,-1
binance_perpetual-2025-11-1-2000-2025.sqlite,binance-perpetual||ETHFI-USDT||RED-USDT||2025||isoweek11_1-2000,2,RED-USDT,LIMIT,SELL,0.00151232,OPEN,1741647845.0,0.4726,16.0,7.5616,-1
binance_perpetual-2025-11-1-2000-2025.sqlite,binance-perpetual||ETHFI-USDT||RED-USDT||2025||isoweek11_1-2000,2,RED-USDT,MARKET,BUY,0.0036776,CLOSE,1741652650.0,0.4597,16.0,7.3552,-1
binance_perpetual-2025-11-1-2000-2025.sqlite,binance-perpetual||ETHFI-USDT||RED-USDT||2025||isoweek11_1-2000,2,RED-USDT,LIMIT,SELL,0.0037792,OPEN,1741647848.0,0.4724,16.0,7.5584,-1
binance_perpetual-2025-11-1-2000-2025.sqlite,binance-perpetual||ETHFI-USDT||RED-USDT||2025||isoweek11_1-2000,2,RED-USDT,MARKET,BUY,0.003668,CLOSE,1741652684.0,0.4585,16.0,7.336,-1
binance_perpetual-2025-11-1-2000-2025.sqlite,binance-perpetual||ETHFI-USDT||RED-USDT||2025||isoweek11_1-2000,2,RED-USDT,LIMIT,SELL,0.00392785,OPEN,1741652732.0,0.4621,17.0,7.8557,-1
binance_perpetual-2025-11-1-2000-2025.sqlite,binance-perpetual||ETHFI-USDT||RED-USDT||2025||isoweek11_1-2000,2,RED-USDT,MARKET,BUY,0.00391765,CLOSE,1741652744.0,0.4609,17.0,7.8353,-1
binance_perpetual-2025-11-1-2000-2025.sqlite,binance-perpetual||ETHFI-USDT||RED-USDT||2025||isoweek11_1-2000,2,RED-USDT,LIMIT,SELL,0.0015708,OPEN,1741652756.0,0.462,17.0,7.854,-1
binance_perpetual-2025-11-1-2000-2025.sqlite,binance-perpetual||ETHFI-USDT||RED-USDT||2025||isoweek11_1-2000,2,RED-USDT,MARKET,BUY,0.0039185,CLOSE,1741652883.0,0.461,17.0,7.837,-1
binance_perpetual-2025-11-1-2000-2025.sqlite,binance-perpetual||ETHFI-USDT||RED-USDT||2025||isoweek11_1-2000,2,RED-USDT,LIMIT,SELL,0.00157012,OPEN,1741652715.0,0.4618,17.0,7.8506,-1
binance_perpetual-2025-11-1-2000-2025.sqlite,binance-perpetual||ETHFI-USDT||RED-USDT||2025||isoweek11_1-2000,2,RED-USDT,MARKET,BUY,0.00390745,CLOSE,1741652922.0,0.4597,17.0,7.8149,-1
binance_perpetual-2025-11-1-2000-2025.sqlite,binance-perpetual||ETHFI-USDT||RED-USDT||2025||isoweek11_1-2000,2,RED-USDT,LIMIT,SELL,0.00156298,OPEN,1741652703.0,0.4597,17.0,7.8149,-1
binance_perpetual-2025-11-1-2000-2025.sqlite,binance-perpetual||ETHFI-USDT||RED-USDT||2025||isoweek11_1-2000,2,RED-USDT,MARKET,BUY,0.0038981,CLOSE,1741652952.0,0.4586,17.0,7.7962,-1
binance_perpetual-2025-11-1-2000-2025.sqlite,binance-perpetual||ETHFI-USDT||RED-USDT||2025||isoweek11_1-2000,2,RED-USDT,LIMIT,SELL,0.0015136,OPEN,1741647865.0,0.473,16.0,7.568,-1
binance_perpetual-2025-11-1-2000-2025.sqlite,binance-perpetual||ETHFI-USDT||RED-USDT||2025||isoweek11_1-2000,2,RED-USDT,MARKET,BUY,0.0036464,CLOSE,1741652992.0,0.4558,16.0,7.2928,-1
binance_perpetual-2025-11-1-2000-2025.sqlite,binance-perpetual||ETHFI-USDT||RED-USDT||2025||isoweek11_1-2000,2,RED-USDT,LIMIT,SELL,0.00159698,OPEN,1741648038.0,0.4697,17.0,7.9849,-1
binance_perpetual-2025-11-1-2000-2025.sqlite,binance-perpetual||ETHFI-USDT||RED-USDT||2025||isoweek11_1-2000,2,RED-USDT,LIMIT,SELL,0.00399245,OPEN,1741648024.0,0.4697,17.0,7.9849,-1
binance_perpetual-2025-11-1-2000-2025.sqlite,binance-perpetual||ETHFI-USDT||RED-USDT||2025||isoweek11_1-2000,2,RED-USDT,LIMIT,SELL,0.00159494,OPEN,1741648019.0,0.4691,17.0,7.9747,-1
binance_perpetual-2025-11-1-2000-2025.sqlite,binance-perpetual||ETHFI-USDT||RED-USDT||2025||isoweek11_1-2000,2,RED-USDT,LIMIT,SELL,0.00159494,OPEN,1741648019.0,0.4691,17.0,7.9747,-1
binance_perpetual-2025-11-1-2000-2025.sqlite,binance-perpetual||ETHFI-USDT||RED-USDT||2025||isoweek11_1-2000,2,RED-USDT,LIMIT,SELL,0.0039933,OPEN,1741648007.0,0.4698,17.0,7.9866,-1
binance_perpetual-2025-11-1-2000-2025.sqlite,binance-perpetual||ETHFI-USDT||RED-USDT||2025||isoweek11_1-2000,2,RED-USDT,LIMIT,SELL,0.0015963,OPEN,1741648002.0,0.4695,17.0,7.9815,-1
binance_perpetual-2025-11-1-2000-2025.sqlite,binance-perpetual||ETHFI-USDT||RED-USDT||2025||isoweek11_1-2000,2,RED-USDT,LIMIT,SELL,0.0039848,OPEN,1741647983.0,0.4688,17.0,7.9696,-1
binance_perpetual-2025-11-1-2000-2025.sqlite,binance-perpetual||ETHFI-USDT||RED-USDT||2025||isoweek11_1-2000,2,RED-USDT,LIMIT,SELL,0.00159188,OPEN,1741647980.0,0.4682,17.0,7.9594,-1
binance_perpetual-2025-11-1-2000-2025.sqlite,binance-perpetual||ETHFI-USDT||RED-USDT||2025||isoweek11_1-2000,2,RED-USDT,LIMIT,SELL,0.00159256,OPEN,1741647974.0,0.4684,17.0,7.9628,-1
binance_perpetual-2025-11-1-2000-2025.sqlite,binance-perpetual||ETHFI-USDT||RED-USDT||2025||isoweek11_1-2000,2,RED-USDT,LIMIT,SELL,0.00159256,OPEN,1741647966.0,0.4684,17.0,7.9628,-1
binance_perpetual-2025-11-1-2000-2025.sqlite,binance-perpetual||ETHFI-USDT||RED-USDT||2025||isoweek11_1-2000,2,RED-USDT,LIMIT,SELL,0.00158848,OPEN,1741647959.0,0.4672,17.0,7.9424,-1
binance_perpetual-2025-11-1-2000-2025.sqlite,binance-perpetual||ETHFI-USDT||RED-USDT||2025||isoweek11_1-2000,2,RED-USDT,LIMIT,SELL,0.00159324,OPEN,1741647945.0,0.4686,17.0,7.9662,-1
binance_perpetual-2025-11-1-2000-2025.sqlite,binance-perpetual||ETHFI-USDT||RED-USDT||2025||isoweek11_1-2000,2,RED-USDT,LIMIT,SELL,0.00398224,OPEN,1741647937.0,0.4685,17.0,7.9645,-1
binance_perpetual-2025-11-1-2000-2025.sqlite,binance-perpetual||ETHFI-USDT||RED-USDT||2025||isoweek11_1-2000,2,RED-USDT,LIMIT,SELL,0.00159834,OPEN,1741647927.0,0.4701,17.0,7.9917,-1
binance_perpetual-2025-11-1-2000-2025.sqlite,binance-perpetual||ETHFI-USDT||RED-USDT||2025||isoweek11_1-2000,2,RED-USDT,LIMIT,SELL,0.0015997,OPEN,1741647921.0,0.4705,17.0,7.9985,-1
binance_perpetual-2025-11-1-2000-2025.sqlite,binance-perpetual||ETHFI-USDT||RED-USDT||2025||isoweek11_1-2000,2,RED-USDT,LIMIT,SELL,0.0040052,OPEN,1741647913.0,0.4712,17.0,8.0104,-1
binance_perpetual-2025-11-1-2000-2025.sqlite,binance-perpetual||ETHFI-USDT||RED-USDT||2025||isoweek11_1-2000,2,RED-USDT,LIMIT,SELL,0.0016031,OPEN,1741647909.0,0.4715,17.0,8.0155,-1
binance_perpetual-2025-11-1-2000-2025.sqlite,binance-perpetual||ETHFI-USDT||RED-USDT||2025||isoweek11_1-2000,2,RED-USDT,LIMIT,SELL,0.00401029,OPEN,1741647903.0,0.4718,17.0,8.0206,-1
binance_perpetual-2025-11-1-2000-2025.sqlite,binance-perpetual||ETHFI-USDT||RED-USDT||2025||isoweek11_1-2000,2,RED-USDT,LIMIT,SELL,0.0037792,OPEN,1741647896.0,0.4724,16.0,7.5584,-1
binance_perpetual-2025-11-1-2000-2025.sqlite,binance-perpetual||ETHFI-USDT||RED-USDT||2025||isoweek11_1-2000,2,RED-USDT,LIMIT,SELL,0.0037888,OPEN,1741647878.0,0.4736,16.0,7.5776,-1
binance_perpetual-2025-11-1-2000-2025.sqlite,binance-perpetual||ETHFI-USDT||RED-USDT||2025||isoweek11_1-2000,2,RED-USDT,LIMIT,SELL,0.0015136,OPEN,1741647874.0,0.473,16.0,7.568,-1
binance_perpetual-2025-11-1-2000-2025.sqlite,binance-perpetual||ETHFI-USDT||RED-USDT||2025||isoweek11_1-2000,2,RED-USDT,LIMIT,SELL,0.00151296,OPEN,1741647870.0,0.4728,16.0,7.5648,-1
binance_perpetual-2025-11-1-2000-2025.sqlite,binance-perpetual||ETHFI-USDT||RED-USDT||2025||isoweek11_1-2000,2,RED-USDT,LIMIT,SELL,0.0015136,OPEN,1741647865.0,0.473,16.0,7.568,-1
binance_perpetual-2025-11-1-2000-2025.sqlite,binance-perpetual||ETHFI-USDT||RED-USDT||2025||isoweek11_1-2000,2,RED-USDT,LIMIT,SELL,0.00151264,OPEN,1741647853.0,0.4727,16.0,7.5632,-1
binance_perpetual-2025-11-1-2000-2025.sqlite,binance-perpetual||ETHFI-USDT||RED-USDT||2025||isoweek11_1-2000,2,RED-USDT,MARKET,BUY,0.0916962,CLOSE,1741652999.0,0.4562,402.0,183.3924,-1
binance_perpetual-2025-11-1-1830-2025.sqlite,binance-perpetual||NEIRO-USDT||SHELL-USDT||2025||isoweek11_1-1830,1,NEIRO-USDT,LIMIT,BUY,0.00158621,OPEN,1741643396.0,0.0002337,33937.0,7.9310769,1
binance_perpetual-2025-11-1-1830-2025.sqlite,binance-perpetual||NEIRO-USDT||SHELL-USDT||2025||isoweek11_1-1830,1,NEIRO-USDT,MARKET,SELL,0.00397911,CLOSE,1741643554.0,0.0002345,33937.0,7.9582265,1
binance_perpetual-2025-11-1-1830-2025.sqlite,binance-perpetual||NEIRO-USDT||SHELL-USDT||2025||isoweek11_1-1830,1,NEIRO-USDT,LIMIT,BUY,0.00396389,OPEN,1741643661.0,0.0002335,33952.0,7.927792,1
binance_perpetual-2025-11-1-1830-2025.sqlite,binance-perpetual||NEIRO-USDT||SHELL-USDT||2025||isoweek11_1-1830,1,NEIRO-USDT,MARKET,SELL,0.00398087,CLOSE,1741643926.0,0.0002345,33952.0,7.961744,1
binance_perpetual-2025-11-1-1830-2025.sqlite,binance-perpetual||NEIRO-USDT||SHELL-USDT||2025||isoweek11_1-1830,1,NEIRO-USDT,LIMIT,BUY,0.00158623,OPEN,1741643248.0,0.0002344,33836.0,7.9311584,1
binance_perpetual-2025-11-1-1830-2025.sqlite,binance-perpetual||NEIRO-USDT||SHELL-USDT||2025||isoweek11_1-1830,1,NEIRO-USDT,MARKET,SELL,0.00397911,CLOSE,1741644221.0,0.0002352,33836.0,7.9582272,1
binance_perpetual-2025-11-1-1830-2025.sqlite,binance-perpetual||NEIRO-USDT||SHELL-USDT||2025||isoweek11_1-1830,1,NEIRO-USDT,LIMIT,BUY,0.00396554,OPEN,1741644512.0,0.000233,34039.0,7.931087,1
binance_perpetual-2025-11-1-1830-2025.sqlite,binance-perpetual||NEIRO-USDT||SHELL-USDT||2025||isoweek11_1-1830,1,NEIRO-USDT,MARKET,SELL,0.00397915,CLOSE,1741644758.0,0.0002338,34039.0,7.9583182,1
binance_perpetual-2025-11-1-1830-2025.sqlite,binance-perpetual||NEIRO-USDT||SHELL-USDT||2025||isoweek11_1-1830,1,NEIRO-USDT,LIMIT,BUY,0.00158623,OPEN,1741645073.0,0.0002329,34054.0,7.9311766,1
binance_perpetual-2025-11-1-1830-2025.sqlite,binance-perpetual||NEIRO-USDT||SHELL-USDT||2025||isoweek11_1-1830,1,NEIRO-USDT,MARKET,SELL,0.00398431,CLOSE,1741645342.0,0.000234,34054.0,7.968636,1
binance_perpetual-2025-11-1-1830-2025.sqlite,binance-perpetual||NEIRO-USDT||SHELL-USDT||2025||isoweek11_1-1830,1,NEIRO-USDT,LIMIT,BUY,0.00158621,OPEN,1741644378.0,0.0002337,33937.0,7.9310769,1
binance_perpetual-2025-11-1-1830-2025.sqlite,binance-perpetual||NEIRO-USDT||SHELL-USDT||2025||isoweek11_1-1830,1,NEIRO-USDT,MARKET,SELL,0.0039825,CLOSE,1741645417.0,0.0002347,33937.0,7.9650139,1
binance_perpetual-2025-11-1-1830-2025.sqlite,binance-perpetual||NEIRO-USDT||SHELL-USDT||2025||isoweek11_1-1830,1,NEIRO-USDT,LIMIT,BUY,0.00158623,OPEN,1741644293.0,0.0002344,33836.0,7.9311584,1
binance_perpetual-2025-11-1-1830-2025.sqlite,binance-perpetual||NEIRO-USDT||SHELL-USDT||2025||isoweek11_1-1830,1,NEIRO-USDT,MARKET,SELL,0.00397911,CLOSE,1741645572.0,0.0002352,33836.0,7.9582272,1
binance_perpetual-2025-11-1-1830-2025.sqlite,binance-perpetual||NEIRO-USDT||SHELL-USDT||2025||isoweek11_1-1830,1,NEIRO-USDT,LIMIT,BUY,0.00158621,OPEN,1741643046.0,0.0002351,33735.0,7.9310985,1
binance_perpetual-2025-11-1-1830-2025.sqlite,binance-perpetual||NEIRO-USDT||SHELL-USDT||2025||isoweek11_1-1830,1,NEIRO-USDT,MARKET,SELL,0.00397904,CLOSE,1741645651.0,0.0002359,33735.0,7.9580865,1
binance_perpetual-2025-11-1-1830-2025.sqlite,binance-perpetual||NEIRO-USDT||SHELL-USDT||2025||isoweek11_1-1830,1,NEIRO-USDT,LIMIT,BUY,0.00158623,OPEN,1741645764.0,0.0002349,33764.0,7.9311636,1
binance_perpetual-2025-11-1-1830-2025.sqlite,binance-perpetual||NEIRO-USDT||SHELL-USDT||2025||isoweek11_1-1830,1,NEIRO-USDT,MARKET,SELL,0.00398246,CLOSE,1741645824.0,0.0002359,33764.0,7.9649276,1
binance_perpetual-2025-11-1-1830-2025.sqlite,binance-perpetual||NEIRO-USDT||SHELL-USDT||2025||isoweek11_1-1830,1,NEIRO-USDT,LIMIT,BUY,0.00158621,OPEN,1741645998.0,0.0002343,33850.0,7.931055,1
binance_perpetual-2025-11-1-1830-2025.sqlite,binance-perpetual||NEIRO-USDT||SHELL-USDT||2025||isoweek11_1-1830,1,NEIRO-USDT,LIMIT,BUY,0.00158621,OPEN,1741645965.0,0.0002351,33735.0,7.9310985,1
binance_perpetual-2025-11-1-1830-2025.sqlite,binance-perpetual||NEIRO-USDT||SHELL-USDT||2025||isoweek11_1-1830,1,NEIRO-USDT,LIMIT,BUY,0.00158624,OPEN,1741642690.0,0.0002347,33793.0,7.9312171,1
binance_perpetual-2025-11-1-1830-2025.sqlite,binance-perpetual||NEIRO-USDT||SHELL-USDT||2025||isoweek11_1-1830,1,NEIRO-USDT,LIMIT,BUY,0.00158625,OPEN,1741642724.0,0.0002353,33707.0,7.9312571,1
binance_perpetual-2025-11-1-1830-2025.sqlite,binance-perpetual||NEIRO-USDT||SHELL-USDT||2025||isoweek11_1-1830,1,NEIRO-USDT,LIMIT,BUY,0.00158623,OPEN,1741642740.0,0.0002355,33678.0,7.931169,1
binance_perpetual-2025-11-1-1830-2025.sqlite,binance-perpetual||NEIRO-USDT||SHELL-USDT||2025||isoweek11_1-1830,1,NEIRO-USDT,LIMIT,BUY,0.00158623,OPEN,1741642744.0,0.0002352,33721.0,7.9311792,1
binance_perpetual-2025-11-1-1830-2025.sqlite,binance-perpetual||NEIRO-USDT||SHELL-USDT||2025||isoweek11_1-1830,1,NEIRO-USDT,LIMIT,BUY,0.00158623,OPEN,1741642770.0,0.0002352,33721.0,7.9311792,1
binance_perpetual-2025-11-1-1830-2025.sqlite,binance-perpetual||NEIRO-USDT||SHELL-USDT||2025||isoweek11_1-1830,1,NEIRO-USDT,LIMIT,BUY,0.00396562,OPEN,1741642800.0,0.0002353,33707.0,7.9312571,1
binance_perpetual-2025-11-1-1830-2025.sqlite,binance-perpetual||NEIRO-USDT||SHELL-USDT||2025||isoweek11_1-1830,1,NEIRO-USDT,LIMIT,BUY,0.00158623,OPEN,1741642819.0,0.0002355,33678.0,7.931169,1
binance_perpetual-2025-11-1-1830-2025.sqlite,binance-perpetual||NEIRO-USDT||SHELL-USDT||2025||isoweek11_1-1830,1,NEIRO-USDT,LIMIT,BUY,0.00158625,OPEN,1741642827.0,0.0002353,33707.0,7.9312571,1
binance_perpetual-2025-11-1-1830-2025.sqlite,binance-perpetual||NEIRO-USDT||SHELL-USDT||2025||isoweek11_1-1830,1,NEIRO-USDT,LIMIT,BUY,0.00158624,OPEN,1741642849.0,0.0002356,33664.0,7.9312384,1
binance_perpetual-2025-11-1-1830-2025.sqlite,binance-perpetual||NEIRO-USDT||SHELL-USDT||2025||isoweek11_1-1830,1,NEIRO-USDT,LIMIT,BUY,0.00158624,OPEN,1741642862.0,0.0002356,33664.0,7.9312384,1
binance_perpetual-2025-11-1-1830-2025.sqlite,binance-perpetual||NEIRO-USDT||SHELL-USDT||2025||isoweek11_1-1830,1,NEIRO-USDT,LIMIT,BUY,0.00158623,OPEN,1741642875.0,0.0002352,33721.0,7.9311792,1
binance_perpetual-2025-11-1-1830-2025.sqlite,binance-perpetual||NEIRO-USDT||SHELL-USDT||2025||isoweek11_1-1830,1,NEIRO-USDT,LIMIT,BUY,0.00158621,OPEN,1741642891.0,0.0002354,33692.0,7.9310968,1
binance_perpetual-2025-11-1-1830-2025.sqlite,binance-perpetual||NEIRO-USDT||SHELL-USDT||2025||isoweek11_1-1830,1,NEIRO-USDT,LIMIT,BUY,0.00158622,OPEN,1741643001.0,0.0002358,33635.0,7.931133,1
binance_perpetual-2025-11-1-1830-2025.sqlite,binance-perpetual||NEIRO-USDT||SHELL-USDT||2025||isoweek11_1-1830,1,NEIRO-USDT,LIMIT,BUY,0.00158625,OPEN,1741643012.0,0.0002353,33707.0,7.9312571,1
binance_perpetual-2025-11-1-1830-2025.sqlite,binance-perpetual||NEIRO-USDT||SHELL-USDT||2025||isoweek11_1-1830,1,NEIRO-USDT,LIMIT,BUY,0.00158621,OPEN,1741643072.0,0.0002348,33778.0,7.9310744,1
binance_perpetual-2025-11-1-1830-2025.sqlite,binance-perpetual||NEIRO-USDT||SHELL-USDT||2025||isoweek11_1-1830,1,NEIRO-USDT,LIMIT,BUY,0.00158622,OPEN,1741643091.0,0.0002346,33807.0,7.9311222,1
binance_perpetual-2025-11-1-1830-2025.sqlite,binance-perpetual||NEIRO-USDT||SHELL-USDT||2025||isoweek11_1-1830,1,NEIRO-USDT,LIMIT,BUY,0.00158625,OPEN,1741643120.0,0.0002345,33822.0,7.931259,1
binance_perpetual-2025-11-1-1830-2025.sqlite,binance-perpetual||NEIRO-USDT||SHELL-USDT||2025||isoweek11_1-1830,1,NEIRO-USDT,LIMIT,BUY,0.00158625,OPEN,1741643247.0,0.0002345,33822.0,7.931259,1
binance_perpetual-2025-11-1-1830-2025.sqlite,binance-perpetual||NEIRO-USDT||SHELL-USDT||2025||isoweek11_1-1830,1,NEIRO-USDT,LIMIT,BUY,0.00023297,OPEN,1741643282.0,0.0002341,4976.0,1.1648816,1
binance_perpetual-2025-11-1-1830-2025.sqlite,binance-perpetual||NEIRO-USDT||SHELL-USDT||2025||isoweek11_1-1830,1,NEIRO-USDT,LIMIT,BUY,0.00135323,OPEN,1741643282.0,0.0002341,28903.0,6.7661923,1
binance_perpetual-2025-11-1-1830-2025.sqlite,binance-perpetual||NEIRO-USDT||SHELL-USDT||2025||isoweek11_1-1830,1,NEIRO-USDT,LIMIT,BUY,0.00396557,OPEN,1741643609.0,0.0002344,33836.0,7.9311584,1
binance_perpetual-2025-11-1-1830-2025.sqlite,binance-perpetual||NEIRO-USDT||SHELL-USDT||2025||isoweek11_1-1830,1,NEIRO-USDT,LIMIT,BUY,0.00158622,OPEN,1741643606.0,0.0002346,33807.0,7.9311222,1
binance_perpetual-2025-11-1-1830-2025.sqlite,binance-perpetual||NEIRO-USDT||SHELL-USDT||2025||isoweek11_1-1830,1,NEIRO-USDT,LIMIT,BUY,0.00058,OPEN,1741643644.0,0.0002341,12388.0,2.9000308,1
binance_perpetual-2025-11-1-1830-2025.sqlite,binance-perpetual||NEIRO-USDT||SHELL-USDT||2025||isoweek11_1-1830,1,NEIRO-USDT,LIMIT,BUY,0.0010062,OPEN,1741643645.0,0.0002341,21491.0,5.0310431,1
binance_perpetual-2025-11-1-1830-2025.sqlite,binance-perpetual||NEIRO-USDT||SHELL-USDT||2025||isoweek11_1-1830,1,NEIRO-USDT,LIMIT,BUY,0.00158623,OPEN,1741643651.0,0.000234,33894.0,7.931196,1
binance_perpetual-2025-11-1-1830-2025.sqlite,binance-perpetual||NEIRO-USDT||SHELL-USDT||2025||isoweek11_1-1830,1,NEIRO-USDT,LIMIT,BUY,0.00396559,OPEN,1741643652.0,0.0002338,33923.0,7.9311974,1
binance_perpetual-2025-11-1-1830-2025.sqlite,binance-perpetual||NEIRO-USDT||SHELL-USDT||2025||isoweek11_1-1830,1,NEIRO-USDT,LIMIT,BUY,0.00158623,OPEN,1741643943.0,0.0002344,33836.0,7.9311584,1
binance_perpetual-2025-11-1-1830-2025.sqlite,binance-perpetual||NEIRO-USDT||SHELL-USDT||2025||isoweek11_1-1830,1,NEIRO-USDT,LIMIT,BUY,0.00158623,OPEN,1741643731.0,0.0002336,33952.0,7.9311872,1
binance_perpetual-2025-11-1-1830-2025.sqlite,binance-perpetual||NEIRO-USDT||SHELL-USDT||2025||isoweek11_1-1830,1,NEIRO-USDT,LIMIT,BUY,0.00158621,OPEN,1741643948.0,0.0002339,33908.0,7.9310812,1
binance_perpetual-2025-11-1-1830-2025.sqlite,binance-perpetual||NEIRO-USDT||SHELL-USDT||2025||isoweek11_1-1830,1,NEIRO-USDT,LIMIT,BUY,0.00158621,OPEN,1741643970.0,0.0002339,33908.0,7.9310812,1
binance_perpetual-2025-11-1-1830-2025.sqlite,binance-perpetual||NEIRO-USDT||SHELL-USDT||2025||isoweek11_1-1830,1,NEIRO-USDT,LIMIT,BUY,0.00158621,OPEN,1741644020.0,0.0002343,33850.0,7.931055,1
binance_perpetual-2025-11-1-1830-2025.sqlite,binance-perpetual||NEIRO-USDT||SHELL-USDT||2025||isoweek11_1-1830,1,NEIRO-USDT,LIMIT,BUY,0.00158625,OPEN,1741644060.0,0.0002345,33822.0,7.931259,1
binance_perpetual-2025-11-1-1830-2025.sqlite,binance-perpetual||NEIRO-USDT||SHELL-USDT||2025||isoweek11_1-1830,1,NEIRO-USDT,LIMIT,BUY,0.00158625,OPEN,1741644076.0,0.000235,33750.0,7.93125,1
binance_perpetual-2025-11-1-1830-2025.sqlite,binance-perpetual||NEIRO-USDT||SHELL-USDT||2025||isoweek11_1-1830,1,NEIRO-USDT,LIMIT,BUY,0.00158621,OPEN,1741644083.0,0.0002348,33778.0,7.9310744,1
binance_perpetual-2025-11-1-1830-2025.sqlite,binance-perpetual||NEIRO-USDT||SHELL-USDT||2025||isoweek11_1-1830,1,NEIRO-USDT,LIMIT,BUY,0.00158621,OPEN,1741644114.0,0.0002343,33850.0,7.931055,1
binance_perpetual-2025-11-1-1830-2025.sqlite,binance-perpetual||NEIRO-USDT||SHELL-USDT||2025||isoweek11_1-1830,1,NEIRO-USDT,LIMIT,BUY,0.00158623,OPEN,1741644125.0,0.000234,33894.0,7.931196,1
binance_perpetual-2025-11-1-1830-2025.sqlite,binance-perpetual||NEIRO-USDT||SHELL-USDT||2025||isoweek11_1-1830,1,NEIRO-USDT,LIMIT,BUY,0.00158621,OPEN,1741644148.0,0.0002341,33879.0,7.9310739,1
binance_perpetual-2025-11-1-1830-2025.sqlite,binance-perpetual||NEIRO-USDT||SHELL-USDT||2025||isoweek11_1-1830,1,NEIRO-USDT,LIMIT,BUY,0.00158623,OPEN,1741644185.0,0.0002349,33764.0,7.9311636,1
binance_perpetual-2025-11-1-1830-2025.sqlite,binance-perpetual||NEIRO-USDT||SHELL-USDT||2025||isoweek11_1-1830,1,NEIRO-USDT,LIMIT,BUY,0.00158623,OPEN,1741644200.0,0.0002349,33764.0,7.9311636,1
binance_perpetual-2025-11-1-1830-2025.sqlite,binance-perpetual||NEIRO-USDT||SHELL-USDT||2025||isoweek11_1-1830,1,NEIRO-USDT,MARKET,SELL,0.02954981,CLOSE,1741646138.0,0.0002345,252024.0,59.099628,1
binance_perpetual-2025-11-1-1830-2025.sqlite,binance-perpetual||NEIRO-USDT||SHELL-USDT||2025||isoweek11_1-1830,1,NEIRO-USDT,MARKET,SELL,0.12496012,CLOSE,1741646138.0,0.0002345,1065758.0,249.920251,1
binance_perpetual-2025-11-1-1830-2025.sqlite,binance-perpetual||NEIRO-USDT||SHELL-USDT||2025||isoweek11_1-1830,2,SHELL-USDT,LIMIT,SELL,0.003926,OPEN,1741643146.0,0.302,26.0,7.852,-1
binance_perpetual-2025-11-1-1830-2025.sqlite,binance-perpetual||NEIRO-USDT||SHELL-USDT||2025||isoweek11_1-1830,2,SHELL-USDT,MARKET,BUY,0.0034132,CLOSE,1741643185.0,0.2968,23.0,6.8264,-1
binance_perpetual-2025-11-1-1830-2025.sqlite,binance-perpetual||NEIRO-USDT||SHELL-USDT||2025||isoweek11_1-1830,2,SHELL-USDT,MARKET,BUY,0.0004452,CLOSE,1741643185.0,0.2968,3.0,0.8904,-1
binance_perpetual-2025-11-1-1830-2025.sqlite,binance-perpetual||NEIRO-USDT||SHELL-USDT||2025||isoweek11_1-1830,2,SHELL-USDT,LIMIT,SELL,0.0034316,OPEN,1741642809.0,0.2984,23.0,6.8632,-1
binance_perpetual-2025-11-1-1830-2025.sqlite,binance-perpetual||NEIRO-USDT||SHELL-USDT||2025||isoweek11_1-1830,2,SHELL-USDT,LIMIT,SELL,0.0004476,OPEN,1741642809.0,0.2984,3.0,0.8952,-1
binance_perpetual-2025-11-1-1830-2025.sqlite,binance-perpetual||NEIRO-USDT||SHELL-USDT||2025||isoweek11_1-1830,2,SHELL-USDT,MARKET,BUY,0.0038402,CLOSE,1741643372.0,0.2954,26.0,7.6804,-1
binance_perpetual-2025-11-1-1830-2025.sqlite,binance-perpetual||NEIRO-USDT||SHELL-USDT||2025||isoweek11_1-1830,2,SHELL-USDT,LIMIT,SELL,0.00153868,OPEN,1741642707.0,0.2959,26.0,7.6934,-1
binance_perpetual-2025-11-1-1830-2025.sqlite,binance-perpetual||NEIRO-USDT||SHELL-USDT||2025||isoweek11_1-1830,2,SHELL-USDT,MARKET,BUY,0.00337985,CLOSE,1741643464.0,0.2939,23.0,6.7597,-1
binance_perpetual-2025-11-1-1830-2025.sqlite,binance-perpetual||NEIRO-USDT||SHELL-USDT||2025||isoweek11_1-1830,2,SHELL-USDT,MARKET,BUY,0.00044085,CLOSE,1741643464.0,0.2939,3.0,0.8817,-1
binance_perpetual-2025-11-1-1830-2025.sqlite,binance-perpetual||NEIRO-USDT||SHELL-USDT||2025||isoweek11_1-1830,2,SHELL-USDT,LIMIT,SELL,0.00159408,OPEN,1741642671.0,0.2952,27.0,7.9704,-1
binance_perpetual-2025-11-1-1830-2025.sqlite,binance-perpetual||NEIRO-USDT||SHELL-USDT||2025||isoweek11_1-1830,2,SHELL-USDT,MARKET,BUY,0.00394875,CLOSE,1741644327.0,0.2925,27.0,7.8975,-1
binance_perpetual-2025-11-1-1830-2025.sqlite,binance-perpetual||NEIRO-USDT||SHELL-USDT||2025||isoweek11_1-1830,2,SHELL-USDT,LIMIT,SELL,0.00158868,OPEN,1741644843.0,0.2942,27.0,7.9434,-1
binance_perpetual-2025-11-1-1830-2025.sqlite,binance-perpetual||NEIRO-USDT||SHELL-USDT||2025||isoweek11_1-1830,2,SHELL-USDT,MARKET,BUY,0.0033626,CLOSE,1741645318.0,0.2924,23.0,6.7252,-1
binance_perpetual-2025-11-1-1830-2025.sqlite,binance-perpetual||NEIRO-USDT||SHELL-USDT||2025||isoweek11_1-1830,2,SHELL-USDT,MARKET,BUY,0.0005848,CLOSE,1741645318.0,0.2924,4.0,1.1696,-1
binance_perpetual-2025-11-1-1830-2025.sqlite,binance-perpetual||NEIRO-USDT||SHELL-USDT||2025||isoweek11_1-1830,2,SHELL-USDT,LIMIT,SELL,0.00159408,OPEN,1741642671.0,0.2952,27.0,7.9704,-1
binance_perpetual-2025-11-1-1830-2025.sqlite,binance-perpetual||NEIRO-USDT||SHELL-USDT||2025||isoweek11_1-1830,2,SHELL-USDT,MARKET,BUY,0.00392715,CLOSE,1741645489.0,0.2909,27.0,7.8543,-1
binance_perpetual-2025-11-1-1830-2025.sqlite,binance-perpetual||NEIRO-USDT||SHELL-USDT||2025||isoweek11_1-1830,2,SHELL-USDT,LIMIT,SELL,0.00159408,OPEN,1741642671.0,0.2952,27.0,7.9704,-1
binance_perpetual-2025-11-1-1830-2025.sqlite,binance-perpetual||NEIRO-USDT||SHELL-USDT||2025||isoweek11_1-1830,2,SHELL-USDT,MARKET,BUY,0.002316,CLOSE,1741645873.0,0.2895,16.0,4.632,-1
binance_perpetual-2025-11-1-1830-2025.sqlite,binance-perpetual||NEIRO-USDT||SHELL-USDT||2025||isoweek11_1-1830,2,SHELL-USDT,MARKET,BUY,0.00159225,CLOSE,1741645873.0,0.2895,11.0,3.1845,-1
binance_perpetual-2025-11-1-1830-2025.sqlite,binance-perpetual||NEIRO-USDT||SHELL-USDT||2025||isoweek11_1-1830,2,SHELL-USDT,LIMIT,SELL,0.00153608,OPEN,1741642680.0,0.2954,26.0,7.6804,-1
binance_perpetual-2025-11-1-1830-2025.sqlite,binance-perpetual||NEIRO-USDT||SHELL-USDT||2025||isoweek11_1-1830,2,SHELL-USDT,MARKET,BUY,0.00331085,CLOSE,1741646024.0,0.2879,23.0,6.6217,-1
binance_perpetual-2025-11-1-1830-2025.sqlite,binance-perpetual||NEIRO-USDT||SHELL-USDT||2025||isoweek11_1-1830,2,SHELL-USDT,MARKET,BUY,0.00043185,CLOSE,1741646024.0,0.2879,3.0,0.8637,-1
binance_perpetual-2025-11-1-1830-2025.sqlite,binance-perpetual||NEIRO-USDT||SHELL-USDT||2025||isoweek11_1-1830,2,SHELL-USDT,LIMIT,SELL,0.00153868,OPEN,1741643027.0,0.2959,26.0,7.6934,-1
binance_perpetual-2025-11-1-1830-2025.sqlite,binance-perpetual||NEIRO-USDT||SHELL-USDT||2025||isoweek11_1-1830,2,SHELL-USDT,LIMIT,SELL,0.0038519,OPEN,1741642989.0,0.2963,26.0,7.7038,-1
binance_perpetual-2025-11-1-1830-2025.sqlite,binance-perpetual||NEIRO-USDT||SHELL-USDT||2025||isoweek11_1-1830,2,SHELL-USDT,LIMIT,SELL,0.0038545,OPEN,1741642973.0,0.2965,26.0,7.709,-1
binance_perpetual-2025-11-1-1830-2025.sqlite,binance-perpetual||NEIRO-USDT||SHELL-USDT||2025||isoweek11_1-1830,2,SHELL-USDT,LIMIT,SELL,0.0015418,OPEN,1741642973.0,0.2965,26.0,7.709,-1
binance_perpetual-2025-11-1-1830-2025.sqlite,binance-perpetual||NEIRO-USDT||SHELL-USDT||2025||isoweek11_1-1830,2,SHELL-USDT,LIMIT,SELL,0.0015418,OPEN,1741642973.0,0.2965,26.0,7.709,-1
binance_perpetual-2025-11-1-1830-2025.sqlite,binance-perpetual||NEIRO-USDT||SHELL-USDT||2025||isoweek11_1-1830,2,SHELL-USDT,LIMIT,SELL,0.0015418,OPEN,1741642960.0,0.2965,26.0,7.709,-1
binance_perpetual-2025-11-1-1830-2025.sqlite,binance-perpetual||NEIRO-USDT||SHELL-USDT||2025||isoweek11_1-1830,2,SHELL-USDT,LIMIT,SELL,0.0015418,OPEN,1741642965.0,0.2965,26.0,7.709,-1
binance_perpetual-2025-11-1-1830-2025.sqlite,binance-perpetual||NEIRO-USDT||SHELL-USDT||2025||isoweek11_1-1830,2,SHELL-USDT,LIMIT,SELL,0.0015418,OPEN,1741642960.0,0.2965,26.0,7.709,-1
binance_perpetual-2025-11-1-1830-2025.sqlite,binance-perpetual||NEIRO-USDT||SHELL-USDT||2025||isoweek11_1-1830,2,SHELL-USDT,LIMIT,SELL,0.00154128,OPEN,1741642938.0,0.2964,26.0,7.7064,-1
binance_perpetual-2025-11-1-1830-2025.sqlite,binance-perpetual||NEIRO-USDT||SHELL-USDT||2025||isoweek11_1-1830,2,SHELL-USDT,LIMIT,SELL,0.003861,OPEN,1741642923.0,0.297,26.0,7.722,-1
binance_perpetual-2025-11-1-1830-2025.sqlite,binance-perpetual||NEIRO-USDT||SHELL-USDT||2025||isoweek11_1-1830,2,SHELL-USDT,LIMIT,SELL,0.00154804,OPEN,1741642877.0,0.2977,26.0,7.7402,-1
binance_perpetual-2025-11-1-1830-2025.sqlite,binance-perpetual||NEIRO-USDT||SHELL-USDT||2025||isoweek11_1-1830,2,SHELL-USDT,LIMIT,SELL,0.0015522,OPEN,1741642842.0,0.2985,26.0,7.761,-1
binance_perpetual-2025-11-1-1830-2025.sqlite,binance-perpetual||NEIRO-USDT||SHELL-USDT||2025||isoweek11_1-1830,2,SHELL-USDT,LIMIT,SELL,0.00155272,OPEN,1741642834.0,0.2986,26.0,7.7636,-1
binance_perpetual-2025-11-1-1830-2025.sqlite,binance-perpetual||NEIRO-USDT||SHELL-USDT||2025||isoweek11_1-1830,2,SHELL-USDT,LIMIT,SELL,0.00154908,OPEN,1741642829.0,0.2979,26.0,7.7454,-1
binance_perpetual-2025-11-1-1830-2025.sqlite,binance-perpetual||NEIRO-USDT||SHELL-USDT||2025||isoweek11_1-1830,2,SHELL-USDT,LIMIT,SELL,0.0015444,OPEN,1741642805.0,0.297,26.0,7.722,-1
binance_perpetual-2025-11-1-1830-2025.sqlite,binance-perpetual||NEIRO-USDT||SHELL-USDT||2025||isoweek11_1-1830,2,SHELL-USDT,LIMIT,SELL,0.0034247,OPEN,1741642797.0,0.2978,23.0,6.8494,-1
binance_perpetual-2025-11-1-1830-2025.sqlite,binance-perpetual||NEIRO-USDT||SHELL-USDT||2025||isoweek11_1-1830,2,SHELL-USDT,LIMIT,SELL,0.0004467,OPEN,1741642797.0,0.2978,3.0,0.8934,-1
binance_perpetual-2025-11-1-1830-2025.sqlite,binance-perpetual||NEIRO-USDT||SHELL-USDT||2025||isoweek11_1-1830,2,SHELL-USDT,LIMIT,SELL,0.0015392,OPEN,1741642783.0,0.296,26.0,7.696,-1
binance_perpetual-2025-11-1-1830-2025.sqlite,binance-perpetual||NEIRO-USDT||SHELL-USDT||2025||isoweek11_1-1830,2,SHELL-USDT,LIMIT,SELL,0.0015392,OPEN,1741642783.0,0.296,26.0,7.696,-1
binance_perpetual-2025-11-1-1830-2025.sqlite,binance-perpetual||NEIRO-USDT||SHELL-USDT||2025||isoweek11_1-1830,2,SHELL-USDT,LIMIT,SELL,0.0015392,OPEN,1741642772.0,0.296,26.0,7.696,-1
binance_perpetual-2025-11-1-1830-2025.sqlite,binance-perpetual||NEIRO-USDT||SHELL-USDT||2025||isoweek11_1-1830,2,SHELL-USDT,LIMIT,SELL,0.0038519,OPEN,1741642761.0,0.2963,26.0,7.7038,-1
binance_perpetual-2025-11-1-1830-2025.sqlite,binance-perpetual||NEIRO-USDT||SHELL-USDT||2025||isoweek11_1-1830,2,SHELL-USDT,LIMIT,SELL,0.00154076,OPEN,1741642761.0,0.2963,26.0,7.7038,-1
binance_perpetual-2025-11-1-1830-2025.sqlite,binance-perpetual||NEIRO-USDT||SHELL-USDT||2025||isoweek11_1-1830,2,SHELL-USDT,LIMIT,SELL,0.00154076,OPEN,1741642751.0,0.2963,26.0,7.7038,-1
binance_perpetual-2025-11-1-1830-2025.sqlite,binance-perpetual||NEIRO-USDT||SHELL-USDT||2025||isoweek11_1-1830,2,SHELL-USDT,LIMIT,SELL,0.00154336,OPEN,1741642739.0,0.2968,26.0,7.7168,-1
binance_perpetual-2025-11-1-1830-2025.sqlite,binance-perpetual||NEIRO-USDT||SHELL-USDT||2025||isoweek11_1-1830,2,SHELL-USDT,LIMIT,SELL,0.00153972,OPEN,1741642734.0,0.2961,26.0,7.6986,-1
binance_perpetual-2025-11-1-1830-2025.sqlite,binance-perpetual||NEIRO-USDT||SHELL-USDT||2025||isoweek11_1-1830,2,SHELL-USDT,LIMIT,SELL,0.00153868,OPEN,1741642732.0,0.2959,26.0,7.6934,-1
binance_perpetual-2025-11-1-1830-2025.sqlite,binance-perpetual||NEIRO-USDT||SHELL-USDT||2025||isoweek11_1-1830,2,SHELL-USDT,LIMIT,SELL,0.00153868,OPEN,1741642721.0,0.2959,26.0,7.6934,-1
binance_perpetual-2025-11-1-1830-2025.sqlite,binance-perpetual||NEIRO-USDT||SHELL-USDT||2025||isoweek11_1-1830,2,SHELL-USDT,LIMIT,SELL,0.00153764,OPEN,1741642714.0,0.2957,26.0,7.6882,-1
binance_perpetual-2025-11-1-1830-2025.sqlite,binance-perpetual||NEIRO-USDT||SHELL-USDT||2025||isoweek11_1-1830,2,SHELL-USDT,LIMIT,SELL,0.0038415,OPEN,1741642701.0,0.2955,26.0,7.683,-1
binance_perpetual-2025-11-1-1830-2025.sqlite,binance-perpetual||NEIRO-USDT||SHELL-USDT||2025||isoweek11_1-1830,2,SHELL-USDT,LIMIT,SELL,0.00153608,OPEN,1741642700.0,0.2954,26.0,7.6804,-1
binance_perpetual-2025-11-1-1830-2025.sqlite,binance-perpetual||NEIRO-USDT||SHELL-USDT||2025||isoweek11_1-1830,2,SHELL-USDT,LIMIT,SELL,0.00153712,OPEN,1741642686.0,0.2956,26.0,7.6856,-1
binance_perpetual-2025-11-1-1830-2025.sqlite,binance-perpetual||NEIRO-USDT||SHELL-USDT||2025||isoweek11_1-1830,2,SHELL-USDT,LIMIT,SELL,0.00153608,OPEN,1741642680.0,0.2954,26.0,7.6804,-1
binance_perpetual-2025-11-1-1830-2025.sqlite,binance-perpetual||NEIRO-USDT||SHELL-USDT||2025||isoweek11_1-1830,2,SHELL-USDT,MARKET,BUY,0.0151305,CLOSE,1741646138.0,0.2882,105.0,30.261,-1
binance_perpetual-2025-11-1-1830-2025.sqlite,binance-perpetual||NEIRO-USDT||SHELL-USDT||2025||isoweek11_1-1830,2,SHELL-USDT,MARKET,BUY,0.0249293,CLOSE,1741646138.0,0.2882,173.0,49.8586,-1
binance_perpetual-2025-11-1-1830-2025.sqlite,binance-perpetual||NEIRO-USDT||SHELL-USDT||2025||isoweek11_1-1830,2,SHELL-USDT,MARKET,BUY,0.0027379,CLOSE,1741646138.0,0.2882,19.0,5.4758,-1
binance_perpetual-2025-11-1-1830-2025.sqlite,binance-perpetual||NEIRO-USDT||SHELL-USDT||2025||isoweek11_1-1830,2,SHELL-USDT,MARKET,BUY,0.0083578,CLOSE,1741646138.0,0.2882,58.0,16.7156,-1
binance_perpetual-2025-11-1-1830-2025.sqlite,binance-perpetual||NEIRO-USDT||SHELL-USDT||2025||isoweek11_1-1830,2,SHELL-USDT,MARKET,BUY,0.0148423,CLOSE,1741646138.0,0.2882,103.0,29.6846,-1
binance_perpetual-2025-11-1-1830-2025.sqlite,binance-perpetual||NEIRO-USDT||SHELL-USDT||2025||isoweek11_1-1830,2,SHELL-USDT,MARKET,BUY,0.00331545,CLOSE,1741646138.0,0.2883,23.0,6.6309,-1
binance_perpetual-2025-11-1-1830-2025.sqlite,binance-perpetual||NEIRO-USDT||SHELL-USDT||2025||isoweek11_1-1830,2,SHELL-USDT,MARKET,BUY,0.00331545,CLOSE,1741646138.0,0.2883,23.0,6.6309,-1
binance_perpetual-2025-11-1-1830-2025.sqlite,binance-perpetual||NEIRO-USDT||SHELL-USDT||2025||isoweek11_1-1830,2,SHELL-USDT,MARKET,BUY,0.00302715,CLOSE,1741646138.0,0.2883,21.0,6.0543,-1
binance_perpetual-2025-11-1-1830-2025.sqlite,binance-perpetual||NEIRO-USDT||SHELL-USDT||2025||isoweek11_1-1830,2,SHELL-USDT,MARKET,BUY,0.00331545,CLOSE,1741646138.0,0.2883,23.0,6.6309,-1
binance_perpetual-2025-11-1-1830-2025.sqlite,binance-perpetual||NEIRO-USDT||SHELL-USDT||2025||isoweek11_1-1830,2,SHELL-USDT,MARKET,BUY,0.00331545,CLOSE,1741646138.0,0.2883,23.0,6.6309,-1
binance_perpetual-2025-11-1-1830-2025.sqlite,binance-perpetual||NEIRO-USDT||SHELL-USDT||2025||isoweek11_1-1830,2,SHELL-USDT,MARKET,BUY,0.00331545,CLOSE,1741646138.0,0.2883,23.0,6.6309,-1
binance_perpetual-2025-11-1-1830-2025.sqlite,binance-perpetual||NEIRO-USDT||SHELL-USDT||2025||isoweek11_1-1830,2,SHELL-USDT,MARKET,BUY,0.01484745,CLOSE,1741646138.0,0.2883,103.0,29.6949,-1
binance_perpetual-2025-11-1-1830-2025.sqlite,binance-perpetual||NEIRO-USDT||SHELL-USDT||2025||isoweek11_1-1830,2,SHELL-USDT,MARKET,BUY,0.0083607,CLOSE,1741646138.0,0.2883,58.0,16.7214,-1
binance_perpetual-2025-11-1-1830-2025.sqlite,binance-perpetual||NEIRO-USDT||SHELL-USDT||2025||isoweek11_1-1830,2,SHELL-USDT,MARKET,BUY,0.00735165,CLOSE,1741646138.0,0.2883,51.0,14.7033,-1
binance_perpetual-2025-11-1-1830-2025.sqlite,binance-perpetual||SEI-USDT||COW-USDT||2025||isoweek11_1-1830,1,SEI-USDT,LIMIT,BUY,0.00157552,OPEN,1741643248.0,0.1832,43.0,7.8776,1
binance_perpetual-2025-11-1-1830-2025.sqlite,binance-perpetual||SEI-USDT||COW-USDT||2025||isoweek11_1-1830,1,SEI-USDT,MARKET,SELL,0.00395385,CLOSE,1741644241.0,0.1839,43.0,7.9077,1
binance_perpetual-2025-11-1-1830-2025.sqlite,binance-perpetual||SEI-USDT||COW-USDT||2025||isoweek11_1-1830,1,SEI-USDT,LIMIT,BUY,0.00156262,OPEN,1741645059.0,0.1817,43.0,7.8131,1
binance_perpetual-2025-11-1-1830-2025.sqlite,binance-perpetual||SEI-USDT||COW-USDT||2025||isoweek11_1-1830,1,SEI-USDT,MARKET,SELL,0.00391944,CLOSE,1741645453.0,0.1823,43.0,7.8389,1
binance_perpetual-2025-11-1-1830-2025.sqlite,binance-perpetual||SEI-USDT||COW-USDT||2025||isoweek11_1-1830,1,SEI-USDT,LIMIT,BUY,0.00156348,OPEN,1741645988.0,0.1818,43.0,7.8174,1
binance_perpetual-2025-11-1-1830-2025.sqlite,binance-perpetual||SEI-USDT||COW-USDT||2025||isoweek11_1-1830,1,SEI-USDT,MARKET,SELL,0.0039216,CLOSE,1741646339.0,0.1824,43.0,7.8432,1
binance_perpetual-2025-11-1-1830-2025.sqlite,binance-perpetual||SEI-USDT||COW-USDT||2025||isoweek11_1-1830,1,SEI-USDT,LIMIT,BUY,0.00156348,OPEN,1741646700.0,0.1818,43.0,7.8174,1
binance_perpetual-2025-11-1-1830-2025.sqlite,binance-perpetual||SEI-USDT||COW-USDT||2025||isoweek11_1-1830,1,SEI-USDT,MARKET,SELL,0.0039216,CLOSE,1741646808.0,0.1824,43.0,7.8432,1
binance_perpetual-2025-11-1-1830-2025.sqlite,binance-perpetual||SEI-USDT||COW-USDT||2025||isoweek11_1-1830,1,SEI-USDT,LIMIT,BUY,0.00156778,OPEN,1741644437.0,0.1823,43.0,7.8389,1
binance_perpetual-2025-11-1-1830-2025.sqlite,binance-perpetual||SEI-USDT||COW-USDT||2025||isoweek11_1-1830,1,SEI-USDT,MARKET,SELL,0.00393235,CLOSE,1741647191.0,0.1829,43.0,7.8647,1
binance_perpetual-2025-11-1-1830-2025.sqlite,binance-perpetual||SEI-USDT||COW-USDT||2025||isoweek11_1-1830,1,SEI-USDT,LIMIT,BUY,0.00157122,OPEN,1741644383.0,0.1827,43.0,7.8561,1
binance_perpetual-2025-11-1-1830-2025.sqlite,binance-perpetual||SEI-USDT||COW-USDT||2025||isoweek11_1-1830,1,SEI-USDT,LIMIT,BUY,0.00157466,OPEN,1741644326.0,0.1831,43.0,7.8733,1
binance_perpetual-2025-11-1-1830-2025.sqlite,binance-perpetual||SEI-USDT||COW-USDT||2025||isoweek11_1-1830,1,SEI-USDT,LIMIT,BUY,0.00157982,OPEN,1741643091.0,0.1837,43.0,7.8991,1
binance_perpetual-2025-11-1-1830-2025.sqlite,binance-perpetual||SEI-USDT||COW-USDT||2025||isoweek11_1-1830,1,SEI-USDT,LIMIT,BUY,0.00158498,OPEN,1741642800.0,0.1843,43.0,7.9249,1
binance_perpetual-2025-11-1-1830-2025.sqlite,binance-perpetual||SEI-USDT||COW-USDT||2025||isoweek11_1-1830,1,SEI-USDT,LIMIT,BUY,0.00154896,OPEN,1741642690.0,0.1844,42.0,7.7448,1
binance_perpetual-2025-11-1-1830-2025.sqlite,binance-perpetual||SEI-USDT||COW-USDT||2025||isoweek11_1-1830,1,SEI-USDT,LIMIT,BUY,0.00154896,OPEN,1741642749.0,0.1844,42.0,7.7448,1
binance_perpetual-2025-11-1-1830-2025.sqlite,binance-perpetual||SEI-USDT||COW-USDT||2025||isoweek11_1-1830,1,SEI-USDT,LIMIT,BUY,0.00154896,OPEN,1741642892.0,0.1844,42.0,7.7448,1
binance_perpetual-2025-11-1-1830-2025.sqlite,binance-perpetual||SEI-USDT||COW-USDT||2025||isoweek11_1-1830,1,SEI-USDT,LIMIT,BUY,0.00155064,OPEN,1741642999.0,0.1846,42.0,7.7532,1
binance_perpetual-2025-11-1-1830-2025.sqlite,binance-perpetual||SEI-USDT||COW-USDT||2025||isoweek11_1-1830,1,SEI-USDT,LIMIT,BUY,0.00158498,OPEN,1741643031.0,0.1843,43.0,7.9249,1
binance_perpetual-2025-11-1-1830-2025.sqlite,binance-perpetual||SEI-USDT||COW-USDT||2025||isoweek11_1-1830,1,SEI-USDT,LIMIT,BUY,0.00158412,OPEN,1741643033.0,0.1842,43.0,7.9206,1
binance_perpetual-2025-11-1-1830-2025.sqlite,binance-perpetual||SEI-USDT||COW-USDT||2025||isoweek11_1-1830,1,SEI-USDT,LIMIT,BUY,0.00158326,OPEN,1741643039.0,0.1841,43.0,7.9163,1
binance_perpetual-2025-11-1-1830-2025.sqlite,binance-perpetual||SEI-USDT||COW-USDT||2025||isoweek11_1-1830,1,SEI-USDT,LIMIT,BUY,0.0015824,OPEN,1741643068.0,0.184,43.0,7.912,1
binance_perpetual-2025-11-1-1830-2025.sqlite,binance-perpetual||SEI-USDT||COW-USDT||2025||isoweek11_1-1830,1,SEI-USDT,LIMIT,BUY,0.00157896,OPEN,1741643110.0,0.1836,43.0,7.8948,1
binance_perpetual-2025-11-1-1830-2025.sqlite,binance-perpetual||SEI-USDT||COW-USDT||2025||isoweek11_1-1830,1,SEI-USDT,LIMIT,BUY,0.0015738,OPEN,1741643327.0,0.183,43.0,7.869,1
binance_perpetual-2025-11-1-1830-2025.sqlite,binance-perpetual||SEI-USDT||COW-USDT||2025||isoweek11_1-1830,1,SEI-USDT,LIMIT,BUY,0.00157552,OPEN,1741643650.0,0.1832,43.0,7.8776,1
binance_perpetual-2025-11-1-1830-2025.sqlite,binance-perpetual||SEI-USDT||COW-USDT||2025||isoweek11_1-1830,1,SEI-USDT,LIMIT,BUY,0.00157466,OPEN,1741643652.0,0.1831,43.0,7.8733,1
binance_perpetual-2025-11-1-1830-2025.sqlite,binance-perpetual||SEI-USDT||COW-USDT||2025||isoweek11_1-1830,1,SEI-USDT,LIMIT,BUY,0.00157896,OPEN,1741643942.0,0.1836,43.0,7.8948,1
binance_perpetual-2025-11-1-1830-2025.sqlite,binance-perpetual||SEI-USDT||COW-USDT||2025||isoweek11_1-1830,1,SEI-USDT,LIMIT,BUY,0.00157724,OPEN,1741643944.0,0.1834,43.0,7.8862,1
binance_perpetual-2025-11-1-1830-2025.sqlite,binance-perpetual||SEI-USDT||COW-USDT||2025||isoweek11_1-1830,1,SEI-USDT,LIMIT,BUY,0.00157294,OPEN,1741644051.0,0.1829,43.0,7.8647,1
binance_perpetual-2025-11-1-1830-2025.sqlite,binance-perpetual||SEI-USDT||COW-USDT||2025||isoweek11_1-1830,1,SEI-USDT,LIMIT,BUY,0.00157294,OPEN,1741644123.0,0.1829,43.0,7.8647,1
binance_perpetual-2025-11-1-1830-2025.sqlite,binance-perpetual||SEI-USDT||COW-USDT||2025||isoweek11_1-1830,1,SEI-USDT,LIMIT,BUY,0.00158068,OPEN,1741644244.0,0.1838,43.0,7.9034,1
binance_perpetual-2025-11-1-1830-2025.sqlite,binance-perpetual||SEI-USDT||COW-USDT||2025||isoweek11_1-1830,1,SEI-USDT,LIMIT,BUY,0.00157724,OPEN,1741644305.0,0.1834,43.0,7.8862,1
binance_perpetual-2025-11-1-1830-2025.sqlite,binance-perpetual||SEI-USDT||COW-USDT||2025||isoweek11_1-1830,1,SEI-USDT,LIMIT,BUY,0.00157294,OPEN,1741644377.0,0.1829,43.0,7.8647,1
binance_perpetual-2025-11-1-1830-2025.sqlite,binance-perpetual||SEI-USDT||COW-USDT||2025||isoweek11_1-1830,1,SEI-USDT,LIMIT,BUY,0.00157466,OPEN,1741644356.0,0.1831,43.0,7.8733,1
binance_perpetual-2025-11-1-1830-2025.sqlite,binance-perpetual||SEI-USDT||COW-USDT||2025||isoweek11_1-1830,1,SEI-USDT,LIMIT,BUY,0.0015695,OPEN,1741644424.0,0.1825,43.0,7.8475,1
binance_perpetual-2025-11-1-1830-2025.sqlite,binance-perpetual||SEI-USDT||COW-USDT||2025||isoweek11_1-1830,1,SEI-USDT,LIMIT,BUY,0.00156864,OPEN,1741644436.0,0.1824,43.0,7.8432,1
binance_perpetual-2025-11-1-1830-2025.sqlite,binance-perpetual||SEI-USDT||COW-USDT||2025||isoweek11_1-1830,1,SEI-USDT,LIMIT,BUY,0.00156864,OPEN,1741644499.0,0.1824,43.0,7.8432,1
binance_perpetual-2025-11-1-1830-2025.sqlite,binance-perpetual||SEI-USDT||COW-USDT||2025||isoweek11_1-1830,1,SEI-USDT,LIMIT,BUY,0.00156692,OPEN,1741644510.0,0.1822,43.0,7.8346,1
binance_perpetual-2025-11-1-1830-2025.sqlite,binance-perpetual||SEI-USDT||COW-USDT||2025||isoweek11_1-1830,1,SEI-USDT,LIMIT,BUY,0.00156606,OPEN,1741644574.0,0.1821,43.0,7.8303,1
binance_perpetual-2025-11-1-1830-2025.sqlite,binance-perpetual||SEI-USDT||COW-USDT||2025||isoweek11_1-1830,1,SEI-USDT,LIMIT,BUY,0.0015652,OPEN,1741644578.0,0.182,43.0,7.826,1
binance_perpetual-2025-11-1-1830-2025.sqlite,binance-perpetual||SEI-USDT||COW-USDT||2025||isoweek11_1-1830,1,SEI-USDT,LIMIT,BUY,0.00156606,OPEN,1741644693.0,0.1821,43.0,7.8303,1
binance_perpetual-2025-11-1-1830-2025.sqlite,binance-perpetual||SEI-USDT||COW-USDT||2025||isoweek11_1-1830,1,SEI-USDT,LIMIT,BUY,0.00156692,OPEN,1741644861.0,0.1822,43.0,7.8346,1
binance_perpetual-2025-11-1-1830-2025.sqlite,binance-perpetual||SEI-USDT||COW-USDT||2025||isoweek11_1-1830,1,SEI-USDT,LIMIT,BUY,0.00156606,OPEN,1741644919.0,0.1821,43.0,7.8303,1
binance_perpetual-2025-11-1-1830-2025.sqlite,binance-perpetual||SEI-USDT||COW-USDT||2025||isoweek11_1-1830,1,SEI-USDT,LIMIT,BUY,0.0015652,OPEN,1741644929.0,0.182,43.0,7.826,1
binance_perpetual-2025-11-1-1830-2025.sqlite,binance-perpetual||SEI-USDT||COW-USDT||2025||isoweek11_1-1830,1,SEI-USDT,LIMIT,BUY,0.0015652,OPEN,1741645039.0,0.182,43.0,7.826,1
binance_perpetual-2025-11-1-1830-2025.sqlite,binance-perpetual||SEI-USDT||COW-USDT||2025||isoweek11_1-1830,1,SEI-USDT,LIMIT,BUY,0.00156176,OPEN,1741645078.0,0.1816,43.0,7.8088,1
binance_perpetual-2025-11-1-1830-2025.sqlite,binance-perpetual||SEI-USDT||COW-USDT||2025||isoweek11_1-1830,1,SEI-USDT,LIMIT,BUY,0.00156262,OPEN,1741645119.0,0.1817,43.0,7.8131,1
binance_perpetual-2025-11-1-1830-2025.sqlite,binance-perpetual||SEI-USDT||COW-USDT||2025||isoweek11_1-1830,1,SEI-USDT,LIMIT,BUY,0.00156434,OPEN,1741645274.0,0.1819,43.0,7.8217,1
binance_perpetual-2025-11-1-1830-2025.sqlite,binance-perpetual||SEI-USDT||COW-USDT||2025||isoweek11_1-1830,1,SEI-USDT,LIMIT,BUY,0.0015652,OPEN,1741645269.0,0.182,43.0,7.826,1
binance_perpetual-2025-11-1-1830-2025.sqlite,binance-perpetual||SEI-USDT||COW-USDT||2025||isoweek11_1-1830,1,SEI-USDT,LIMIT,BUY,0.00156262,OPEN,1741645293.0,0.1817,43.0,7.8131,1
binance_perpetual-2025-11-1-1830-2025.sqlite,binance-perpetual||SEI-USDT||COW-USDT||2025||isoweek11_1-1830,1,SEI-USDT,LIMIT,BUY,0.00156692,OPEN,1741645355.0,0.1822,43.0,7.8346,1
binance_perpetual-2025-11-1-1830-2025.sqlite,binance-perpetual||SEI-USDT||COW-USDT||2025||isoweek11_1-1830,1,SEI-USDT,LIMIT,BUY,0.0015652,OPEN,1741645373.0,0.182,43.0,7.826,1
binance_perpetual-2025-11-1-1830-2025.sqlite,binance-perpetual||SEI-USDT||COW-USDT||2025||isoweek11_1-1830,1,SEI-USDT,LIMIT,BUY,0.00156778,OPEN,1741645456.0,0.1823,43.0,7.8389,1
binance_perpetual-2025-11-1-1830-2025.sqlite,binance-perpetual||SEI-USDT||COW-USDT||2025||isoweek11_1-1830,1,SEI-USDT,LIMIT,BUY,0.00138396,OPEN,1741645507.0,0.1821,38.0,6.9198,1
binance_perpetual-2025-11-1-1830-2025.sqlite,binance-perpetual||SEI-USDT||COW-USDT||2025||isoweek11_1-1830,1,SEI-USDT,LIMIT,BUY,0.0001821,OPEN,1741645507.0,0.1821,5.0,0.9105,1
binance_perpetual-2025-11-1-1830-2025.sqlite,binance-perpetual||SEI-USDT||COW-USDT||2025||isoweek11_1-1830,1,SEI-USDT,LIMIT,BUY,0.00156692,OPEN,1741645477.0,0.1822,43.0,7.8346,1
binance_perpetual-2025-11-1-1830-2025.sqlite,binance-perpetual||SEI-USDT||COW-USDT||2025||isoweek11_1-1830,1,SEI-USDT,LIMIT,BUY,0.0015652,OPEN,1741645510.0,0.182,43.0,7.826,1
binance_perpetual-2025-11-1-1830-2025.sqlite,binance-perpetual||SEI-USDT||COW-USDT||2025||isoweek11_1-1830,1,SEI-USDT,LIMIT,BUY,0.00156778,OPEN,1741645658.0,0.1823,43.0,7.8389,1
binance_perpetual-2025-11-1-1830-2025.sqlite,binance-perpetual||SEI-USDT||COW-USDT||2025||isoweek11_1-1830,1,SEI-USDT,MARKET,SELL,0.18445465,CLOSE,1741647700.0,0.1829,2017.0,368.9093,1
binance_perpetual-2025-11-1-1830-2025.sqlite,binance-perpetual||SEI-USDT||COW-USDT||2025||isoweek11_1-1830,2,COW-USDT,LIMIT,SELL,0.0015522,OPEN,1741642798.0,0.2587,30.0,7.761,-1
binance_perpetual-2025-11-1-1830-2025.sqlite,binance-perpetual||SEI-USDT||COW-USDT||2025||isoweek11_1-1830,2,COW-USDT,MARKET,BUY,0.0038685,CLOSE,1741643048.0,0.2579,30.0,7.737,-1
binance_perpetual-2025-11-1-1830-2025.sqlite,binance-perpetual||SEI-USDT||COW-USDT||2025||isoweek11_1-1830,2,COW-USDT,LIMIT,SELL,0.001548,OPEN,1741642717.0,0.258,30.0,7.74,-1
binance_perpetual-2025-11-1-1830-2025.sqlite,binance-perpetual||SEI-USDT||COW-USDT||2025||isoweek11_1-1830,2,COW-USDT,MARKET,BUY,0.003858,CLOSE,1741643154.0,0.2572,30.0,7.716,-1
binance_perpetual-2025-11-1-1830-2025.sqlite,binance-perpetual||SEI-USDT||COW-USDT||2025||isoweek11_1-1830,2,COW-USDT,LIMIT,SELL,0.001548,OPEN,1741643910.0,0.258,30.0,7.74,-1
binance_perpetual-2025-11-1-1830-2025.sqlite,binance-perpetual||SEI-USDT||COW-USDT||2025||isoweek11_1-1830,2,COW-USDT,MARKET,BUY,0.003858,CLOSE,1741643982.0,0.2572,30.0,7.716,-1
binance_perpetual-2025-11-1-1830-2025.sqlite,binance-perpetual||SEI-USDT||COW-USDT||2025||isoweek11_1-1830,2,COW-USDT,LIMIT,SELL,0.00159774,OPEN,1741642671.0,0.2577,31.0,7.9887,-1
binance_perpetual-2025-11-1-1830-2025.sqlite,binance-perpetual||SEI-USDT||COW-USDT||2025||isoweek11_1-1830,2,COW-USDT,MARKET,BUY,0.0039742,CLOSE,1741644153.0,0.2564,31.0,7.9484,-1
binance_perpetual-2025-11-1-1830-2025.sqlite,binance-perpetual||SEI-USDT||COW-USDT||2025||isoweek11_1-1830,2,COW-USDT,LIMIT,SELL,0.00159464,OPEN,1741644203.0,0.2572,31.0,7.9732,-1
binance_perpetual-2025-11-1-1830-2025.sqlite,binance-perpetual||SEI-USDT||COW-USDT||2025||isoweek11_1-1830,2,COW-USDT,MARKET,BUY,0.0039742,CLOSE,1741644362.0,0.2564,31.0,7.9484,-1
binance_perpetual-2025-11-1-1830-2025.sqlite,binance-perpetual||SEI-USDT||COW-USDT||2025||isoweek11_1-1830,2,COW-USDT,LIMIT,SELL,0.00159774,OPEN,1741642671.0,0.2577,31.0,7.9887,-1
binance_perpetual-2025-11-1-1830-2025.sqlite,binance-perpetual||SEI-USDT||COW-USDT||2025||isoweek11_1-1830,2,COW-USDT,MARKET,BUY,0.00396179,CLOSE,1741644494.0,0.2556,31.0,7.9236,-1
binance_perpetual-2025-11-1-1830-2025.sqlite,binance-perpetual||SEI-USDT||COW-USDT||2025||isoweek11_1-1830,2,COW-USDT,LIMIT,SELL,0.00159774,OPEN,1741642671.0,0.2577,31.0,7.9887,-1
binance_perpetual-2025-11-1-1830-2025.sqlite,binance-perpetual||SEI-USDT||COW-USDT||2025||isoweek11_1-1830,2,COW-USDT,MARKET,BUY,0.00394939,CLOSE,1741644981.0,0.2548,31.0,7.8988,-1
binance_perpetual-2025-11-1-1830-2025.sqlite,binance-perpetual||SEI-USDT||COW-USDT||2025||isoweek11_1-1830,2,COW-USDT,LIMIT,SELL,0.0015965,OPEN,1741642701.0,0.2575,31.0,7.9825,-1
binance_perpetual-2025-11-1-1830-2025.sqlite,binance-perpetual||SEI-USDT||COW-USDT||2025||isoweek11_1-1830,2,COW-USDT,MARKET,BUY,0.00393855,CLOSE,1741645037.0,0.2541,31.0,7.8771,-1
binance_perpetual-2025-11-1-1830-2025.sqlite,binance-perpetual||SEI-USDT||COW-USDT||2025||isoweek11_1-1830,2,COW-USDT,LIMIT,SELL,0.0015965,OPEN,1741642701.0,0.2575,31.0,7.9825,-1
binance_perpetual-2025-11-1-1830-2025.sqlite,binance-perpetual||SEI-USDT||COW-USDT||2025||isoweek11_1-1830,2,COW-USDT,MARKET,BUY,0.0039246,CLOSE,1741645081.0,0.2532,31.0,7.8492,-1
binance_perpetual-2025-11-1-1830-2025.sqlite,binance-perpetual||SEI-USDT||COW-USDT||2025||isoweek11_1-1830,2,COW-USDT,LIMIT,SELL,0.00158038,OPEN,1741645452.0,0.2549,31.0,7.9019,-1
binance_perpetual-2025-11-1-1830-2025.sqlite,binance-perpetual||SEI-USDT||COW-USDT||2025||isoweek11_1-1830,2,COW-USDT,MARKET,BUY,0.00393855,CLOSE,1741645743.0,0.2541,31.0,7.8771,-1
binance_perpetual-2025-11-1-1830-2025.sqlite,binance-perpetual||SEI-USDT||COW-USDT||2025||isoweek11_1-1830,2,COW-USDT,LIMIT,SELL,0.001581,OPEN,1741645831.0,0.255,31.0,7.905,-1
binance_perpetual-2025-11-1-1830-2025.sqlite,binance-perpetual||SEI-USDT||COW-USDT||2025||isoweek11_1-1830,2,COW-USDT,MARKET,BUY,0.00393855,CLOSE,1741645988.0,0.2541,31.0,7.8771,-1
binance_perpetual-2025-11-1-1830-2025.sqlite,binance-perpetual||SEI-USDT||COW-USDT||2025||isoweek11_1-1830,2,COW-USDT,LIMIT,SELL,0.00157542,OPEN,1741645327.0,0.2541,31.0,7.8771,-1
binance_perpetual-2025-11-1-1830-2025.sqlite,binance-perpetual||SEI-USDT||COW-USDT||2025||isoweek11_1-1830,2,COW-USDT,MARKET,BUY,0.00392615,CLOSE,1741646675.0,0.2533,31.0,7.8523,-1
binance_perpetual-2025-11-1-1830-2025.sqlite,binance-perpetual||SEI-USDT||COW-USDT||2025||isoweek11_1-1830,2,COW-USDT,LIMIT,SELL,0.001581,OPEN,1741646937.0,0.255,31.0,7.905,-1
binance_perpetual-2025-11-1-1830-2025.sqlite,binance-perpetual||SEI-USDT||COW-USDT||2025||isoweek11_1-1830,2,COW-USDT,MARKET,BUY,0.003937,CLOSE,1741647497.0,0.254,31.0,7.874,-1
binance_perpetual-2025-11-1-1830-2025.sqlite,binance-perpetual||SEI-USDT||COW-USDT||2025||isoweek11_1-1830,2,COW-USDT,LIMIT,SELL,0.00113211,OPEN,1741643126.0,0.2573,22.0,5.6606,-1
binance_perpetual-2025-11-1-1830-2025.sqlite,binance-perpetual||SEI-USDT||COW-USDT||2025||isoweek11_1-1830,2,COW-USDT,LIMIT,SELL,0.00046314,OPEN,1741643127.0,0.2573,9.0,2.3157,-1
binance_perpetual-2025-11-1-1830-2025.sqlite,binance-perpetual||SEI-USDT||COW-USDT||2025||isoweek11_1-1830,2,COW-USDT,LIMIT,SELL,0.00159588,OPEN,1741643093.0,0.2574,31.0,7.9794,-1
binance_perpetual-2025-11-1-1830-2025.sqlite,binance-perpetual||SEI-USDT||COW-USDT||2025||isoweek11_1-1830,2,COW-USDT,LIMIT,SELL,0.001551,OPEN,1741642990.0,0.2585,30.0,7.755,-1
binance_perpetual-2025-11-1-1830-2025.sqlite,binance-perpetual||SEI-USDT||COW-USDT||2025||isoweek11_1-1830,2,COW-USDT,LIMIT,SELL,0.001551,OPEN,1741642990.0,0.2585,30.0,7.755,-1
binance_perpetual-2025-11-1-1830-2025.sqlite,binance-perpetual||SEI-USDT||COW-USDT||2025||isoweek11_1-1830,2,COW-USDT,LIMIT,SELL,0.001551,OPEN,1741642981.0,0.2585,30.0,7.755,-1
binance_perpetual-2025-11-1-1830-2025.sqlite,binance-perpetual||SEI-USDT||COW-USDT||2025||isoweek11_1-1830,2,COW-USDT,LIMIT,SELL,0.001551,OPEN,1741642981.0,0.2585,30.0,7.755,-1
binance_perpetual-2025-11-1-1830-2025.sqlite,binance-perpetual||SEI-USDT||COW-USDT||2025||isoweek11_1-1830,2,COW-USDT,LIMIT,SELL,0.001551,OPEN,1741642974.0,0.2585,30.0,7.755,-1
binance_perpetual-2025-11-1-1830-2025.sqlite,binance-perpetual||SEI-USDT||COW-USDT||2025||isoweek11_1-1830,2,COW-USDT,LIMIT,SELL,0.001551,OPEN,1741642974.0,0.2585,30.0,7.755,-1
binance_perpetual-2025-11-1-1830-2025.sqlite,binance-perpetual||SEI-USDT||COW-USDT||2025||isoweek11_1-1830,2,COW-USDT,LIMIT,SELL,0.003876,OPEN,1741642948.0,0.2584,30.0,7.752,-1
binance_perpetual-2025-11-1-1830-2025.sqlite,binance-perpetual||SEI-USDT||COW-USDT||2025||isoweek11_1-1830,2,COW-USDT,LIMIT,SELL,0.001551,OPEN,1741642974.0,0.2585,30.0,7.755,-1
binance_perpetual-2025-11-1-1830-2025.sqlite,binance-perpetual||SEI-USDT||COW-USDT||2025||isoweek11_1-1830,2,COW-USDT,LIMIT,SELL,0.0015504,OPEN,1741642942.0,0.2584,30.0,7.752,-1
binance_perpetual-2025-11-1-1830-2025.sqlite,binance-perpetual||SEI-USDT||COW-USDT||2025||isoweek11_1-1830,2,COW-USDT,LIMIT,SELL,0.00067184,OPEN,1741642939.0,0.2584,13.0,3.3592,-1
binance_perpetual-2025-11-1-1830-2025.sqlite,binance-perpetual||SEI-USDT||COW-USDT||2025||isoweek11_1-1830,2,COW-USDT,LIMIT,SELL,0.00087856,OPEN,1741642942.0,0.2584,17.0,4.3928,-1
binance_perpetual-2025-11-1-1830-2025.sqlite,binance-perpetual||SEI-USDT||COW-USDT||2025||isoweek11_1-1830,2,COW-USDT,LIMIT,SELL,0.0015498,OPEN,1741642929.0,0.2583,30.0,7.749,-1
binance_perpetual-2025-11-1-1830-2025.sqlite,binance-perpetual||SEI-USDT||COW-USDT||2025||isoweek11_1-1830,2,COW-USDT,LIMIT,SELL,0.0015498,OPEN,1741642929.0,0.2583,30.0,7.749,-1
binance_perpetual-2025-11-1-1830-2025.sqlite,binance-perpetual||SEI-USDT||COW-USDT||2025||isoweek11_1-1830,2,COW-USDT,LIMIT,SELL,0.001551,OPEN,1741642883.0,0.2585,30.0,7.755,-1
binance_perpetual-2025-11-1-1830-2025.sqlite,binance-perpetual||SEI-USDT||COW-USDT||2025||isoweek11_1-1830,2,COW-USDT,LIMIT,SELL,0.0003102,OPEN,1741642882.0,0.2585,6.0,1.551,-1
binance_perpetual-2025-11-1-1830-2025.sqlite,binance-perpetual||SEI-USDT||COW-USDT||2025||isoweek11_1-1830,2,COW-USDT,LIMIT,SELL,0.0012408,OPEN,1741642883.0,0.2585,24.0,6.204,-1
binance_perpetual-2025-11-1-1830-2025.sqlite,binance-perpetual||SEI-USDT||COW-USDT||2025||isoweek11_1-1830,2,COW-USDT,LIMIT,SELL,0.0015516,OPEN,1741642835.0,0.2586,30.0,7.758,-1
binance_perpetual-2025-11-1-1830-2025.sqlite,binance-perpetual||SEI-USDT||COW-USDT||2025||isoweek11_1-1830,2,COW-USDT,LIMIT,SELL,0.001551,OPEN,1741642791.0,0.2585,30.0,7.755,-1
binance_perpetual-2025-11-1-1830-2025.sqlite,binance-perpetual||SEI-USDT||COW-USDT||2025||isoweek11_1-1830,2,COW-USDT,LIMIT,SELL,0.0015504,OPEN,1741642788.0,0.2584,30.0,7.752,-1
binance_perpetual-2025-11-1-1830-2025.sqlite,binance-perpetual||SEI-USDT||COW-USDT||2025||isoweek11_1-1830,2,COW-USDT,LIMIT,SELL,0.0015504,OPEN,1741642788.0,0.2584,30.0,7.752,-1
binance_perpetual-2025-11-1-1830-2025.sqlite,binance-perpetual||SEI-USDT||COW-USDT||2025||isoweek11_1-1830,2,COW-USDT,LIMIT,SELL,0.0015504,OPEN,1741642788.0,0.2584,30.0,7.752,-1
binance_perpetual-2025-11-1-1830-2025.sqlite,binance-perpetual||SEI-USDT||COW-USDT||2025||isoweek11_1-1830,2,COW-USDT,LIMIT,SELL,0.0015498,OPEN,1741642762.0,0.2583,30.0,7.749,-1
binance_perpetual-2025-11-1-1830-2025.sqlite,binance-perpetual||SEI-USDT||COW-USDT||2025||isoweek11_1-1830,2,COW-USDT,LIMIT,SELL,0.003873,OPEN,1741642757.0,0.2582,30.0,7.746,-1
binance_perpetual-2025-11-1-1830-2025.sqlite,binance-perpetual||SEI-USDT||COW-USDT||2025||isoweek11_1-1830,2,COW-USDT,LIMIT,SELL,0.0015492,OPEN,1741642756.0,0.2582,30.0,7.746,-1
binance_perpetual-2025-11-1-1830-2025.sqlite,binance-perpetual||SEI-USDT||COW-USDT||2025||isoweek11_1-1830,2,COW-USDT,LIMIT,SELL,0.0015492,OPEN,1741642732.0,0.2582,30.0,7.746,-1
binance_perpetual-2025-11-1-1830-2025.sqlite,binance-perpetual||SEI-USDT||COW-USDT||2025||isoweek11_1-1830,2,COW-USDT,LIMIT,SELL,0.0015486,OPEN,1741642730.0,0.2581,30.0,7.743,-1
binance_perpetual-2025-11-1-1830-2025.sqlite,binance-perpetual||SEI-USDT||COW-USDT||2025||isoweek11_1-1830,2,COW-USDT,LIMIT,SELL,0.001548,OPEN,1741642717.0,0.258,30.0,7.74,-1
binance_perpetual-2025-11-1-1830-2025.sqlite,binance-perpetual||SEI-USDT||COW-USDT||2025||isoweek11_1-1830,2,COW-USDT,LIMIT,SELL,0.00159774,OPEN,1741642704.0,0.2577,31.0,7.9887,-1
binance_perpetual-2025-11-1-1830-2025.sqlite,binance-perpetual||SEI-USDT||COW-USDT||2025||isoweek11_1-1830,2,COW-USDT,LIMIT,SELL,0.00157542,OPEN,1741646783.0,0.2541,31.0,7.8771,-1
binance_perpetual-2025-11-1-1830-2025.sqlite,binance-perpetual||SEI-USDT||COW-USDT||2025||isoweek11_1-1830,2,COW-USDT,MARKET,BUY,0.1098144,CLOSE,1741647700.0,0.2542,864.0,219.6288,-1
binance_perpetual-2025-11-1-1830-2025.sqlite,binance-perpetual||SEI-USDT||COW-USDT||2025||isoweek11_1-1830,2,COW-USDT,MARKET,BUY,0.001271,CLOSE,1741647700.0,0.2542,10.0,2.542,-1
binance_perpetual-2025-11-1-2300-2025.sqlite,binance-perpetual||ARB-USDT||CRV-USDT||2025||isoweek11_1-2300,1,ARB-USDT,LIMIT,BUY,0.00158372,OPEN,1741658432.0,0.3193,24.8,7.91864,1
binance_perpetual-2025-11-1-2300-2025.sqlite,binance-perpetual||ARB-USDT||CRV-USDT||2025||isoweek11_1-2300,1,ARB-USDT,MARKET,SELL,0.00398288,CLOSE,1741659457.0,0.3212,24.8,7.96576,1
binance_perpetual-2025-11-1-2300-2025.sqlite,binance-perpetual||ARB-USDT||CRV-USDT||2025||isoweek11_1-2300,1,ARB-USDT,LIMIT,BUY,0.00158372,OPEN,1741660547.0,0.3193,24.8,7.91864,1
binance_perpetual-2025-11-1-2300-2025.sqlite,binance-perpetual||ARB-USDT||CRV-USDT||2025||isoweek11_1-2300,1,ARB-USDT,MARKET,SELL,0.00398288,CLOSE,1741661097.0,0.3212,24.8,7.96576,1
binance_perpetual-2025-11-1-2300-2025.sqlite,binance-perpetual||ARB-USDT||CRV-USDT||2025||isoweek11_1-2300,1,ARB-USDT,LIMIT,BUY,0.00157931,OPEN,1741658465.0,0.3197,24.7,7.89659,1
binance_perpetual-2025-11-1-2300-2025.sqlite,binance-perpetual||ARB-USDT||CRV-USDT||2025||isoweek11_1-2300,1,ARB-USDT,MARKET,SELL,0.00399028,CLOSE,1741662159.0,0.3231,24.7,7.98057,1
binance_perpetual-2025-11-1-2300-2025.sqlite,binance-perpetual||ARB-USDT||CRV-USDT||2025||isoweek11_1-2300,1,ARB-USDT,LIMIT,BUY,0.00158372,OPEN,1741658468.0,0.3193,24.8,7.91864,1
binance_perpetual-2025-11-1-2300-2025.sqlite,binance-perpetual||ARB-USDT||CRV-USDT||2025||isoweek11_1-2300,1,ARB-USDT,LIMIT,BUY,0.00158174,OPEN,1741658474.0,0.3189,24.8,7.90872,1
binance_perpetual-2025-11-1-2300-2025.sqlite,binance-perpetual||ARB-USDT||CRV-USDT||2025||isoweek11_1-2300,1,ARB-USDT,LIMIT,BUY,0.00395683,OPEN,1741658494.0,0.3191,24.8,7.91368,1
binance_perpetual-2025-11-1-2300-2025.sqlite,binance-perpetual||ARB-USDT||CRV-USDT||2025||isoweek11_1-2300,1,ARB-USDT,LIMIT,BUY,0.00157882,OPEN,1741658509.0,0.3196,24.7,7.89412,1
binance_perpetual-2025-11-1-2300-2025.sqlite,binance-perpetual||ARB-USDT||CRV-USDT||2025||isoweek11_1-2300,1,ARB-USDT,LIMIT,BUY,0.00157931,OPEN,1741658533.0,0.3197,24.7,7.89659,1
binance_perpetual-2025-11-1-2300-2025.sqlite,binance-perpetual||ARB-USDT||CRV-USDT||2025||isoweek11_1-2300,1,ARB-USDT,LIMIT,BUY,0.0015803,OPEN,1741658540.0,0.3199,24.7,7.90153,1
binance_perpetual-2025-11-1-2300-2025.sqlite,binance-perpetual||ARB-USDT||CRV-USDT||2025||isoweek11_1-2300,1,ARB-USDT,LIMIT,BUY,0.00158178,OPEN,1741658553.0,0.3202,24.7,7.90894,1
binance_perpetual-2025-11-1-2300-2025.sqlite,binance-perpetual||ARB-USDT||CRV-USDT||2025||isoweek11_1-2300,1,ARB-USDT,LIMIT,BUY,0.00157833,OPEN,1741658562.0,0.3195,24.7,7.89165,1
binance_perpetual-2025-11-1-2300-2025.sqlite,binance-perpetual||ARB-USDT||CRV-USDT||2025||isoweek11_1-2300,1,ARB-USDT,LIMIT,BUY,0.00158129,OPEN,1741658577.0,0.3201,24.7,7.90647,1
binance_perpetual-2025-11-1-2300-2025.sqlite,binance-perpetual||ARB-USDT||CRV-USDT||2025||isoweek11_1-2300,1,ARB-USDT,LIMIT,BUY,0.00157981,OPEN,1741658582.0,0.3198,24.7,7.89906,1
binance_perpetual-2025-11-1-2300-2025.sqlite,binance-perpetual||ARB-USDT||CRV-USDT||2025||isoweek11_1-2300,1,ARB-USDT,LIMIT,BUY,0.00394582,OPEN,1741658586.0,0.3195,24.7,7.89165,1
binance_perpetual-2025-11-1-2300-2025.sqlite,binance-perpetual||ARB-USDT||CRV-USDT||2025||isoweek11_1-2300,1,ARB-USDT,LIMIT,BUY,0.00158273,OPEN,1741658597.0,0.3191,24.8,7.91368,1
binance_perpetual-2025-11-1-2300-2025.sqlite,binance-perpetual||ARB-USDT||CRV-USDT||2025||isoweek11_1-2300,1,ARB-USDT,LIMIT,BUY,0.00158323,OPEN,1741658615.0,0.3192,24.8,7.91616,1
binance_perpetual-2025-11-1-2300-2025.sqlite,binance-perpetual||ARB-USDT||CRV-USDT||2025||isoweek11_1-2300,1,ARB-USDT,LIMIT,BUY,0.00158273,OPEN,1741658628.0,0.3191,24.8,7.91368,1
binance_perpetual-2025-11-1-2300-2025.sqlite,binance-perpetual||ARB-USDT||CRV-USDT||2025||isoweek11_1-2300,1,ARB-USDT,LIMIT,BUY,0.00158372,OPEN,1741658635.0,0.3193,24.8,7.91864,1
binance_perpetual-2025-11-1-2300-2025.sqlite,binance-perpetual||ARB-USDT||CRV-USDT||2025||isoweek11_1-2300,1,ARB-USDT,LIMIT,BUY,0.00158224,OPEN,1741658649.0,0.319,24.8,7.9112,1
binance_perpetual-2025-11-1-2300-2025.sqlite,binance-perpetual||ARB-USDT||CRV-USDT||2025||isoweek11_1-2300,1,ARB-USDT,LIMIT,BUY,0.00158174,OPEN,1741658661.0,0.3189,24.8,7.90872,1
binance_perpetual-2025-11-1-2300-2025.sqlite,binance-perpetual||ARB-USDT||CRV-USDT||2025||isoweek11_1-2300,1,ARB-USDT,LIMIT,BUY,0.00158075,OPEN,1741658669.0,0.3187,24.8,7.90376,1
binance_perpetual-2025-11-1-2300-2025.sqlite,binance-perpetual||ARB-USDT||CRV-USDT||2025||isoweek11_1-2300,1,ARB-USDT,LIMIT,BUY,0.00395187,OPEN,1741658679.0,0.3187,24.8,7.90376,1
binance_perpetual-2025-11-1-2300-2025.sqlite,binance-perpetual||ARB-USDT||CRV-USDT||2025||isoweek11_1-2300,1,ARB-USDT,LIMIT,BUY,0.00158174,OPEN,1741658691.0,0.3189,24.8,7.90872,1
binance_perpetual-2025-11-1-2300-2025.sqlite,binance-perpetual||ARB-USDT||CRV-USDT||2025||isoweek11_1-2300,1,ARB-USDT,LIMIT,BUY,0.00158124,OPEN,1741658697.0,0.3188,24.8,7.90624,1
binance_perpetual-2025-11-1-2300-2025.sqlite,binance-perpetual||ARB-USDT||CRV-USDT||2025||isoweek11_1-2300,1,ARB-USDT,LIMIT,BUY,0.00395064,OPEN,1741658700.0,0.3186,24.8,7.90128,1
binance_perpetual-2025-11-1-2300-2025.sqlite,binance-perpetual||ARB-USDT||CRV-USDT||2025||isoweek11_1-2300,1,ARB-USDT,LIMIT,BUY,0.00158075,OPEN,1741658717.0,0.3187,24.8,7.90376,1
binance_perpetual-2025-11-1-2300-2025.sqlite,binance-perpetual||ARB-USDT||CRV-USDT||2025||isoweek11_1-2300,1,ARB-USDT,LIMIT,BUY,0.00157976,OPEN,1741658721.0,0.3185,24.8,7.8988,1
binance_perpetual-2025-11-1-2300-2025.sqlite,binance-perpetual||ARB-USDT||CRV-USDT||2025||isoweek11_1-2300,1,ARB-USDT,LIMIT,BUY,0.00157827,OPEN,1741658727.0,0.3182,24.8,7.89136,1
binance_perpetual-2025-11-1-2300-2025.sqlite,binance-perpetual||ARB-USDT||CRV-USDT||2025||isoweek11_1-2300,1,ARB-USDT,LIMIT,BUY,0.00157876,OPEN,1741658741.0,0.3183,24.8,7.89384,1
binance_perpetual-2025-11-1-2300-2025.sqlite,binance-perpetual||ARB-USDT||CRV-USDT||2025||isoweek11_1-2300,1,ARB-USDT,LIMIT,BUY,0.0015803,OPEN,1741658785.0,0.3199,24.7,7.90153,1
binance_perpetual-2025-11-1-2300-2025.sqlite,binance-perpetual||ARB-USDT||CRV-USDT||2025||isoweek11_1-2300,1,ARB-USDT,LIMIT,BUY,0.00157931,OPEN,1741658805.0,0.3197,24.7,7.89659,1
binance_perpetual-2025-11-1-2300-2025.sqlite,binance-perpetual||ARB-USDT||CRV-USDT||2025||isoweek11_1-2300,1,ARB-USDT,LIMIT,BUY,0.00157931,OPEN,1741658818.0,0.3197,24.7,7.89659,1
binance_perpetual-2025-11-1-2300-2025.sqlite,binance-perpetual||ARB-USDT||CRV-USDT||2025||isoweek11_1-2300,1,ARB-USDT,LIMIT,BUY,0.00394582,OPEN,1741658823.0,0.3195,24.7,7.89165,1
binance_perpetual-2025-11-1-2300-2025.sqlite,binance-perpetual||ARB-USDT||CRV-USDT||2025||isoweek11_1-2300,1,ARB-USDT,LIMIT,BUY,0.00158129,OPEN,1741658839.0,0.3201,24.7,7.90647,1
binance_perpetual-2025-11-1-2300-2025.sqlite,binance-perpetual||ARB-USDT||CRV-USDT||2025||isoweek11_1-2300,1,ARB-USDT,LIMIT,BUY,0.00158129,OPEN,1741658848.0,0.3201,24.7,7.90647,1
binance_perpetual-2025-11-1-2300-2025.sqlite,binance-perpetual||ARB-USDT||CRV-USDT||2025||isoweek11_1-2300,1,ARB-USDT,LIMIT,BUY,0.00158178,OPEN,1741658864.0,0.3202,24.7,7.90894,1
binance_perpetual-2025-11-1-2300-2025.sqlite,binance-perpetual||ARB-USDT||CRV-USDT||2025||isoweek11_1-2300,1,ARB-USDT,LIMIT,BUY,0.00158228,OPEN,1741658887.0,0.3203,24.7,7.91141,1
binance_perpetual-2025-11-1-2300-2025.sqlite,binance-perpetual||ARB-USDT||CRV-USDT||2025||isoweek11_1-2300,1,ARB-USDT,LIMIT,BUY,0.00158129,OPEN,1741658896.0,0.3201,24.7,7.90647,1
binance_perpetual-2025-11-1-2300-2025.sqlite,binance-perpetual||ARB-USDT||CRV-USDT||2025||isoweek11_1-2300,1,ARB-USDT,LIMIT,BUY,0.00158129,OPEN,1741658902.0,0.3201,24.7,7.90647,1
binance_perpetual-2025-11-1-2300-2025.sqlite,binance-perpetual||ARB-USDT||CRV-USDT||2025||isoweek11_1-2300,1,ARB-USDT,LIMIT,BUY,0.00158228,OPEN,1741658927.0,0.3203,24.7,7.91141,1
binance_perpetual-2025-11-1-2300-2025.sqlite,binance-perpetual||ARB-USDT||CRV-USDT||2025||isoweek11_1-2300,1,ARB-USDT,LIMIT,BUY,0.00157784,OPEN,1741658940.0,0.3207,24.6,7.88922,1
binance_perpetual-2025-11-1-2300-2025.sqlite,binance-perpetual||ARB-USDT||CRV-USDT||2025||isoweek11_1-2300,1,ARB-USDT,LIMIT,BUY,0.00158277,OPEN,1741658944.0,0.3204,24.7,7.91388,1
binance_perpetual-2025-11-1-2300-2025.sqlite,binance-perpetual||ARB-USDT||CRV-USDT||2025||isoweek11_1-2300,1,ARB-USDT,LIMIT,BUY,0.0015803,OPEN,1741658957.0,0.3199,24.7,7.90153,1
binance_perpetual-2025-11-1-2300-2025.sqlite,binance-perpetual||ARB-USDT||CRV-USDT||2025||isoweek11_1-2300,1,ARB-USDT,LIMIT,BUY,0.0015808,OPEN,1741658974.0,0.32,24.7,7.904,1
binance_perpetual-2025-11-1-2300-2025.sqlite,binance-perpetual||ARB-USDT||CRV-USDT||2025||isoweek11_1-2300,1,ARB-USDT,MARKET,SELL,0.16387632,CLOSE,1741662227.0,0.3231,1014.4,327.75264,1
binance_perpetual-2025-11-1-2300-2025.sqlite,binance-perpetual||ARB-USDT||CRV-USDT||2025||isoweek11_1-2300,2,CRV-USDT,LIMIT,SELL,0.0015836,OPEN,1741659393.0,0.37,21.4,7.918,-1
binance_perpetual-2025-11-1-2300-2025.sqlite,binance-perpetual||ARB-USDT||CRV-USDT||2025||isoweek11_1-2300,2,CRV-USDT,LIMIT,SELL,0.0015836,OPEN,1741659367.0,0.37,21.4,7.918,-1
binance_perpetual-2025-11-1-2300-2025.sqlite,binance-perpetual||ARB-USDT||CRV-USDT||2025||isoweek11_1-2300,2,CRV-USDT,LIMIT,SELL,0.003959,OPEN,1741659350.0,0.37,21.4,7.918,-1
binance_perpetual-2025-11-1-2300-2025.sqlite,binance-perpetual||ARB-USDT||CRV-USDT||2025||isoweek11_1-2300,2,CRV-USDT,LIMIT,SELL,0.003959,OPEN,1741659345.0,0.37,21.4,7.918,-1
binance_perpetual-2025-11-1-2300-2025.sqlite,binance-perpetual||ARB-USDT||CRV-USDT||2025||isoweek11_1-2300,2,CRV-USDT,LIMIT,SELL,0.0015836,OPEN,1741659256.0,0.37,21.4,7.918,-1
binance_perpetual-2025-11-1-2300-2025.sqlite,binance-perpetual||ARB-USDT||CRV-USDT||2025||isoweek11_1-2300,2,CRV-USDT,LIMIT,SELL,0.0015836,OPEN,1741659188.0,0.37,21.4,7.918,-1
binance_perpetual-2025-11-1-2300-2025.sqlite,binance-perpetual||ARB-USDT||CRV-USDT||2025||isoweek11_1-2300,2,CRV-USDT,LIMIT,SELL,0.0015836,OPEN,1741659148.0,0.37,21.4,7.918,-1
binance_perpetual-2025-11-1-2300-2025.sqlite,binance-perpetual||ARB-USDT||CRV-USDT||2025||isoweek11_1-2300,2,CRV-USDT,LIMIT,SELL,0.0015836,OPEN,1741659139.0,0.37,21.4,7.918,-1
binance_perpetual-2025-11-1-2300-2025.sqlite,binance-perpetual||ARB-USDT||CRV-USDT||2025||isoweek11_1-2300,2,CRV-USDT,LIMIT,SELL,0.0015836,OPEN,1741659047.0,0.37,21.4,7.918,-1
binance_perpetual-2025-11-1-2300-2025.sqlite,binance-perpetual||ARB-USDT||CRV-USDT||2025||isoweek11_1-2300,2,CRV-USDT,LIMIT,SELL,0.003959,OPEN,1741659024.0,0.37,21.4,7.918,-1
binance_perpetual-2025-11-1-2300-2025.sqlite,binance-perpetual||ARB-USDT||CRV-USDT||2025||isoweek11_1-2300,2,CRV-USDT,LIMIT,SELL,0.003959,OPEN,1741659019.0,0.37,21.4,7.918,-1
binance_perpetual-2025-11-1-2300-2025.sqlite,binance-perpetual||ARB-USDT||CRV-USDT||2025||isoweek11_1-2300,2,CRV-USDT,LIMIT,SELL,0.003959,OPEN,1741659014.0,0.37,21.4,7.918,-1
binance_perpetual-2025-11-1-2300-2025.sqlite,binance-perpetual||ARB-USDT||CRV-USDT||2025||isoweek11_1-2300,2,CRV-USDT,LIMIT,SELL,0.00158046,OPEN,1741659000.0,0.371,21.3,7.9023,-1
binance_perpetual-2025-11-1-2300-2025.sqlite,binance-perpetual||ARB-USDT||CRV-USDT||2025||isoweek11_1-2300,2,CRV-USDT,LIMIT,SELL,0.0015836,OPEN,1741658984.0,0.37,21.4,7.918,-1
binance_perpetual-2025-11-1-2300-2025.sqlite,binance-perpetual||ARB-USDT||CRV-USDT||2025||isoweek11_1-2300,2,CRV-USDT,LIMIT,SELL,0.00395114,OPEN,1741658929.0,0.371,21.3,7.9023,-1
binance_perpetual-2025-11-1-2300-2025.sqlite,binance-perpetual||ARB-USDT||CRV-USDT||2025||isoweek11_1-2300,2,CRV-USDT,LIMIT,SELL,0.00158046,OPEN,1741658920.0,0.371,21.3,7.9023,-1
binance_perpetual-2025-11-1-2300-2025.sqlite,binance-perpetual||ARB-USDT||CRV-USDT||2025||isoweek11_1-2300,2,CRV-USDT,LIMIT,SELL,0.00158046,OPEN,1741658881.0,0.371,21.3,7.9023,-1
binance_perpetual-2025-11-1-2300-2025.sqlite,binance-perpetual||ARB-USDT||CRV-USDT||2025||isoweek11_1-2300,2,CRV-USDT,LIMIT,SELL,0.00395114,OPEN,1741658867.0,0.371,21.3,7.9023,-1
binance_perpetual-2025-11-1-2300-2025.sqlite,binance-perpetual||ARB-USDT||CRV-USDT||2025||isoweek11_1-2300,2,CRV-USDT,LIMIT,SELL,0.00158046,OPEN,1741658857.0,0.371,21.3,7.9023,-1
binance_perpetual-2025-11-1-2300-2025.sqlite,binance-perpetual||ARB-USDT||CRV-USDT||2025||isoweek11_1-2300,2,CRV-USDT,LIMIT,SELL,0.00395114,OPEN,1741658851.0,0.371,21.3,7.9023,-1
binance_perpetual-2025-11-1-2300-2025.sqlite,binance-perpetual||ARB-USDT||CRV-USDT||2025||isoweek11_1-2300,2,CRV-USDT,LIMIT,SELL,0.00158046,OPEN,1741658846.0,0.371,21.3,7.9023,-1
binance_perpetual-2025-11-1-2300-2025.sqlite,binance-perpetual||ARB-USDT||CRV-USDT||2025||isoweek11_1-2300,2,CRV-USDT,LIMIT,SELL,0.00158046,OPEN,1741658817.0,0.371,21.3,7.9023,-1
binance_perpetual-2025-11-1-2300-2025.sqlite,binance-perpetual||ARB-USDT||CRV-USDT||2025||isoweek11_1-2300,2,CRV-USDT,LIMIT,SELL,0.00158046,OPEN,1741658766.0,0.371,21.3,7.9023,-1
binance_perpetual-2025-11-1-2300-2025.sqlite,binance-perpetual||ARB-USDT||CRV-USDT||2025||isoweek11_1-2300,2,CRV-USDT,LIMIT,SELL,0.0015836,OPEN,1741658755.0,0.37,21.4,7.918,-1
binance_perpetual-2025-11-1-2300-2025.sqlite,binance-perpetual||ARB-USDT||CRV-USDT||2025||isoweek11_1-2300,2,CRV-USDT,LIMIT,SELL,0.0015836,OPEN,1741658702.0,0.37,21.4,7.918,-1
binance_perpetual-2025-11-1-2300-2025.sqlite,binance-perpetual||ARB-USDT||CRV-USDT||2025||isoweek11_1-2300,2,CRV-USDT,LIMIT,SELL,0.00158472,OPEN,1741658572.0,0.372,21.3,7.9236,-1
binance_perpetual-2025-11-1-2300-2025.sqlite,binance-perpetual||ARB-USDT||CRV-USDT||2025||isoweek11_1-2300,2,CRV-USDT,LIMIT,SELL,0.00158472,OPEN,1741658524.0,0.372,21.3,7.9236,-1
binance_perpetual-2025-11-1-2300-2025.sqlite,binance-perpetual||ARB-USDT||CRV-USDT||2025||isoweek11_1-2300,2,CRV-USDT,LIMIT,SELL,0.00158472,OPEN,1741658502.0,0.372,21.3,7.9236,-1
binance_perpetual-2025-11-1-2300-2025.sqlite,binance-perpetual||ARB-USDT||CRV-USDT||2025||isoweek11_1-2300,2,CRV-USDT,LIMIT,SELL,0.00396179,OPEN,1741658459.0,0.372,21.3,7.9236,-1
binance_perpetual-2025-11-1-2300-2025.sqlite,binance-perpetual||ARB-USDT||CRV-USDT||2025||isoweek11_1-2300,2,CRV-USDT,LIMIT,SELL,0.00396179,OPEN,1741658455.0,0.372,21.3,7.9236,-1
binance_perpetual-2025-11-1-2300-2025.sqlite,binance-perpetual||ARB-USDT||CRV-USDT||2025||isoweek11_1-2300,2,CRV-USDT,LIMIT,SELL,0.00396179,OPEN,1741658456.0,0.372,21.3,7.9236,-1
binance_perpetual-2025-11-1-2300-2025.sqlite,binance-perpetual||ARB-USDT||CRV-USDT||2025||isoweek11_1-2300,2,CRV-USDT,MARKET,BUY,0.1230948,CLOSE,1741662227.0,0.372,661.8,246.1896,-1
binance_perpetual-2025-11-2-0420-2025.sqlite,binance-perpetual||ARB-USDT||CRV-USDT||2025||isoweek11_2-0420,1,ARB-USDT,LIMIT,BUY,0.0015816,OPEN,1741678290.0,0.3295,24.0,7.908,1
binance_perpetual-2025-11-2-0420-2025.sqlite,binance-perpetual||ARB-USDT||CRV-USDT||2025||isoweek11_2-0420,1,ARB-USDT,MARKET,SELL,0.003978,CLOSE,1741679299.0,0.3315,24.0,7.956,1
binance_perpetual-2025-11-2-0420-2025.sqlite,binance-perpetual||ARB-USDT||CRV-USDT||2025||isoweek11_2-0420,1,ARB-USDT,LIMIT,BUY,0.0039528,OPEN,1741680075.0,0.3294,24.0,7.9056,1
binance_perpetual-2025-11-2-0420-2025.sqlite,binance-perpetual||ARB-USDT||CRV-USDT||2025||isoweek11_2-0420,1,ARB-USDT,MARKET,SELL,0.0039816,CLOSE,1741680453.0,0.3318,24.0,7.9632,1
binance_perpetual-2025-11-2-0420-2025.sqlite,binance-perpetual||ARB-USDT||CRV-USDT||2025||isoweek11_2-0420,1,ARB-USDT,LIMIT,BUY,0.0015816,OPEN,1741682210.0,0.3295,24.0,7.908,1
binance_perpetual-2025-11-2-0420-2025.sqlite,binance-perpetual||ARB-USDT||CRV-USDT||2025||isoweek11_2-0420,1,ARB-USDT,MARKET,SELL,0.0039756,CLOSE,1741682763.0,0.3313,24.0,7.9512,1
binance_perpetual-2025-11-2-0420-2025.sqlite,binance-perpetual||ARB-USDT||CRV-USDT||2025||isoweek11_2-0420,1,ARB-USDT,LIMIT,BUY,0.00158112,OPEN,1741683451.0,0.3294,24.0,7.9056,1
binance_perpetual-2025-11-2-0420-2025.sqlite,binance-perpetual||ARB-USDT||CRV-USDT||2025||isoweek11_2-0420,1,ARB-USDT,MARKET,SELL,0.003978,CLOSE,1741683833.0,0.3315,24.0,7.956,1
binance_perpetual-2025-11-2-0420-2025.sqlite,binance-perpetual||ARB-USDT||CRV-USDT||2025||isoweek11_2-0420,1,ARB-USDT,LIMIT,BUY,0.00157746,OPEN,1741677877.0,0.3314,23.8,7.88732,1
binance_perpetual-2025-11-2-0420-2025.sqlite,binance-perpetual||ARB-USDT||CRV-USDT||2025||isoweek11_2-0420,1,ARB-USDT,MARKET,SELL,0.00396865,CLOSE,1741685300.0,0.3335,23.8,7.9373,1
binance_perpetual-2025-11-2-0420-2025.sqlite,binance-perpetual||ARB-USDT||CRV-USDT||2025||isoweek11_2-0420,1,ARB-USDT,LIMIT,BUY,0.00394247,OPEN,1741686507.0,0.3313,23.8,7.88494,1
binance_perpetual-2025-11-2-0420-2025.sqlite,binance-perpetual||ARB-USDT||CRV-USDT||2025||isoweek11_2-0420,1,ARB-USDT,MARKET,SELL,0.00396746,CLOSE,1741689969.0,0.3334,23.8,7.93492,1
binance_perpetual-2025-11-2-0420-2025.sqlite,binance-perpetual||ARB-USDT||CRV-USDT||2025||isoweek11_2-0420,1,ARB-USDT,LIMIT,BUY,0.00158208,OPEN,1741691377.0,0.3296,24.0,7.9104,1
binance_perpetual-2025-11-2-0420-2025.sqlite,binance-perpetual||ARB-USDT||CRV-USDT||2025||isoweek11_2-0420,1,ARB-USDT,MARKET,SELL,0.00397919,CLOSE,1741691884.0,0.3316,24.0,7.9584,1
binance_perpetual-2025-11-2-0420-2025.sqlite,binance-perpetual||ARB-USDT||CRV-USDT||2025||isoweek11_2-0420,1,ARB-USDT,LIMIT,BUY,0.00157746,OPEN,1741690290.0,0.3314,23.8,7.88732,1
binance_perpetual-2025-11-2-0420-2025.sqlite,binance-perpetual||ARB-USDT||CRV-USDT||2025||isoweek11_2-0420,1,ARB-USDT,MARKET,SELL,0.00396746,CLOSE,1741692724.0,0.3334,23.8,7.93492,1
binance_perpetual-2025-11-2-0420-2025.sqlite,binance-perpetual||ARB-USDT||CRV-USDT||2025||isoweek11_2-0420,1,ARB-USDT,LIMIT,BUY,0.00158317,OPEN,1741677766.0,0.3326,23.8,7.91588,1
binance_perpetual-2025-11-2-0420-2025.sqlite,binance-perpetual||ARB-USDT||CRV-USDT||2025||isoweek11_2-0420,1,ARB-USDT,LIMIT,BUY,0.00264019,OPEN,1741677796.0,0.3321,15.9,5.28039,1
binance_perpetual-2025-11-2-0420-2025.sqlite,binance-perpetual||ARB-USDT||CRV-USDT||2025||isoweek11_2-0420,1,ARB-USDT,LIMIT,BUY,0.00131179,OPEN,1741677796.0,0.3321,7.9,2.62359,1
binance_perpetual-2025-11-2-0420-2025.sqlite,binance-perpetual||ARB-USDT||CRV-USDT||2025||isoweek11_2-0420,1,ARB-USDT,LIMIT,BUY,0.00157936,OPEN,1741677831.0,0.3318,23.8,7.89684,1
binance_perpetual-2025-11-2-0420-2025.sqlite,binance-perpetual||ARB-USDT||CRV-USDT||2025||isoweek11_2-0420,1,ARB-USDT,LIMIT,BUY,0.00394603,OPEN,1741677844.0,0.3316,23.8,7.89208,1
binance_perpetual-2025-11-2-0420-2025.sqlite,binance-perpetual||ARB-USDT||CRV-USDT||2025||isoweek11_2-0420,1,ARB-USDT,LIMIT,BUY,0.00157841,OPEN,1741677903.0,0.3316,23.8,7.89208,1
binance_perpetual-2025-11-2-0420-2025.sqlite,binance-perpetual||ARB-USDT||CRV-USDT||2025||isoweek11_2-0420,1,ARB-USDT,LIMIT,BUY,0.00157746,OPEN,1741677916.0,0.3314,23.8,7.88732,1
binance_perpetual-2025-11-2-0420-2025.sqlite,binance-perpetual||ARB-USDT||CRV-USDT||2025||isoweek11_2-0420,1,ARB-USDT,LIMIT,BUY,0.00395784,OPEN,1741677931.0,0.3312,23.9,7.91568,1
binance_perpetual-2025-11-2-0420-2025.sqlite,binance-perpetual||ARB-USDT||CRV-USDT||2025||isoweek11_2-0420,1,ARB-USDT,LIMIT,BUY,0.00158313,OPEN,1741677968.0,0.3312,23.9,7.91568,1
binance_perpetual-2025-11-2-0420-2025.sqlite,binance-perpetual||ARB-USDT||CRV-USDT||2025||isoweek11_2-0420,1,ARB-USDT,LIMIT,BUY,0.00158218,OPEN,1741677977.0,0.331,23.9,7.9109,1
binance_perpetual-2025-11-2-0420-2025.sqlite,binance-perpetual||ARB-USDT||CRV-USDT||2025||isoweek11_2-0420,1,ARB-USDT,LIMIT,BUY,0.0015817,OPEN,1741678007.0,0.3309,23.9,7.90851,1
binance_perpetual-2025-11-2-0420-2025.sqlite,binance-perpetual||ARB-USDT||CRV-USDT||2025||isoweek11_2-0420,1,ARB-USDT,LIMIT,BUY,0.00158122,OPEN,1741678008.0,0.3308,23.9,7.90612,1
binance_perpetual-2025-11-2-0420-2025.sqlite,binance-perpetual||ARB-USDT||CRV-USDT||2025||isoweek11_2-0420,1,ARB-USDT,LIMIT,BUY,0.00158026,OPEN,1741678080.0,0.3306,23.9,7.90134,1
binance_perpetual-2025-11-2-0420-2025.sqlite,binance-perpetual||ARB-USDT||CRV-USDT||2025||isoweek11_2-0420,1,ARB-USDT,LIMIT,BUY,0.00157979,OPEN,1741678133.0,0.3305,23.9,7.89895,1
binance_perpetual-2025-11-2-0420-2025.sqlite,binance-perpetual||ARB-USDT||CRV-USDT||2025||isoweek11_2-0420,1,ARB-USDT,LIMIT,BUY,0.00157979,OPEN,1741678198.0,0.3305,23.9,7.89895,1
binance_perpetual-2025-11-2-0420-2025.sqlite,binance-perpetual||ARB-USDT||CRV-USDT||2025||isoweek11_2-0420,1,ARB-USDT,LIMIT,BUY,0.00157931,OPEN,1741678212.0,0.3304,23.9,7.89656,1
binance_perpetual-2025-11-2-0420-2025.sqlite,binance-perpetual||ARB-USDT||CRV-USDT||2025||isoweek11_2-0420,1,ARB-USDT,LIMIT,BUY,0.00157787,OPEN,1741678243.0,0.3301,23.9,7.88939,1
binance_perpetual-2025-11-2-0420-2025.sqlite,binance-perpetual||ARB-USDT||CRV-USDT||2025||isoweek11_2-0420,1,ARB-USDT,LIMIT,BUY,0.00158304,OPEN,1741678266.0,0.3298,24.0,7.9152,1
binance_perpetual-2025-11-2-0420-2025.sqlite,binance-perpetual||ARB-USDT||CRV-USDT||2025||isoweek11_2-0420,1,ARB-USDT,LIMIT,BUY,0.00158208,OPEN,1741678311.0,0.3296,24.0,7.9104,1
binance_perpetual-2025-11-2-0420-2025.sqlite,binance-perpetual||ARB-USDT||CRV-USDT||2025||isoweek11_2-0420,1,ARB-USDT,LIMIT,BUY,0.00158064,OPEN,1741678323.0,0.3293,24.0,7.9032,1
binance_perpetual-2025-11-2-0420-2025.sqlite,binance-perpetual||ARB-USDT||CRV-USDT||2025||isoweek11_2-0420,1,ARB-USDT,LIMIT,BUY,0.00157692,OPEN,1741678386.0,0.3299,23.9,7.88461,1
binance_perpetual-2025-11-2-0420-2025.sqlite,binance-perpetual||ARB-USDT||CRV-USDT||2025||isoweek11_2-0420,1,ARB-USDT,LIMIT,BUY,0.00157931,OPEN,1741678468.0,0.3304,23.9,7.89656,1
binance_perpetual-2025-11-2-0420-2025.sqlite,binance-perpetual||ARB-USDT||CRV-USDT||2025||isoweek11_2-0420,1,ARB-USDT,LIMIT,BUY,0.00157835,OPEN,1741678509.0,0.3302,23.9,7.89178,1
binance_perpetual-2025-11-2-0420-2025.sqlite,binance-perpetual||ARB-USDT||CRV-USDT||2025||isoweek11_2-0420,1,ARB-USDT,LIMIT,BUY,0.00157883,OPEN,1741678498.0,0.3303,23.9,7.89417,1
binance_perpetual-2025-11-2-0420-2025.sqlite,binance-perpetual||ARB-USDT||CRV-USDT||2025||isoweek11_2-0420,1,ARB-USDT,LIMIT,BUY,0.00157883,OPEN,1741678523.0,0.3303,23.9,7.89417,1
binance_perpetual-2025-11-2-0420-2025.sqlite,binance-perpetual||ARB-USDT||CRV-USDT||2025||isoweek11_2-0420,1,ARB-USDT,LIMIT,BUY,0.00157835,OPEN,1741678534.0,0.3302,23.9,7.89178,1
binance_perpetual-2025-11-2-0420-2025.sqlite,binance-perpetual||ARB-USDT||CRV-USDT||2025||isoweek11_2-0420,1,ARB-USDT,LIMIT,BUY,0.00157787,OPEN,1741678543.0,0.3301,23.9,7.88939,1
binance_perpetual-2025-11-2-0420-2025.sqlite,binance-perpetual||ARB-USDT||CRV-USDT||2025||isoweek11_2-0420,1,ARB-USDT,LIMIT,BUY,0.0015774,OPEN,1741678559.0,0.33,23.9,7.887,1
binance_perpetual-2025-11-2-0420-2025.sqlite,binance-perpetual||ARB-USDT||CRV-USDT||2025||isoweek11_2-0420,1,ARB-USDT,LIMIT,BUY,0.00157692,OPEN,1741678654.0,0.3299,23.9,7.88461,1
binance_perpetual-2025-11-2-0420-2025.sqlite,binance-perpetual||ARB-USDT||CRV-USDT||2025||isoweek11_2-0420,1,ARB-USDT,LIMIT,BUY,0.00158313,OPEN,1741678782.0,0.3312,23.9,7.91568,1
binance_perpetual-2025-11-2-0420-2025.sqlite,binance-perpetual||ARB-USDT||CRV-USDT||2025||isoweek11_2-0420,1,ARB-USDT,LIMIT,BUY,0.0015817,OPEN,1741678728.0,0.3309,23.9,7.90851,1
binance_perpetual-2025-11-2-0420-2025.sqlite,binance-perpetual||ARB-USDT||CRV-USDT||2025||isoweek11_2-0420,1,ARB-USDT,LIMIT,BUY,0.00158218,OPEN,1741678793.0,0.331,23.9,7.9109,1
binance_perpetual-2025-11-2-0420-2025.sqlite,binance-perpetual||ARB-USDT||CRV-USDT||2025||isoweek11_2-0420,1,ARB-USDT,LIMIT,BUY,0.00158074,OPEN,1741678814.0,0.3307,23.9,7.90373,1
binance_perpetual-2025-11-2-0420-2025.sqlite,binance-perpetual||ARB-USDT||CRV-USDT||2025||isoweek11_2-0420,1,ARB-USDT,LIMIT,BUY,0.00157979,OPEN,1741678826.0,0.3305,23.9,7.89895,1
binance_perpetual-2025-11-2-0420-2025.sqlite,binance-perpetual||ARB-USDT||CRV-USDT||2025||isoweek11_2-0420,1,ARB-USDT,LIMIT,BUY,0.00157931,OPEN,1741678850.0,0.3304,23.9,7.89656,1
binance_perpetual-2025-11-2-0420-2025.sqlite,binance-perpetual||ARB-USDT||CRV-USDT||2025||isoweek11_2-0420,1,ARB-USDT,LIMIT,BUY,0.00157931,OPEN,1741678843.0,0.3304,23.9,7.89656,1
binance_perpetual-2025-11-2-0420-2025.sqlite,binance-perpetual||ARB-USDT||CRV-USDT||2025||isoweek11_2-0420,1,ARB-USDT,LIMIT,BUY,0.00157835,OPEN,1741678886.0,0.3302,23.9,7.89178,1
binance_perpetual-2025-11-2-0420-2025.sqlite,binance-perpetual||ARB-USDT||CRV-USDT||2025||isoweek11_2-0420,1,ARB-USDT,LIMIT,BUY,0.0015774,OPEN,1741678972.0,0.33,23.9,7.887,1
binance_perpetual-2025-11-2-0420-2025.sqlite,binance-perpetual||ARB-USDT||CRV-USDT||2025||isoweek11_2-0420,1,ARB-USDT,LIMIT,BUY,0.00157692,OPEN,1741678937.0,0.3299,23.9,7.88461,1
binance_perpetual-2025-11-2-0420-2025.sqlite,binance-perpetual||ARB-USDT||CRV-USDT||2025||isoweek11_2-0420,1,ARB-USDT,LIMIT,BUY,0.00157979,OPEN,1741679074.0,0.3305,23.9,7.89895,1
binance_perpetual-2025-11-2-0420-2025.sqlite,binance-perpetual||ARB-USDT||CRV-USDT||2025||isoweek11_2-0420,1,ARB-USDT,LIMIT,BUY,0.00157931,OPEN,1741679084.0,0.3304,23.9,7.89656,1
binance_perpetual-2025-11-2-0420-2025.sqlite,binance-perpetual||ARB-USDT||CRV-USDT||2025||isoweek11_2-0420,1,ARB-USDT,LIMIT,BUY,0.00157787,OPEN,1741679098.0,0.3301,23.9,7.88939,1
binance_perpetual-2025-11-2-0420-2025.sqlite,binance-perpetual||ARB-USDT||CRV-USDT||2025||isoweek11_2-0420,1,ARB-USDT,LIMIT,BUY,0.0039435,OPEN,1741679101.0,0.33,23.9,7.887,1
binance_perpetual-2025-11-2-0420-2025.sqlite,binance-perpetual||ARB-USDT||CRV-USDT||2025||isoweek11_2-0420,1,ARB-USDT,LIMIT,BUY,0.0015774,OPEN,1741679139.0,0.33,23.9,7.887,1
binance_perpetual-2025-11-2-0420-2025.sqlite,binance-perpetual||ARB-USDT||CRV-USDT||2025||isoweek11_2-0420,1,ARB-USDT,MARKET,SELL,0.17147306,CLOSE,1741692815.0,0.3338,1027.4,342.94612,1
binance_perpetual-2025-11-2-0420-2025.sqlite,binance-perpetual||ARB-USDT||CRV-USDT||2025||isoweek11_2-0420,2,CRV-USDT,LIMIT,SELL,0.00157934,OPEN,1741679267.0,0.389,20.3,7.8967,-1
binance_perpetual-2025-11-2-0420-2025.sqlite,binance-perpetual||ARB-USDT||CRV-USDT||2025||isoweek11_2-0420,2,CRV-USDT,MARKET,BUY,0.00392805,CLOSE,1741681514.0,0.387,20.3,7.8561,-1
binance_perpetual-2025-11-2-0420-2025.sqlite,binance-perpetual||ARB-USDT||CRV-USDT||2025||isoweek11_2-0420,2,CRV-USDT,LIMIT,SELL,0.00157934,OPEN,1741682762.0,0.389,20.3,7.8967,-1
binance_perpetual-2025-11-2-0420-2025.sqlite,binance-perpetual||ARB-USDT||CRV-USDT||2025||isoweek11_2-0420,2,CRV-USDT,MARKET,BUY,0.0039382,CLOSE,1741682799.0,0.388,20.3,7.8764,-1
binance_perpetual-2025-11-2-0420-2025.sqlite,binance-perpetual||ARB-USDT||CRV-USDT||2025||isoweek11_2-0420,2,CRV-USDT,LIMIT,SELL,0.00394835,OPEN,1741684315.0,0.389,20.3,7.8967,-1
binance_perpetual-2025-11-2-0420-2025.sqlite,binance-perpetual||ARB-USDT||CRV-USDT||2025||isoweek11_2-0420,2,CRV-USDT,MARKET,BUY,0.00392805,CLOSE,1741687279.0,0.387,20.3,7.8561,-1
binance_perpetual-2025-11-2-0420-2025.sqlite,binance-perpetual||ARB-USDT||CRV-USDT||2025||isoweek11_2-0420,2,CRV-USDT,LIMIT,SELL,0.00157934,OPEN,1741688215.0,0.389,20.3,7.8967,-1
binance_perpetual-2025-11-2-0420-2025.sqlite,binance-perpetual||ARB-USDT||CRV-USDT||2025||isoweek11_2-0420,2,CRV-USDT,MARKET,BUY,0.00392805,CLOSE,1741691185.0,0.387,20.3,7.8561,-1
binance_perpetual-2025-11-2-0420-2025.sqlite,binance-perpetual||ARB-USDT||CRV-USDT||2025||isoweek11_2-0420,2,CRV-USDT,LIMIT,SELL,0.00157934,OPEN,1741692651.0,0.389,20.3,7.8967,-1
binance_perpetual-2025-11-2-0420-2025.sqlite,binance-perpetual||ARB-USDT||CRV-USDT||2025||isoweek11_2-0420,2,CRV-USDT,MARKET,BUY,0.00392805,CLOSE,1741692810.0,0.387,20.3,7.8561,-1
binance_perpetual-2025-11-2-0420-2025.sqlite,binance-perpetual||ARB-USDT||CRV-USDT||2025||isoweek11_2-0420,2,CRV-USDT,LIMIT,SELL,0.00157934,OPEN,1741679943.0,0.389,20.3,7.8967,-1
binance_perpetual-2025-11-2-0420-2025.sqlite,binance-perpetual||ARB-USDT||CRV-USDT||2025||isoweek11_2-0420,2,CRV-USDT,LIMIT,SELL,0.0010892,OPEN,1741679749.0,0.389,14.0,5.446,-1
binance_perpetual-2025-11-2-0420-2025.sqlite,binance-perpetual||ARB-USDT||CRV-USDT||2025||isoweek11_2-0420,2,CRV-USDT,LIMIT,SELL,0.00049014,OPEN,1741679749.0,0.389,6.3,2.4507,-1
binance_perpetual-2025-11-2-0420-2025.sqlite,binance-perpetual||ARB-USDT||CRV-USDT||2025||isoweek11_2-0420,2,CRV-USDT,LIMIT,SELL,0.00394835,OPEN,1741679705.0,0.389,20.3,7.8967,-1
binance_perpetual-2025-11-2-0420-2025.sqlite,binance-perpetual||ARB-USDT||CRV-USDT||2025||isoweek11_2-0420,2,CRV-USDT,LIMIT,SELL,0.00157934,OPEN,1741679630.0,0.389,20.3,7.8967,-1
binance_perpetual-2025-11-2-0420-2025.sqlite,binance-perpetual||ARB-USDT||CRV-USDT||2025||isoweek11_2-0420,2,CRV-USDT,LIMIT,SELL,0.0039576,OPEN,1741679485.0,0.388,20.4,7.9152,-1
binance_perpetual-2025-11-2-0420-2025.sqlite,binance-perpetual||ARB-USDT||CRV-USDT||2025||isoweek11_2-0420,2,CRV-USDT,LIMIT,SELL,0.00158304,OPEN,1741679450.0,0.388,20.4,7.9152,-1
binance_perpetual-2025-11-2-0420-2025.sqlite,binance-perpetual||ARB-USDT||CRV-USDT||2025||isoweek11_2-0420,2,CRV-USDT,LIMIT,SELL,0.0039576,OPEN,1741679360.0,0.388,20.4,7.9152,-1
binance_perpetual-2025-11-2-0420-2025.sqlite,binance-perpetual||ARB-USDT||CRV-USDT||2025||isoweek11_2-0420,2,CRV-USDT,LIMIT,SELL,0.00157934,OPEN,1741679280.0,0.389,20.3,7.8967,-1
binance_perpetual-2025-11-2-0420-2025.sqlite,binance-perpetual||ARB-USDT||CRV-USDT||2025||isoweek11_2-0420,2,CRV-USDT,LIMIT,SELL,0.00394835,OPEN,1741679274.0,0.389,20.3,7.8967,-1
binance_perpetual-2025-11-2-0420-2025.sqlite,binance-perpetual||ARB-USDT||CRV-USDT||2025||isoweek11_2-0420,2,CRV-USDT,LIMIT,SELL,0.0039576,OPEN,1741679242.0,0.388,20.4,7.9152,-1
binance_perpetual-2025-11-2-0420-2025.sqlite,binance-perpetual||ARB-USDT||CRV-USDT||2025||isoweek11_2-0420,2,CRV-USDT,LIMIT,SELL,0.0039576,OPEN,1741679209.0,0.388,20.4,7.9152,-1
binance_perpetual-2025-11-2-0420-2025.sqlite,binance-perpetual||ARB-USDT||CRV-USDT||2025||isoweek11_2-0420,2,CRV-USDT,LIMIT,SELL,0.00158304,OPEN,1741679178.0,0.388,20.4,7.9152,-1
binance_perpetual-2025-11-2-0420-2025.sqlite,binance-perpetual||ARB-USDT||CRV-USDT||2025||isoweek11_2-0420,2,CRV-USDT,LIMIT,SELL,0.00158304,OPEN,1741679173.0,0.388,20.4,7.9152,-1
binance_perpetual-2025-11-2-0420-2025.sqlite,binance-perpetual||ARB-USDT||CRV-USDT||2025||isoweek11_2-0420,2,CRV-USDT,LIMIT,SELL,0.0015867,OPEN,1741679019.0,0.387,20.5,7.9335,-1
binance_perpetual-2025-11-2-0420-2025.sqlite,binance-perpetual||ARB-USDT||CRV-USDT||2025||isoweek11_2-0420,2,CRV-USDT,LIMIT,SELL,0.0015867,OPEN,1741678807.0,0.387,20.5,7.9335,-1
binance_perpetual-2025-11-2-0420-2025.sqlite,binance-perpetual||ARB-USDT||CRV-USDT||2025||isoweek11_2-0420,2,CRV-USDT,LIMIT,SELL,0.00396675,OPEN,1741678802.0,0.387,20.5,7.9335,-1
binance_perpetual-2025-11-2-0420-2025.sqlite,binance-perpetual||ARB-USDT||CRV-USDT||2025||isoweek11_2-0420,2,CRV-USDT,LIMIT,SELL,0.00396675,OPEN,1741678741.0,0.387,20.5,7.9335,-1
binance_perpetual-2025-11-2-0420-2025.sqlite,binance-perpetual||ARB-USDT||CRV-USDT||2025||isoweek11_2-0420,2,CRV-USDT,LIMIT,SELL,0.0015826,OPEN,1741678678.0,0.386,20.5,7.913,-1
binance_perpetual-2025-11-2-0420-2025.sqlite,binance-perpetual||ARB-USDT||CRV-USDT||2025||isoweek11_2-0420,2,CRV-USDT,LIMIT,SELL,0.00024704,OPEN,1741678673.0,0.386,3.2,1.2352,-1
binance_perpetual-2025-11-2-0420-2025.sqlite,binance-perpetual||ARB-USDT||CRV-USDT||2025||isoweek11_2-0420,2,CRV-USDT,LIMIT,SELL,0.00133556,OPEN,1741678673.0,0.386,17.3,6.6778,-1
binance_perpetual-2025-11-2-0420-2025.sqlite,binance-perpetual||ARB-USDT||CRV-USDT||2025||isoweek11_2-0420,2,CRV-USDT,LIMIT,SELL,0.0039565,OPEN,1741678544.0,0.386,20.5,7.913,-1
binance_perpetual-2025-11-2-0420-2025.sqlite,binance-perpetual||ARB-USDT||CRV-USDT||2025||isoweek11_2-0420,2,CRV-USDT,LIMIT,SELL,0.00396675,OPEN,1741678480.0,0.387,20.5,7.9335,-1
binance_perpetual-2025-11-2-0420-2025.sqlite,binance-perpetual||ARB-USDT||CRV-USDT||2025||isoweek11_2-0420,2,CRV-USDT,LIMIT,SELL,0.0015826,OPEN,1741678370.0,0.386,20.5,7.913,-1
binance_perpetual-2025-11-2-0420-2025.sqlite,binance-perpetual||ARB-USDT||CRV-USDT||2025||isoweek11_2-0420,2,CRV-USDT,LIMIT,SELL,0.0039655,OPEN,1741678322.0,0.385,20.6,7.931,-1
binance_perpetual-2025-11-2-0420-2025.sqlite,binance-perpetual||ARB-USDT||CRV-USDT||2025||isoweek11_2-0420,2,CRV-USDT,LIMIT,SELL,0.0039655,OPEN,1741678291.0,0.385,20.6,7.931,-1
binance_perpetual-2025-11-2-0420-2025.sqlite,binance-perpetual||ARB-USDT||CRV-USDT||2025||isoweek11_2-0420,2,CRV-USDT,LIMIT,SELL,0.0039565,OPEN,1741678144.0,0.386,20.5,7.913,-1
binance_perpetual-2025-11-2-0420-2025.sqlite,binance-perpetual||ARB-USDT||CRV-USDT||2025||isoweek11_2-0420,2,CRV-USDT,LIMIT,SELL,0.0015826,OPEN,1741678100.0,0.386,20.5,7.913,-1
binance_perpetual-2025-11-2-0420-2025.sqlite,binance-perpetual||ARB-USDT||CRV-USDT||2025||isoweek11_2-0420,2,CRV-USDT,LIMIT,SELL,0.0015826,OPEN,1741677960.0,0.386,20.5,7.913,-1
binance_perpetual-2025-11-2-0420-2025.sqlite,binance-perpetual||ARB-USDT||CRV-USDT||2025||isoweek11_2-0420,2,CRV-USDT,LIMIT,SELL,0.0015867,OPEN,1741677903.0,0.387,20.5,7.9335,-1
binance_perpetual-2025-11-2-0420-2025.sqlite,binance-perpetual||ARB-USDT||CRV-USDT||2025||isoweek11_2-0420,2,CRV-USDT,LIMIT,SELL,0.00396675,OPEN,1741677763.0,0.387,20.5,7.9335,-1
binance_perpetual-2025-11-2-0420-2025.sqlite,binance-perpetual||ARB-USDT||CRV-USDT||2025||isoweek11_2-0420,2,CRV-USDT,LIMIT,SELL,0.00396675,OPEN,1741677754.0,0.387,20.5,7.9335,-1
binance_perpetual-2025-11-2-0420-2025.sqlite,binance-perpetual||ARB-USDT||CRV-USDT||2025||isoweek11_2-0420,2,CRV-USDT,LIMIT,SELL,0.00158304,OPEN,1741679150.0,0.388,20.4,7.9152,-1
binance_perpetual-2025-11-2-0420-2025.sqlite,binance-perpetual||ARB-USDT||CRV-USDT||2025||isoweek11_2-0420,2,CRV-USDT,LIMIT,SELL,0.0015834,OPEN,1741680317.0,0.39,20.3,7.917,-1
binance_perpetual-2025-11-2-0420-2025.sqlite,binance-perpetual||ARB-USDT||CRV-USDT||2025||isoweek11_2-0420,2,CRV-USDT,LIMIT,SELL,0.00157964,OPEN,1741685264.0,0.391,20.2,7.8982,-1
binance_perpetual-2025-11-2-0420-2025.sqlite,binance-perpetual||ARB-USDT||CRV-USDT||2025||isoweek11_2-0420,2,CRV-USDT,MARKET,BUY,0.1304577,CLOSE,1741692815.0,0.387,674.2,260.9154,-1
binance_perpetual-2025-11-2-0130-2025.sqlite,binance-perpetual||MELANIA-USDT||IP-USDT||2025||isoweek11_2-0130,1,MELANIA-USDT,LIMIT,BUY,0.00191665,OPEN,1741668182.0,0.699,13.71,9.58329,1
binance_perpetual-2025-11-2-0130-2025.sqlite,binance-perpetual||MELANIA-USDT||IP-USDT||2025||isoweek11_2-0130,1,MELANIA-USDT,MARKET,SELL,0.00481221,CLOSE,1741668187.0,0.702,13.71,9.62442,1
binance_perpetual-2025-11-2-0130-2025.sqlite,binance-perpetual||MELANIA-USDT||IP-USDT||2025||isoweek11_2-0130,1,MELANIA-USDT,LIMIT,BUY,0.0047713,OPEN,1741668716.0,0.693,13.77,9.54261,1
binance_perpetual-2025-11-2-0130-2025.sqlite,binance-perpetual||MELANIA-USDT||IP-USDT||2025||isoweek11_2-0130,1,MELANIA-USDT,LIMIT,BUY,0.0019167,OPEN,1741668226.0,0.698,13.73,9.58354,1
binance_perpetual-2025-11-2-0130-2025.sqlite,binance-perpetual||MELANIA-USDT||IP-USDT||2025||isoweek11_2-0130,1,MELANIA-USDT,LIMIT,BUY,0.00191665,OPEN,1741668282.0,0.699,13.71,9.58329,1
binance_perpetual-2025-11-2-0130-2025.sqlite,binance-perpetual||MELANIA-USDT||IP-USDT||2025||isoweek11_2-0130,1,MELANIA-USDT,MARKET,SELL,0.01427926,CLOSE,1741668735.0,0.693,41.21,28.55853,1
binance_perpetual-2025-11-2-0130-2025.sqlite,binance-perpetual||MELANIA-USDT||IP-USDT||2025||isoweek11_2-0130,2,IP-USDT,LIMIT,SELL,0.00160455,OPEN,1741667614.0,5.34851,1.5,8.022765,-1
binance_perpetual-2025-11-2-0130-2025.sqlite,binance-perpetual||MELANIA-USDT||IP-USDT||2025||isoweek11_2-0130,2,IP-USDT,MARKET,BUY,0.00400155,CLOSE,1741667651.0,5.3354,1.5,8.0031,-1
binance_perpetual-2025-11-2-0130-2025.sqlite,binance-perpetual||MELANIA-USDT||IP-USDT||2025||isoweek11_2-0130,2,IP-USDT,LIMIT,SELL,0.0014981,OPEN,1741667620.0,5.35039,1.4,7.490546,-1
binance_perpetual-2025-11-2-0130-2025.sqlite,binance-perpetual||MELANIA-USDT||IP-USDT||2025||isoweek11_2-0130,2,IP-USDT,MARKET,BUY,0.0037268,CLOSE,1741667675.0,5.324,1.4,7.4536,-1
binance_perpetual-2025-11-2-0130-2025.sqlite,binance-perpetual||MELANIA-USDT||IP-USDT||2025||isoweek11_2-0130,2,IP-USDT,LIMIT,SELL,0.00149822,OPEN,1741667627.0,5.35082,1.4,7.491148,-1
binance_perpetual-2025-11-2-0130-2025.sqlite,binance-perpetual||MELANIA-USDT||IP-USDT||2025||isoweek11_2-0130,2,IP-USDT,MARKET,BUY,0.00371819,CLOSE,1741667713.0,5.3117,1.4,7.43638,-1
binance_perpetual-2025-11-2-0130-2025.sqlite,binance-perpetual||MELANIA-USDT||IP-USDT||2025||isoweek11_2-0130,2,IP-USDT,LIMIT,SELL,0.00160367,OPEN,1741667637.0,5.34558,1.5,8.01837,-1
binance_perpetual-2025-11-2-0130-2025.sqlite,binance-perpetual||MELANIA-USDT||IP-USDT||2025||isoweek11_2-0130,2,IP-USDT,MARKET,BUY,0.003978,CLOSE,1741667733.0,5.304,1.5,7.956,-1
binance_perpetual-2025-11-2-0130-2025.sqlite,binance-perpetual||MELANIA-USDT||IP-USDT||2025||isoweek11_2-0130,2,IP-USDT,LIMIT,SELL,0.00160087,OPEN,1741667657.0,5.33626,1.5,8.00439,-1
binance_perpetual-2025-11-2-0130-2025.sqlite,binance-perpetual||MELANIA-USDT||IP-USDT||2025||isoweek11_2-0130,2,IP-USDT,MARKET,BUY,0.00397106,CLOSE,1741667750.0,5.29475,1.5,7.942125,-1
binance_perpetual-2025-11-2-0130-2025.sqlite,binance-perpetual||MELANIA-USDT||IP-USDT||2025||isoweek11_2-0130,2,IP-USDT,LIMIT,SELL,0.00159113,OPEN,1741667827.0,5.30378,1.5,7.95567,-1
binance_perpetual-2025-11-2-0130-2025.sqlite,binance-perpetual||MELANIA-USDT||IP-USDT||2025||isoweek11_2-0130,2,IP-USDT,MARKET,BUY,0.00397132,CLOSE,1741667838.0,5.2951,1.5,7.94265,-1
binance_perpetual-2025-11-2-0130-2025.sqlite,binance-perpetual||MELANIA-USDT||IP-USDT||2025||isoweek11_2-0130,2,IP-USDT,LIMIT,SELL,0.00160034,OPEN,1741668130.0,5.33447,1.5,8.001705,-1
binance_perpetual-2025-11-2-0130-2025.sqlite,binance-perpetual||MELANIA-USDT||IP-USDT||2025||isoweek11_2-0130,2,IP-USDT,MARKET,BUY,0.00266335,CLOSE,1741668259.0,5.32671,1.0,5.32671,-1
binance_perpetual-2025-11-2-0130-2025.sqlite,binance-perpetual||MELANIA-USDT||IP-USDT||2025||isoweek11_2-0130,2,IP-USDT,MARKET,BUY,0.00133167,CLOSE,1741668259.0,5.32671,0.5,2.663355,-1
binance_perpetual-2025-11-2-0130-2025.sqlite,binance-perpetual||MELANIA-USDT||IP-USDT||2025||isoweek11_2-0130,2,IP-USDT,LIMIT,SELL,0.00026672,OPEN,1741668303.0,5.33456,0.1,0.533456,-1
binance_perpetual-2025-11-2-0130-2025.sqlite,binance-perpetual||MELANIA-USDT||IP-USDT||2025||isoweek11_2-0130,2,IP-USDT,LIMIT,SELL,0.00373419,OPEN,1741668303.0,5.33456,1.4,7.468384,-1
binance_perpetual-2025-11-2-0130-2025.sqlite,binance-perpetual||MELANIA-USDT||IP-USDT||2025||isoweek11_2-0130,2,IP-USDT,MARKET,BUY,0.002665,CLOSE,1741668307.0,5.33,1.0,5.33,-1
binance_perpetual-2025-11-2-0130-2025.sqlite,binance-perpetual||MELANIA-USDT||IP-USDT||2025||isoweek11_2-0130,2,IP-USDT,MARKET,BUY,0.0013325,CLOSE,1741668307.0,5.33,0.5,2.665,-1
binance_perpetual-2025-11-2-0130-2025.sqlite,binance-perpetual||MELANIA-USDT||IP-USDT||2025||isoweek11_2-0130,2,IP-USDT,LIMIT,SELL,0.00160034,OPEN,1741668346.0,5.33447,1.5,8.001705,-1
binance_perpetual-2025-11-2-0130-2025.sqlite,binance-perpetual||MELANIA-USDT||IP-USDT||2025||isoweek11_2-0130,2,IP-USDT,MARKET,BUY,0.00399341,CLOSE,1741668426.0,5.32455,1.5,7.986825,-1
binance_perpetual-2025-11-2-0130-2025.sqlite,binance-perpetual||MELANIA-USDT||IP-USDT||2025||isoweek11_2-0130,2,IP-USDT,LIMIT,SELL,0.00158742,OPEN,1741667896.0,5.29143,1.5,7.937145,-1
binance_perpetual-2025-11-2-0130-2025.sqlite,binance-perpetual||MELANIA-USDT||IP-USDT||2025||isoweek11_2-0130,2,IP-USDT,LIMIT,SELL,0.00158791,OPEN,1741667883.0,5.29306,1.5,7.93959,-1
binance_perpetual-2025-11-2-0130-2025.sqlite,binance-perpetual||MELANIA-USDT||IP-USDT||2025||isoweek11_2-0130,2,IP-USDT,LIMIT,SELL,0.00158772,OPEN,1741667876.0,5.2924,1.5,7.9386,-1
binance_perpetual-2025-11-2-0130-2025.sqlite,binance-perpetual||MELANIA-USDT||IP-USDT||2025||isoweek11_2-0130,2,IP-USDT,LIMIT,SELL,0.00158798,OPEN,1741667868.0,5.29329,1.5,7.939935,-1
binance_perpetual-2025-11-2-0130-2025.sqlite,binance-perpetual||MELANIA-USDT||IP-USDT||2025||isoweek11_2-0130,2,IP-USDT,LIMIT,SELL,0.00158798,OPEN,1741667861.0,5.29329,1.5,7.939935,-1
binance_perpetual-2025-11-2-0130-2025.sqlite,binance-perpetual||MELANIA-USDT||IP-USDT||2025||isoweek11_2-0130,2,IP-USDT,LIMIT,SELL,0.00397332,OPEN,1741667848.0,5.29777,1.5,7.946655,-1
binance_perpetual-2025-11-2-0130-2025.sqlite,binance-perpetual||MELANIA-USDT||IP-USDT||2025||isoweek11_2-0130,2,IP-USDT,LIMIT,SELL,0.00158844,OPEN,1741667847.0,5.29483,1.5,7.942245,-1
binance_perpetual-2025-11-2-0130-2025.sqlite,binance-perpetual||MELANIA-USDT||IP-USDT||2025||isoweek11_2-0130,2,IP-USDT,LIMIT,SELL,0.00158859,OPEN,1741667840.0,5.29532,1.5,7.94298,-1
binance_perpetual-2025-11-2-0130-2025.sqlite,binance-perpetual||MELANIA-USDT||IP-USDT||2025||isoweek11_2-0130,2,IP-USDT,LIMIT,SELL,0.00159066,OPEN,1741667824.0,5.30223,1.5,7.953345,-1
binance_perpetual-2025-11-2-0130-2025.sqlite,binance-perpetual||MELANIA-USDT||IP-USDT||2025||isoweek11_2-0130,2,IP-USDT,LIMIT,SELL,0.00159006,OPEN,1741667818.0,5.30023,1.5,7.950345,-1
binance_perpetual-2025-11-2-0130-2025.sqlite,binance-perpetual||MELANIA-USDT||IP-USDT||2025||isoweek11_2-0130,2,IP-USDT,LIMIT,SELL,0.00158975,OPEN,1741667817.0,5.29918,1.5,7.94877,-1
binance_perpetual-2025-11-2-0130-2025.sqlite,binance-perpetual||MELANIA-USDT||IP-USDT||2025||isoweek11_2-0130,2,IP-USDT,LIMIT,SELL,0.00158995,OPEN,1741667807.0,5.29986,1.5,7.94979,-1
binance_perpetual-2025-11-2-0130-2025.sqlite,binance-perpetual||MELANIA-USDT||IP-USDT||2025||isoweek11_2-0130,2,IP-USDT,LIMIT,SELL,0.00344316,OPEN,1741667802.0,5.29718,1.3,6.886334,-1
binance_perpetual-2025-11-2-0130-2025.sqlite,binance-perpetual||MELANIA-USDT||IP-USDT||2025||isoweek11_2-0130,2,IP-USDT,LIMIT,SELL,0.0005297,OPEN,1741667802.0,5.29704,0.2,1.059408,-1
binance_perpetual-2025-11-2-0130-2025.sqlite,binance-perpetual||MELANIA-USDT||IP-USDT||2025||isoweek11_2-0130,2,IP-USDT,LIMIT,SELL,0.0015888,OPEN,1741667792.0,5.29603,1.5,7.944045,-1
binance_perpetual-2025-11-2-0130-2025.sqlite,binance-perpetual||MELANIA-USDT||IP-USDT||2025||isoweek11_2-0130,2,IP-USDT,LIMIT,SELL,0.00158849,OPEN,1741667790.0,5.29498,1.5,7.94247,-1
binance_perpetual-2025-11-2-0130-2025.sqlite,binance-perpetual||MELANIA-USDT||IP-USDT||2025||isoweek11_2-0130,2,IP-USDT,LIMIT,SELL,0.00158948,OPEN,1741667776.0,5.29828,1.5,7.94742,-1
binance_perpetual-2025-11-2-0130-2025.sqlite,binance-perpetual||MELANIA-USDT||IP-USDT||2025||isoweek11_2-0130,2,IP-USDT,LIMIT,SELL,0.00158965,OPEN,1741667763.0,5.29886,1.5,7.94829,-1
binance_perpetual-2025-11-2-0130-2025.sqlite,binance-perpetual||MELANIA-USDT||IP-USDT||2025||isoweek11_2-0130,2,IP-USDT,LIMIT,SELL,0.00158917,OPEN,1741667757.0,5.29726,1.5,7.94589,-1
binance_perpetual-2025-11-2-0130-2025.sqlite,binance-perpetual||MELANIA-USDT||IP-USDT||2025||isoweek11_2-0130,2,IP-USDT,LIMIT,SELL,0.00158894,OPEN,1741667752.0,5.29647,1.5,7.944705,-1
binance_perpetual-2025-11-2-0130-2025.sqlite,binance-perpetual||MELANIA-USDT||IP-USDT||2025||isoweek11_2-0130,2,IP-USDT,LIMIT,SELL,0.00397436,OPEN,1741667740.0,5.29916,1.5,7.94874,-1
binance_perpetual-2025-11-2-0130-2025.sqlite,binance-perpetual||MELANIA-USDT||IP-USDT||2025||isoweek11_2-0130,2,IP-USDT,LIMIT,SELL,0.00159228,OPEN,1741667732.0,5.30763,1.5,7.961445,-1
binance_perpetual-2025-11-2-0130-2025.sqlite,binance-perpetual||MELANIA-USDT||IP-USDT||2025||isoweek11_2-0130,2,IP-USDT,LIMIT,SELL,0.00159282,OPEN,1741667728.0,5.3094,1.5,7.9641,-1
binance_perpetual-2025-11-2-0130-2025.sqlite,binance-perpetual||MELANIA-USDT||IP-USDT||2025||isoweek11_2-0130,2,IP-USDT,LIMIT,SELL,0.00159724,OPEN,1741667703.0,5.32415,1.5,7.986225,-1
binance_perpetual-2025-11-2-0130-2025.sqlite,binance-perpetual||MELANIA-USDT||IP-USDT||2025||isoweek11_2-0130,2,IP-USDT,LIMIT,SELL,0.0015978,OPEN,1741667684.0,5.32601,1.5,7.989015,-1
binance_perpetual-2025-11-2-0130-2025.sqlite,binance-perpetual||MELANIA-USDT||IP-USDT||2025||isoweek11_2-0130,2,IP-USDT,LIMIT,SELL,0.00159748,OPEN,1741667684.0,5.32496,1.5,7.98744,-1
binance_perpetual-2025-11-2-0130-2025.sqlite,binance-perpetual||MELANIA-USDT||IP-USDT||2025||isoweek11_2-0130,2,IP-USDT,LIMIT,SELL,0.00159681,OPEN,1741667674.0,5.3227,1.5,7.98405,-1
binance_perpetual-2025-11-2-0130-2025.sqlite,binance-perpetual||MELANIA-USDT||IP-USDT||2025||isoweek11_2-0130,2,IP-USDT,LIMIT,SELL,0.00160079,OPEN,1741667660.0,5.33597,1.5,8.003955,-1
binance_perpetual-2025-11-2-0130-2025.sqlite,binance-perpetual||MELANIA-USDT||IP-USDT||2025||isoweek11_2-0130,2,IP-USDT,LIMIT,SELL,0.00159162,OPEN,1741667994.0,5.30542,1.5,7.95813,-1
binance_perpetual-2025-11-2-0130-2025.sqlite,binance-perpetual||MELANIA-USDT||IP-USDT||2025||isoweek11_2-0130,2,IP-USDT,LIMIT,SELL,0.0001063,OPEN,1741668088.0,5.31515,0.1,0.531515,-1
binance_perpetual-2025-11-2-0130-2025.sqlite,binance-perpetual||MELANIA-USDT||IP-USDT||2025||isoweek11_2-0130,2,IP-USDT,LIMIT,SELL,0.00148824,OPEN,1741668088.0,5.31515,1.4,7.44121,-1
binance_perpetual-2025-11-2-0130-2025.sqlite,binance-perpetual||MELANIA-USDT||IP-USDT||2025||isoweek11_2-0130,2,IP-USDT,LIMIT,SELL,0.00159727,OPEN,1741668095.0,5.32424,1.5,7.98636,-1
binance_perpetual-2025-11-2-0130-2025.sqlite,binance-perpetual||MELANIA-USDT||IP-USDT||2025||isoweek11_2-0130,2,IP-USDT,LIMIT,SELL,0.00160034,OPEN,1741668670.0,5.33447,1.5,8.001705,-1
binance_perpetual-2025-11-2-0130-2025.sqlite,binance-perpetual||MELANIA-USDT||IP-USDT||2025||isoweek11_2-0130,2,IP-USDT,LIMIT,SELL,0.00160341,OPEN,1741668691.0,5.3447,1.5,8.01705,-1
binance_perpetual-2025-11-2-0130-2025.sqlite,binance-perpetual||MELANIA-USDT||IP-USDT||2025||isoweek11_2-0130,2,IP-USDT,LIMIT,SELL,0.00010712,OPEN,1741668726.0,5.35647,0.1,0.535647,-1
binance_perpetual-2025-11-2-0130-2025.sqlite,binance-perpetual||MELANIA-USDT||IP-USDT||2025||isoweek11_2-0130,2,IP-USDT,LIMIT,SELL,0.00139268,OPEN,1741668727.0,5.35647,1.3,6.963411,-1
binance_perpetual-2025-11-2-0130-2025.sqlite,binance-perpetual||MELANIA-USDT||IP-USDT||2025||isoweek11_2-0130,2,IP-USDT,MARKET,BUY,0.01499778,CLOSE,1741668735.0,5.35635,5.6,29.99556,-1
binance_perpetual-2025-11-2-0130-2025.sqlite,binance-perpetual||MELANIA-USDT||IP-USDT||2025||isoweek11_2-0130,2,IP-USDT,MARKET,BUY,0.11731851,CLOSE,1741668735.0,5.35701,43.8,234.637038,-1
binance_perpetual-2025-11-2-0150-2025.sqlite,binance-perpetual||LINK-USDT||RED-USDT||2025||isoweek11_2-0150,1,LINK-USDT,LIMIT,BUY,0.0066322,OPEN,1741668802.0,12.561,2.64,33.16104,1
binance_perpetual-2025-11-2-0150-2025.sqlite,binance-perpetual||LINK-USDT||RED-USDT||2025||isoweek11_2-0150,1,LINK-USDT,MARKET,SELL,0.01693031,CLOSE,1741670128.0,12.826,2.64,33.86064,1
binance_perpetual-2025-11-2-0150-2025.sqlite,binance-perpetual||LINK-USDT||RED-USDT||2025||isoweek11_2-0150,1,LINK-USDT,LIMIT,BUY,0.00663168,OPEN,1741668802.0,12.56,2.64,33.1584,1
binance_perpetual-2025-11-2-0150-2025.sqlite,binance-perpetual||LINK-USDT||RED-USDT||2025||isoweek11_2-0150,1,LINK-USDT,LIMIT,BUY,0.00665574,OPEN,1741668814.0,12.558,2.65,33.2787,1
binance_perpetual-2025-11-2-0150-2025.sqlite,binance-perpetual||LINK-USDT||RED-USDT||2025||isoweek11_2-0150,1,LINK-USDT,LIMIT,BUY,0.00663801,OPEN,1741668831.0,12.572,2.64,33.19008,1
binance_perpetual-2025-11-2-0150-2025.sqlite,binance-perpetual||LINK-USDT||RED-USDT||2025||isoweek11_2-0150,1,LINK-USDT,LIMIT,BUY,0.00664118,OPEN,1741668851.0,12.578,2.64,33.20592,1
binance_perpetual-2025-11-2-0150-2025.sqlite,binance-perpetual||LINK-USDT||RED-USDT||2025||isoweek11_2-0150,1,LINK-USDT,LIMIT,BUY,0.00664012,OPEN,1741668859.0,12.576,2.64,33.20064,1
binance_perpetual-2025-11-2-0150-2025.sqlite,binance-perpetual||LINK-USDT||RED-USDT||2025||isoweek11_2-0150,1,LINK-USDT,LIMIT,BUY,0.00663484,OPEN,1741668865.0,12.566,2.64,33.17424,1
binance_perpetual-2025-11-2-0150-2025.sqlite,binance-perpetual||LINK-USDT||RED-USDT||2025||isoweek11_2-0150,1,LINK-USDT,LIMIT,BUY,0.00665521,OPEN,1741668874.0,12.557,2.65,33.27605,1
binance_perpetual-2025-11-2-0150-2025.sqlite,binance-perpetual||LINK-USDT||RED-USDT||2025||isoweek11_2-0150,1,LINK-USDT,MARKET,SELL,0.117697,CLOSE,1741671245.0,12.724,18.5,235.394,1
binance_perpetual-2025-11-2-0150-2025.sqlite,binance-perpetual||LINK-USDT||RED-USDT||2025||isoweek11_2-0150,2,RED-USDT,LIMIT,SELL,0.0066168,OPEN,1741669929.0,0.4595,72.0,33.084,-1
binance_perpetual-2025-11-2-0150-2025.sqlite,binance-perpetual||LINK-USDT||RED-USDT||2025||isoweek11_2-0150,2,RED-USDT,MARKET,BUY,0.016362,CLOSE,1741671073.0,0.4545,72.0,32.724,-1
binance_perpetual-2025-11-2-0150-2025.sqlite,binance-perpetual||LINK-USDT||RED-USDT||2025||isoweek11_2-0150,2,RED-USDT,LIMIT,SELL,0.00654624,OPEN,1741668857.0,0.4546,72.0,32.7312,-1
binance_perpetual-2025-11-2-0150-2025.sqlite,binance-perpetual||LINK-USDT||RED-USDT||2025||isoweek11_2-0150,2,RED-USDT,LIMIT,SELL,0.00654624,OPEN,1741668840.0,0.4546,72.0,32.7312,-1
binance_perpetual-2025-11-2-0150-2025.sqlite,binance-perpetual||LINK-USDT||RED-USDT||2025||isoweek11_2-0150,2,RED-USDT,LIMIT,SELL,0.00654336,OPEN,1741668837.0,0.4544,72.0,32.7168,-1
binance_perpetual-2025-11-2-0150-2025.sqlite,binance-perpetual||LINK-USDT||RED-USDT||2025||isoweek11_2-0150,2,RED-USDT,LIMIT,SELL,0.00509264,OPEN,1741668820.0,0.4547,56.0,25.4632,-1
binance_perpetual-2025-11-2-0150-2025.sqlite,binance-perpetual||LINK-USDT||RED-USDT||2025||isoweek11_2-0150,2,RED-USDT,LIMIT,SELL,0.00145504,OPEN,1741668821.0,0.4547,16.0,7.2752,-1
binance_perpetual-2025-11-2-0150-2025.sqlite,binance-perpetual||LINK-USDT||RED-USDT||2025||isoweek11_2-0150,2,RED-USDT,LIMIT,SELL,0.00654192,OPEN,1741668815.0,0.4543,72.0,32.7096,-1
binance_perpetual-2025-11-2-0150-2025.sqlite,binance-perpetual||LINK-USDT||RED-USDT||2025||isoweek11_2-0150,2,RED-USDT,LIMIT,SELL,0.00663132,OPEN,1741668808.0,0.4542,73.0,33.1566,-1
binance_perpetual-2025-11-2-0150-2025.sqlite,binance-perpetual||LINK-USDT||RED-USDT||2025||isoweek11_2-0150,2,RED-USDT,LIMIT,SELL,0.00654192,OPEN,1741668803.0,0.4543,72.0,32.7096,-1
binance_perpetual-2025-11-2-0150-2025.sqlite,binance-perpetual||LINK-USDT||RED-USDT||2025||isoweek11_2-0150,2,RED-USDT,LIMIT,SELL,0.0066284,OPEN,1741668797.0,0.454,73.0,33.142,-1
binance_perpetual-2025-11-2-0150-2025.sqlite,binance-perpetual||LINK-USDT||RED-USDT||2025||isoweek11_2-0150,2,RED-USDT,LIMIT,SELL,0.00654912,OPEN,1741668823.0,0.4548,72.0,32.7456,-1
binance_perpetual-2025-11-2-0150-2025.sqlite,binance-perpetual||LINK-USDT||RED-USDT||2025||isoweek11_2-0150,2,RED-USDT,MARKET,BUY,0.0036432,CLOSE,1741671245.0,0.4554,16.0,7.2864,-1
binance_perpetual-2025-11-2-0150-2025.sqlite,binance-perpetual||LINK-USDT||RED-USDT||2025||isoweek11_2-0150,2,RED-USDT,MARKET,BUY,0.0052371,CLOSE,1741671245.0,0.4554,23.0,10.4742,-1
binance_perpetual-2025-11-2-0150-2025.sqlite,binance-perpetual||LINK-USDT||RED-USDT||2025||isoweek11_2-0150,2,RED-USDT,MARKET,BUY,0.0036432,CLOSE,1741671245.0,0.4554,16.0,7.2864,-1
binance_perpetual-2025-11-2-0150-2025.sqlite,binance-perpetual||LINK-USDT||RED-USDT||2025||isoweek11_2-0150,2,RED-USDT,MARKET,BUY,0.00523825,CLOSE,1741671245.0,0.4555,23.0,10.4765,-1
binance_perpetual-2025-11-2-0150-2025.sqlite,binance-perpetual||LINK-USDT||RED-USDT||2025||isoweek11_2-0150,2,RED-USDT,MARKET,BUY,0.0077435,CLOSE,1741671245.0,0.4555,34.0,15.487,-1
binance_perpetual-2025-11-2-0150-2025.sqlite,binance-perpetual||LINK-USDT||RED-USDT||2025||isoweek11_2-0150,2,RED-USDT,MARKET,BUY,0.00523825,CLOSE,1741671245.0,0.4555,23.0,10.4765,-1
binance_perpetual-2025-11-2-0150-2025.sqlite,binance-perpetual||LINK-USDT||RED-USDT||2025||isoweek11_2-0150,2,RED-USDT,MARKET,BUY,0.11729125,CLOSE,1741671245.0,0.4555,515.0,234.5825,-1
binance_perpetual-2025-11-2-0000-2025.sqlite,binance-perpetual||OP-USDT||KAITO-USDT||2025||isoweek11_2-0000,1,OP-USDT,LIMIT,BUY,0.00156776,OPEN,1741662452.0,0.7918,9.9,7.83882,1
binance_perpetual-2025-11-2-0000-2025.sqlite,binance-perpetual||OP-USDT||KAITO-USDT||2025||isoweek11_2-0000,1,OP-USDT,MARKET,SELL,0.00392832,CLOSE,1741662569.0,0.7936,9.9,7.85664,1
binance_perpetual-2025-11-2-0000-2025.sqlite,binance-perpetual||OP-USDT||KAITO-USDT||2025||isoweek11_2-0000,1,OP-USDT,LIMIT,BUY,0.00392089,OPEN,1741662642.0,0.7921,9.9,7.84179,1
binance_perpetual-2025-11-2-0000-2025.sqlite,binance-perpetual||OP-USDT||KAITO-USDT||2025||isoweek11_2-0000,1,OP-USDT,MARKET,SELL,0.00393079,CLOSE,1741662685.0,0.7941,9.9,7.86159,1
binance_perpetual-2025-11-2-0000-2025.sqlite,binance-perpetual||OP-USDT||KAITO-USDT||2025||isoweek11_2-0000,1,OP-USDT,LIMIT,BUY,0.00156895,OPEN,1741662331.0,0.7924,9.9,7.84476,1
binance_perpetual-2025-11-2-0000-2025.sqlite,binance-perpetual||OP-USDT||KAITO-USDT||2025||isoweek11_2-0000,1,OP-USDT,MARKET,SELL,0.00393673,CLOSE,1741662717.0,0.7953,9.9,7.87347,1
binance_perpetual-2025-11-2-0000-2025.sqlite,binance-perpetual||OP-USDT||KAITO-USDT||2025||isoweek11_2-0000,1,OP-USDT,LIMIT,BUY,0.00156875,OPEN,1741662342.0,0.7923,9.9,7.84377,1
binance_perpetual-2025-11-2-0000-2025.sqlite,binance-perpetual||OP-USDT||KAITO-USDT||2025||isoweek11_2-0000,1,OP-USDT,MARKET,SELL,0.00394663,CLOSE,1741662739.0,0.7973,9.9,7.89327,1
binance_perpetual-2025-11-2-0000-2025.sqlite,binance-perpetual||OP-USDT||KAITO-USDT||2025||isoweek11_2-0000,1,OP-USDT,LIMIT,BUY,0.00156855,OPEN,1741662362.0,0.7922,9.9,7.84278,1
binance_perpetual-2025-11-2-0000-2025.sqlite,binance-perpetual||OP-USDT||KAITO-USDT||2025||isoweek11_2-0000,1,OP-USDT,MARKET,SELL,0.00395455,CLOSE,1741662742.0,0.7989,9.9,7.90911,1
binance_perpetual-2025-11-2-0000-2025.sqlite,binance-perpetual||OP-USDT||KAITO-USDT||2025||isoweek11_2-0000,1,OP-USDT,LIMIT,BUY,0.00156835,OPEN,1741663047.0,0.7921,9.9,7.84179,1
binance_perpetual-2025-11-2-0000-2025.sqlite,binance-perpetual||OP-USDT||KAITO-USDT||2025||isoweek11_2-0000,1,OP-USDT,MARKET,SELL,0.00392881,CLOSE,1741663108.0,0.7937,9.9,7.85763,1
binance_perpetual-2025-11-2-0000-2025.sqlite,binance-perpetual||OP-USDT||KAITO-USDT||2025||isoweek11_2-0000,1,OP-USDT,LIMIT,BUY,0.00156796,OPEN,1741663144.0,0.7919,9.9,7.83981,1
binance_perpetual-2025-11-2-0000-2025.sqlite,binance-perpetual||OP-USDT||KAITO-USDT||2025||isoweek11_2-0000,1,OP-USDT,MARKET,SELL,0.00392782,CLOSE,1741663271.0,0.7935,9.9,7.85565,1
binance_perpetual-2025-11-2-0000-2025.sqlite,binance-perpetual||OP-USDT||KAITO-USDT||2025||isoweek11_2-0000,1,OP-USDT,LIMIT,BUY,0.00156796,OPEN,1741663644.0,0.7919,9.9,7.83981,1
binance_perpetual-2025-11-2-0000-2025.sqlite,binance-perpetual||OP-USDT||KAITO-USDT||2025||isoweek11_2-0000,1,OP-USDT,MARKET,SELL,0.0039298,CLOSE,1741663834.0,0.7939,9.9,7.85961,1
binance_perpetual-2025-11-2-0000-2025.sqlite,binance-perpetual||OP-USDT||KAITO-USDT||2025||isoweek11_2-0000,1,OP-USDT,LIMIT,BUY,0.00157014,OPEN,1741662971.0,0.793,9.9,7.8507,1
binance_perpetual-2025-11-2-0000-2025.sqlite,binance-perpetual||OP-USDT||KAITO-USDT||2025||isoweek11_2-0000,1,OP-USDT,MARKET,SELL,0.00393723,CLOSE,1741663943.0,0.7954,9.9,7.87446,1
binance_perpetual-2025-11-2-0000-2025.sqlite,binance-perpetual||OP-USDT||KAITO-USDT||2025||isoweek11_2-0000,1,OP-USDT,LIMIT,BUY,0.0015808,OPEN,1741664726.0,0.7904,10.0,7.904,1
binance_perpetual-2025-11-2-0000-2025.sqlite,binance-perpetual||OP-USDT||KAITO-USDT||2025||isoweek11_2-0000,1,OP-USDT,MARKET,SELL,0.0039595,CLOSE,1741664751.0,0.7919,10.0,7.919,1
binance_perpetual-2025-11-2-0000-2025.sqlite,binance-perpetual||OP-USDT||KAITO-USDT||2025||isoweek11_2-0000,1,OP-USDT,LIMIT,BUY,0.00156835,OPEN,1741664673.0,0.7921,9.9,7.84179,1
binance_perpetual-2025-11-2-0000-2025.sqlite,binance-perpetual||OP-USDT||KAITO-USDT||2025||isoweek11_2-0000,1,OP-USDT,MARKET,SELL,0.00392782,CLOSE,1741665151.0,0.7935,9.9,7.85565,1
binance_perpetual-2025-11-2-0000-2025.sqlite,binance-perpetual||OP-USDT||KAITO-USDT||2025||isoweek11_2-0000,1,OP-USDT,LIMIT,BUY,0.0015776,OPEN,1741665628.0,0.7888,10.0,7.888,1
binance_perpetual-2025-11-2-0000-2025.sqlite,binance-perpetual||OP-USDT||KAITO-USDT||2025||isoweek11_2-0000,1,OP-USDT,MARKET,SELL,0.0039515,CLOSE,1741665720.0,0.7903,10.0,7.903,1
binance_perpetual-2025-11-2-0000-2025.sqlite,binance-perpetual||OP-USDT||KAITO-USDT||2025||isoweek11_2-0000,1,OP-USDT,LIMIT,BUY,0.0015804,OPEN,1741665504.0,0.7902,10.0,7.902,1
binance_perpetual-2025-11-2-0000-2025.sqlite,binance-perpetual||OP-USDT||KAITO-USDT||2025||isoweek11_2-0000,1,OP-USDT,MARKET,SELL,0.0039595,CLOSE,1741665810.0,0.7919,10.0,7.919,1
binance_perpetual-2025-11-2-0000-2025.sqlite,binance-perpetual||OP-USDT||KAITO-USDT||2025||isoweek11_2-0000,1,OP-USDT,LIMIT,BUY,0.00156796,OPEN,1741665434.0,0.7919,9.9,7.83981,1
binance_perpetual-2025-11-2-0000-2025.sqlite,binance-perpetual||OP-USDT||KAITO-USDT||2025||isoweek11_2-0000,1,OP-USDT,MARKET,SELL,0.00392782,CLOSE,1741665896.0,0.7935,9.9,7.85565,1
binance_perpetual-2025-11-2-0000-2025.sqlite,binance-perpetual||OP-USDT||KAITO-USDT||2025||isoweek11_2-0000,1,OP-USDT,LIMIT,BUY,0.003952,OPEN,1741665963.0,0.7904,10.0,7.904,1
binance_perpetual-2025-11-2-0000-2025.sqlite,binance-perpetual||OP-USDT||KAITO-USDT||2025||isoweek11_2-0000,1,OP-USDT,MARKET,SELL,0.00396049,CLOSE,1741665993.0,0.7921,10.0,7.921,1
binance_perpetual-2025-11-2-0000-2025.sqlite,binance-perpetual||OP-USDT||KAITO-USDT||2025||isoweek11_2-0000,1,OP-USDT,LIMIT,BUY,0.00156835,OPEN,1741665908.0,0.7921,9.9,7.84179,1
binance_perpetual-2025-11-2-0000-2025.sqlite,binance-perpetual||OP-USDT||KAITO-USDT||2025||isoweek11_2-0000,1,OP-USDT,MARKET,SELL,0.0039298,CLOSE,1741666062.0,0.7939,9.9,7.85961,1
binance_perpetual-2025-11-2-0000-2025.sqlite,binance-perpetual||OP-USDT||KAITO-USDT||2025||isoweek11_2-0000,1,OP-USDT,LIMIT,BUY,0.00157152,OPEN,1741664134.0,0.7937,9.9,7.85763,1
binance_perpetual-2025-11-2-0000-2025.sqlite,binance-perpetual||OP-USDT||KAITO-USDT||2025||isoweek11_2-0000,1,OP-USDT,MARKET,SELL,0.00393673,CLOSE,1741666122.0,0.7953,9.9,7.87347,1
binance_perpetual-2025-11-2-0000-2025.sqlite,binance-perpetual||OP-USDT||KAITO-USDT||2025||isoweek11_2-0000,1,OP-USDT,LIMIT,BUY,0.00157429,OPEN,1741662862.0,0.7951,9.9,7.87149,1
binance_perpetual-2025-11-2-0000-2025.sqlite,binance-perpetual||OP-USDT||KAITO-USDT||2025||isoweek11_2-0000,1,OP-USDT,MARKET,SELL,0.00394564,CLOSE,1741666267.0,0.7971,9.9,7.89129,1
binance_perpetual-2025-11-2-0000-2025.sqlite,binance-perpetual||OP-USDT||KAITO-USDT||2025||isoweek11_2-0000,1,OP-USDT,LIMIT,BUY,0.0015741,OPEN,1741666337.0,0.795,9.9,7.8705,1
binance_perpetual-2025-11-2-0000-2025.sqlite,binance-perpetual||OP-USDT||KAITO-USDT||2025||isoweek11_2-0000,1,OP-USDT,MARKET,SELL,0.00394366,CLOSE,1741666541.0,0.7967,9.9,7.88733,1
binance_perpetual-2025-11-2-0000-2025.sqlite,binance-perpetual||OP-USDT||KAITO-USDT||2025||isoweek11_2-0000,1,OP-USDT,LIMIT,BUY,0.00157093,OPEN,1741666662.0,0.7934,9.9,7.85466,1
binance_perpetual-2025-11-2-0000-2025.sqlite,binance-perpetual||OP-USDT||KAITO-USDT||2025||isoweek11_2-0000,1,OP-USDT,MARKET,SELL,0.00393673,CLOSE,1741666687.0,0.7953,9.9,7.87347,1
binance_perpetual-2025-11-2-0000-2025.sqlite,binance-perpetual||OP-USDT||KAITO-USDT||2025||isoweek11_2-0000,1,OP-USDT,LIMIT,BUY,0.00157469,OPEN,1741666630.0,0.7953,9.9,7.87347,1
binance_perpetual-2025-11-2-0000-2025.sqlite,binance-perpetual||OP-USDT||KAITO-USDT||2025||isoweek11_2-0000,1,OP-USDT,MARKET,SELL,0.00394514,CLOSE,1741666698.0,0.797,9.9,7.8903,1
binance_perpetual-2025-11-2-0000-2025.sqlite,binance-perpetual||OP-USDT||KAITO-USDT||2025||isoweek11_2-0000,1,OP-USDT,LIMIT,BUY,0.00157746,OPEN,1741662818.0,0.7967,9.9,7.88733,1
binance_perpetual-2025-11-2-0000-2025.sqlite,binance-perpetual||OP-USDT||KAITO-USDT||2025||isoweek11_2-0000,1,OP-USDT,MARKET,SELL,0.00395307,CLOSE,1741666756.0,0.7986,9.9,7.90614,1
binance_perpetual-2025-11-2-0000-2025.sqlite,binance-perpetual||OP-USDT||KAITO-USDT||2025||isoweek11_2-0000,1,OP-USDT,LIMIT,BUY,0.00157073,OPEN,1741662410.0,0.7933,9.9,7.85367,1
binance_perpetual-2025-11-2-0000-2025.sqlite,binance-perpetual||OP-USDT||KAITO-USDT||2025||isoweek11_2-0000,1,OP-USDT,MARKET,SELL,0.00396148,CLOSE,1741666761.0,0.8003,9.9,7.92297,1
binance_perpetual-2025-11-2-0000-2025.sqlite,binance-perpetual||OP-USDT||KAITO-USDT||2025||isoweek11_2-0000,1,OP-USDT,LIMIT,BUY,0.00156875,OPEN,1741662421.0,0.7923,9.9,7.84377,1
binance_perpetual-2025-11-2-0000-2025.sqlite,binance-perpetual||OP-USDT||KAITO-USDT||2025||isoweek11_2-0000,1,OP-USDT,MARKET,SELL,0.00396841,CLOSE,1741666842.0,0.8017,9.9,7.93683,1
binance_perpetual-2025-11-2-0000-2025.sqlite,binance-perpetual||OP-USDT||KAITO-USDT||2025||isoweek11_2-0000,1,OP-USDT,LIMIT,BUY,0.00156974,OPEN,1741662438.0,0.7928,9.9,7.84872,1
binance_perpetual-2025-11-2-0000-2025.sqlite,binance-perpetual||OP-USDT||KAITO-USDT||2025||isoweek11_2-0000,1,OP-USDT,MARKET,SELL,0.00397633,CLOSE,1741666870.0,0.8033,9.9,7.95267,1
binance_perpetual-2025-11-2-0000-2025.sqlite,binance-perpetual||OP-USDT||KAITO-USDT||2025||isoweek11_2-0000,1,OP-USDT,LIMIT,BUY,0.00158103,OPEN,1741667078.0,0.7985,9.9,7.90515,1
binance_perpetual-2025-11-2-0000-2025.sqlite,binance-perpetual||OP-USDT||KAITO-USDT||2025||isoweek11_2-0000,1,OP-USDT,MARKET,SELL,0.00396,CLOSE,1741667178.0,0.8,9.9,7.92,1
binance_perpetual-2025-11-2-0000-2025.sqlite,binance-perpetual||OP-USDT||KAITO-USDT||2025||isoweek11_2-0000,1,OP-USDT,LIMIT,BUY,0.00156839,OPEN,1741667008.0,0.8002,9.8,7.84196,1
binance_perpetual-2025-11-2-0000-2025.sqlite,binance-perpetual||OP-USDT||KAITO-USDT||2025||isoweek11_2-0000,1,OP-USDT,MARKET,SELL,0.00392882,CLOSE,1741667277.0,0.8018,9.8,7.85764,1
binance_perpetual-2025-11-2-0000-2025.sqlite,binance-perpetual||OP-USDT||KAITO-USDT||2025||isoweek11_2-0000,1,OP-USDT,LIMIT,BUY,0.00157152,OPEN,1741666973.0,0.8018,9.8,7.85764,1
binance_perpetual-2025-11-2-0000-2025.sqlite,binance-perpetual||OP-USDT||KAITO-USDT||2025||isoweek11_2-0000,1,OP-USDT,MARKET,SELL,0.00393666,CLOSE,1741667365.0,0.8034,9.8,7.87332,1
binance_perpetual-2025-11-2-0000-2025.sqlite,binance-perpetual||OP-USDT||KAITO-USDT||2025||isoweek11_2-0000,1,OP-USDT,LIMIT,BUY,0.00156895,OPEN,1741662448.0,0.7924,9.9,7.84476,1
binance_perpetual-2025-11-2-0000-2025.sqlite,binance-perpetual||OP-USDT||KAITO-USDT||2025||isoweek11_2-0000,1,OP-USDT,MARKET,SELL,0.00398474,CLOSE,1741667462.0,0.805,9.9,7.9695,1
binance_perpetual-2025-11-2-0000-2025.sqlite,binance-perpetual||OP-USDT||KAITO-USDT||2025||isoweek11_2-0000,1,OP-USDT,LIMIT,BUY,0.0015822,OPEN,1741662457.0,0.7911,10.0,7.911,1
binance_perpetual-2025-11-2-0000-2025.sqlite,binance-perpetual||OP-USDT||KAITO-USDT||2025||isoweek11_2-0000,1,OP-USDT,MARKET,SELL,0.004034,CLOSE,1741667485.0,0.8068,10.0,8.068,1
binance_perpetual-2025-11-2-0000-2025.sqlite,binance-perpetual||OP-USDT||KAITO-USDT||2025||isoweek11_2-0000,1,OP-USDT,LIMIT,BUY,0.0015816,OPEN,1741662462.0,0.7908,10.0,7.908,1
binance_perpetual-2025-11-2-0000-2025.sqlite,binance-perpetual||OP-USDT||KAITO-USDT||2025||isoweek11_2-0000,1,OP-USDT,LIMIT,BUY,0.0015818,OPEN,1741662498.0,0.7909,10.0,7.909,1
binance_perpetual-2025-11-2-0000-2025.sqlite,binance-perpetual||OP-USDT||KAITO-USDT||2025||isoweek11_2-0000,1,OP-USDT,LIMIT,BUY,0.001582,OPEN,1741662485.0,0.791,10.0,7.91,1
binance_perpetual-2025-11-2-0000-2025.sqlite,binance-perpetual||OP-USDT||KAITO-USDT||2025||isoweek11_2-0000,1,OP-USDT,LIMIT,BUY,0.00156835,OPEN,1741662534.0,0.7921,9.9,7.84179,1
binance_perpetual-2025-11-2-0000-2025.sqlite,binance-perpetual||OP-USDT||KAITO-USDT||2025||isoweek11_2-0000,1,OP-USDT,LIMIT,BUY,0.00156895,OPEN,1741662539.0,0.7924,9.9,7.84476,1
binance_perpetual-2025-11-2-0000-2025.sqlite,binance-perpetual||OP-USDT||KAITO-USDT||2025||isoweek11_2-0000,1,OP-USDT,LIMIT,BUY,0.00392386,OPEN,1741662547.0,0.7927,9.9,7.84773,1
binance_perpetual-2025-11-2-0000-2025.sqlite,binance-perpetual||OP-USDT||KAITO-USDT||2025||isoweek11_2-0000,1,OP-USDT,LIMIT,BUY,0.00156875,OPEN,1741662561.0,0.7923,9.9,7.84377,1
binance_perpetual-2025-11-2-0000-2025.sqlite,binance-perpetual||OP-USDT||KAITO-USDT||2025||isoweek11_2-0000,1,OP-USDT,LIMIT,BUY,0.00157192,OPEN,1741662582.0,0.7939,9.9,7.85961,1
binance_perpetual-2025-11-2-0000-2025.sqlite,binance-perpetual||OP-USDT||KAITO-USDT||2025||isoweek11_2-0000,1,OP-USDT,LIMIT,BUY,0.00157132,OPEN,1741662594.0,0.7936,9.9,7.85664,1
binance_perpetual-2025-11-2-0000-2025.sqlite,binance-perpetual||OP-USDT||KAITO-USDT||2025||isoweek11_2-0000,1,OP-USDT,LIMIT,BUY,0.0039298,OPEN,1741662592.0,0.7939,9.9,7.85961,1
binance_perpetual-2025-11-2-0000-2025.sqlite,binance-perpetual||OP-USDT||KAITO-USDT||2025||isoweek11_2-0000,1,OP-USDT,LIMIT,BUY,0.00156934,OPEN,1741662601.0,0.7926,9.9,7.84674,1
binance_perpetual-2025-11-2-0000-2025.sqlite,binance-perpetual||OP-USDT||KAITO-USDT||2025||isoweek11_2-0000,1,OP-USDT,LIMIT,BUY,0.00156855,OPEN,1741662609.0,0.7922,9.9,7.84278,1
binance_perpetual-2025-11-2-0000-2025.sqlite,binance-perpetual||OP-USDT||KAITO-USDT||2025||isoweek11_2-0000,1,OP-USDT,LIMIT,BUY,0.00157093,OPEN,1741662628.0,0.7934,9.9,7.85466,1
binance_perpetual-2025-11-2-0000-2025.sqlite,binance-perpetual||OP-USDT||KAITO-USDT||2025||isoweek11_2-0000,1,OP-USDT,LIMIT,BUY,0.00157073,OPEN,1741662629.0,0.7933,9.9,7.85367,1
binance_perpetual-2025-11-2-0000-2025.sqlite,binance-perpetual||OP-USDT||KAITO-USDT||2025||isoweek11_2-0000,1,OP-USDT,LIMIT,BUY,0.00392287,OPEN,1741662635.0,0.7925,9.9,7.84575,1
binance_perpetual-2025-11-2-0000-2025.sqlite,binance-perpetual||OP-USDT||KAITO-USDT||2025||isoweek11_2-0000,1,OP-USDT,LIMIT,BUY,0.00157212,OPEN,1741662693.0,0.794,9.9,7.8606,1
binance_perpetual-2025-11-2-0000-2025.sqlite,binance-perpetual||OP-USDT||KAITO-USDT||2025||isoweek11_2-0000,1,OP-USDT,LIMIT,BUY,0.00157449,OPEN,1741662720.0,0.7952,9.9,7.87248,1
binance_perpetual-2025-11-2-0000-2025.sqlite,binance-perpetual||OP-USDT||KAITO-USDT||2025||isoweek11_2-0000,1,OP-USDT,LIMIT,BUY,0.00158142,OPEN,1741662744.0,0.7987,9.9,7.90713,1
binance_perpetual-2025-11-2-0000-2025.sqlite,binance-perpetual||OP-USDT||KAITO-USDT||2025||isoweek11_2-0000,1,OP-USDT,LIMIT,BUY,0.00158063,OPEN,1741662748.0,0.7983,9.9,7.90317,1
binance_perpetual-2025-11-2-0000-2025.sqlite,binance-perpetual||OP-USDT||KAITO-USDT||2025||isoweek11_2-0000,1,OP-USDT,LIMIT,BUY,0.0039501,OPEN,1741662753.0,0.798,9.9,7.9002,1
binance_perpetual-2025-11-2-0000-2025.sqlite,binance-perpetual||OP-USDT||KAITO-USDT||2025||isoweek11_2-0000,1,OP-USDT,LIMIT,BUY,0.00158221,OPEN,1741662758.0,0.7991,9.9,7.91109,1
binance_perpetual-2025-11-2-0000-2025.sqlite,binance-perpetual||OP-USDT||KAITO-USDT||2025||isoweek11_2-0000,1,OP-USDT,LIMIT,BUY,0.00158004,OPEN,1741662764.0,0.798,9.9,7.9002,1
binance_perpetual-2025-11-2-0000-2025.sqlite,binance-perpetual||OP-USDT||KAITO-USDT||2025||isoweek11_2-0000,1,OP-USDT,LIMIT,BUY,0.00158004,OPEN,1741662769.0,0.798,9.9,7.9002,1
binance_perpetual-2025-11-2-0000-2025.sqlite,binance-perpetual||OP-USDT||KAITO-USDT||2025||isoweek11_2-0000,1,OP-USDT,LIMIT,BUY,0.00157984,OPEN,1741662773.0,0.7979,9.9,7.89921,1
binance_perpetual-2025-11-2-0000-2025.sqlite,binance-perpetual||OP-USDT||KAITO-USDT||2025||isoweek11_2-0000,1,OP-USDT,LIMIT,BUY,0.00157885,OPEN,1741662780.0,0.7974,9.9,7.89426,1
binance_perpetual-2025-11-2-0000-2025.sqlite,binance-perpetual||OP-USDT||KAITO-USDT||2025||isoweek11_2-0000,1,OP-USDT,LIMIT,BUY,0.00157964,OPEN,1741662789.0,0.7978,9.9,7.89822,1
binance_perpetual-2025-11-2-0000-2025.sqlite,binance-perpetual||OP-USDT||KAITO-USDT||2025||isoweek11_2-0000,1,OP-USDT,LIMIT,BUY,0.00157924,OPEN,1741662795.0,0.7976,9.9,7.89624,1
binance_perpetual-2025-11-2-0000-2025.sqlite,binance-perpetual||OP-USDT||KAITO-USDT||2025||isoweek11_2-0000,1,OP-USDT,LIMIT,BUY,0.00157806,OPEN,1741662811.0,0.797,9.9,7.8903,1
binance_perpetual-2025-11-2-0000-2025.sqlite,binance-perpetual||OP-USDT||KAITO-USDT||2025||isoweek11_2-0000,1,OP-USDT,LIMIT,BUY,0.00157667,OPEN,1741662824.0,0.7963,9.9,7.88337,1
binance_perpetual-2025-11-2-0000-2025.sqlite,binance-perpetual||OP-USDT||KAITO-USDT||2025||isoweek11_2-0000,1,OP-USDT,LIMIT,BUY,0.00157667,OPEN,1741662831.0,0.7963,9.9,7.88337,1
binance_perpetual-2025-11-2-0000-2025.sqlite,binance-perpetual||OP-USDT||KAITO-USDT||2025||isoweek11_2-0000,1,OP-USDT,LIMIT,BUY,0.00157608,OPEN,1741662850.0,0.796,9.9,7.8804,1
binance_perpetual-2025-11-2-0000-2025.sqlite,binance-perpetual||OP-USDT||KAITO-USDT||2025||isoweek11_2-0000,1,OP-USDT,LIMIT,BUY,0.00157548,OPEN,1741662856.0,0.7957,9.9,7.87743,1
binance_perpetual-2025-11-2-0000-2025.sqlite,binance-perpetual||OP-USDT||KAITO-USDT||2025||isoweek11_2-0000,1,OP-USDT,LIMIT,BUY,0.00157429,OPEN,1741662883.0,0.7951,9.9,7.87149,1
binance_perpetual-2025-11-2-0000-2025.sqlite,binance-perpetual||OP-USDT||KAITO-USDT||2025||isoweek11_2-0000,1,OP-USDT,LIMIT,BUY,0.0015735,OPEN,1741662895.0,0.7947,9.9,7.86753,1
binance_perpetual-2025-11-2-0000-2025.sqlite,binance-perpetual||OP-USDT||KAITO-USDT||2025||isoweek11_2-0000,1,OP-USDT,LIMIT,BUY,0.0015733,OPEN,1741662898.0,0.7946,9.9,7.86654,1
binance_perpetual-2025-11-2-0000-2025.sqlite,binance-perpetual||OP-USDT||KAITO-USDT||2025||isoweek11_2-0000,1,OP-USDT,LIMIT,BUY,0.00157271,OPEN,1741662903.0,0.7943,9.9,7.86357,1
binance_perpetual-2025-11-2-0000-2025.sqlite,binance-perpetual||OP-USDT||KAITO-USDT||2025||isoweek11_2-0000,1,OP-USDT,LIMIT,BUY,0.00157271,OPEN,1741662916.0,0.7943,9.9,7.86357,1
binance_perpetual-2025-11-2-0000-2025.sqlite,binance-perpetual||OP-USDT||KAITO-USDT||2025||isoweek11_2-0000,1,OP-USDT,LIMIT,BUY,0.00157251,OPEN,1741662916.0,0.7942,9.9,7.86258,1
binance_perpetual-2025-11-2-0000-2025.sqlite,binance-perpetual||OP-USDT||KAITO-USDT||2025||isoweek11_2-0000,1,OP-USDT,LIMIT,BUY,0.00157251,OPEN,1741662922.0,0.7942,9.9,7.86258,1
binance_perpetual-2025-11-2-0000-2025.sqlite,binance-perpetual||OP-USDT||KAITO-USDT||2025||isoweek11_2-0000,1,OP-USDT,LIMIT,BUY,0.00393128,OPEN,1741662941.0,0.7942,9.9,7.86258,1
binance_perpetual-2025-11-2-0000-2025.sqlite,binance-perpetual||OP-USDT||KAITO-USDT||2025||isoweek11_2-0000,1,OP-USDT,LIMIT,BUY,0.0039298,OPEN,1741662962.0,0.7939,9.9,7.85961,1
binance_perpetual-2025-11-2-0000-2025.sqlite,binance-perpetual||OP-USDT||KAITO-USDT||2025||isoweek11_2-0000,1,OP-USDT,MARKET,SELL,0.16386108,CLOSE,1741667547.0,0.8068,406.2,327.72216,1
binance_perpetual-2025-11-2-0000-2025.sqlite,binance-perpetual||OP-USDT||KAITO-USDT||2025||isoweek11_2-0000,2,KAITO-USDT,LIMIT,SELL,0.00392416,OPEN,1741662691.0,1.3769,5.7,7.84833,-1
binance_perpetual-2025-11-2-0000-2025.sqlite,binance-perpetual||OP-USDT||KAITO-USDT||2025||isoweek11_2-0000,2,KAITO-USDT,MARKET,BUY,0.00391105,CLOSE,1741662885.0,1.3723,5.7,7.82211,-1
binance_perpetual-2025-11-2-0000-2025.sqlite,binance-perpetual||OP-USDT||KAITO-USDT||2025||isoweek11_2-0000,2,KAITO-USDT,LIMIT,SELL,0.00391561,OPEN,1741662412.0,1.3739,5.7,7.83123,-1
binance_perpetual-2025-11-2-0000-2025.sqlite,binance-perpetual||OP-USDT||KAITO-USDT||2025||isoweek11_2-0000,2,KAITO-USDT,MARKET,BUY,0.0038988,CLOSE,1741662964.0,1.368,5.7,7.7976,-1
binance_perpetual-2025-11-2-0000-2025.sqlite,binance-perpetual||OP-USDT||KAITO-USDT||2025||isoweek11_2-0000,2,KAITO-USDT,LIMIT,SELL,0.00158827,OPEN,1741662289.0,1.3692,5.8,7.94136,-1
binance_perpetual-2025-11-2-0000-2025.sqlite,binance-perpetual||OP-USDT||KAITO-USDT||2025||isoweek11_2-0000,2,KAITO-USDT,MARKET,BUY,0.0039527,CLOSE,1741663080.0,1.363,5.8,7.9054,-1
binance_perpetual-2025-11-2-0000-2025.sqlite,binance-perpetual||OP-USDT||KAITO-USDT||2025||isoweek11_2-0000,2,KAITO-USDT,LIMIT,SELL,0.00158676,OPEN,1741662305.0,1.3679,5.8,7.93382,-1
binance_perpetual-2025-11-2-0000-2025.sqlite,binance-perpetual||OP-USDT||KAITO-USDT||2025||isoweek11_2-0000,2,KAITO-USDT,MARKET,BUY,0.00394168,CLOSE,1741663226.0,1.3592,5.8,7.88336,-1
binance_perpetual-2025-11-2-0000-2025.sqlite,binance-perpetual||OP-USDT||KAITO-USDT||2025||isoweek11_2-0000,2,KAITO-USDT,LIMIT,SELL,0.00158699,OPEN,1741663521.0,1.3681,5.8,7.93498,-1
binance_perpetual-2025-11-2-0000-2025.sqlite,binance-perpetual||OP-USDT||KAITO-USDT||2025||isoweek11_2-0000,2,KAITO-USDT,MARKET,BUY,0.00395415,CLOSE,1741663648.0,1.3635,5.8,7.9083,-1
binance_perpetual-2025-11-2-0000-2025.sqlite,binance-perpetual||OP-USDT||KAITO-USDT||2025||isoweek11_2-0000,2,KAITO-USDT,LIMIT,SELL,0.00391162,OPEN,1741663934.0,1.3725,5.7,7.82325,-1
binance_perpetual-2025-11-2-0000-2025.sqlite,binance-perpetual||OP-USDT||KAITO-USDT||2025||isoweek11_2-0000,2,KAITO-USDT,MARKET,BUY,0.0038988,CLOSE,1741664403.0,1.368,5.7,7.7976,-1
binance_perpetual-2025-11-2-0000-2025.sqlite,binance-perpetual||OP-USDT||KAITO-USDT||2025||isoweek11_2-0000,2,KAITO-USDT,LIMIT,SELL,0.00391134,OPEN,1741664448.0,1.3724,5.7,7.82268,-1
binance_perpetual-2025-11-2-0000-2025.sqlite,binance-perpetual||OP-USDT||KAITO-USDT||2025||isoweek11_2-0000,2,KAITO-USDT,MARKET,BUY,0.00389851,CLOSE,1741664981.0,1.3679,5.7,7.79703,-1
binance_perpetual-2025-11-2-0000-2025.sqlite,binance-perpetual||OP-USDT||KAITO-USDT||2025||isoweek11_2-0000,2,KAITO-USDT,LIMIT,SELL,0.00157434,OPEN,1741665802.0,1.381,5.7,7.8717,-1
binance_perpetual-2025-11-2-0000-2025.sqlite,binance-perpetual||OP-USDT||KAITO-USDT||2025||isoweek11_2-0000,2,KAITO-USDT,MARKET,BUY,0.00392245,CLOSE,1741665846.0,1.3763,5.7,7.84491,-1
binance_perpetual-2025-11-2-0000-2025.sqlite,binance-perpetual||OP-USDT||KAITO-USDT||2025||isoweek11_2-0000,2,KAITO-USDT,LIMIT,SELL,0.00395352,OPEN,1741666125.0,1.3872,5.7,7.90704,-1
binance_perpetual-2025-11-2-0000-2025.sqlite,binance-perpetual||OP-USDT||KAITO-USDT||2025||isoweek11_2-0000,2,KAITO-USDT,MARKET,BUY,0.00393442,CLOSE,1741666240.0,1.3805,5.7,7.86885,-1
binance_perpetual-2025-11-2-0000-2025.sqlite,binance-perpetual||OP-USDT||KAITO-USDT||2025||isoweek11_2-0000,2,KAITO-USDT,LIMIT,SELL,0.00157434,OPEN,1741666032.0,1.381,5.7,7.8717,-1
binance_perpetual-2025-11-2-0000-2025.sqlite,binance-perpetual||OP-USDT||KAITO-USDT||2025||isoweek11_2-0000,2,KAITO-USDT,MARKET,BUY,0.00392131,CLOSE,1741666444.0,1.3759,5.7,7.84263,-1
binance_perpetual-2025-11-2-0000-2025.sqlite,binance-perpetual||OP-USDT||KAITO-USDT||2025||isoweek11_2-0000,2,KAITO-USDT,LIMIT,SELL,0.00394183,OPEN,1741666865.0,1.3831,5.7,7.88367,-1
binance_perpetual-2025-11-2-0000-2025.sqlite,binance-perpetual||OP-USDT||KAITO-USDT||2025||isoweek11_2-0000,2,KAITO-USDT,MARKET,BUY,0.00392274,CLOSE,1741667136.0,1.3764,5.7,7.84548,-1
binance_perpetual-2025-11-2-0000-2025.sqlite,binance-perpetual||OP-USDT||KAITO-USDT||2025||isoweek11_2-0000,2,KAITO-USDT,LIMIT,SELL,0.00156989,OPEN,1741665699.0,1.3771,5.7,7.84947,-1
binance_perpetual-2025-11-2-0000-2025.sqlite,binance-perpetual||OP-USDT||KAITO-USDT||2025||isoweek11_2-0000,2,KAITO-USDT,MARKET,BUY,0.00390848,CLOSE,1741667409.0,1.3714,5.7,7.81698,-1
binance_perpetual-2025-11-2-0000-2025.sqlite,binance-perpetual||OP-USDT||KAITO-USDT||2025||isoweek11_2-0000,2,KAITO-USDT,LIMIT,SELL,0.00019226,OPEN,1741665021.0,1.3733,0.7,0.96131,-1
binance_perpetual-2025-11-2-0000-2025.sqlite,binance-perpetual||OP-USDT||KAITO-USDT||2025||isoweek11_2-0000,2,KAITO-USDT,LIMIT,SELL,0.0013733,OPEN,1741665021.0,1.3733,5.0,6.8665,-1
binance_perpetual-2025-11-2-0000-2025.sqlite,binance-perpetual||OP-USDT||KAITO-USDT||2025||isoweek11_2-0000,2,KAITO-USDT,MARKET,BUY,0.00389851,CLOSE,1741667492.0,1.3679,5.7,7.79703,-1
binance_perpetual-2025-11-2-0000-2025.sqlite,binance-perpetual||OP-USDT||KAITO-USDT||2025||isoweek11_2-0000,2,KAITO-USDT,LIMIT,SELL,0.00156465,OPEN,1741662585.0,1.3725,5.7,7.82325,-1
binance_perpetual-2025-11-2-0000-2025.sqlite,binance-perpetual||OP-USDT||KAITO-USDT||2025||isoweek11_2-0000,2,KAITO-USDT,LIMIT,SELL,0.00156465,OPEN,1741662585.0,1.3725,5.7,7.82325,-1
binance_perpetual-2025-11-2-0000-2025.sqlite,binance-perpetual||OP-USDT||KAITO-USDT||2025||isoweek11_2-0000,2,KAITO-USDT,LIMIT,SELL,0.00156681,OPEN,1741662568.0,1.3744,5.7,7.83408,-1
binance_perpetual-2025-11-2-0000-2025.sqlite,binance-perpetual||OP-USDT||KAITO-USDT||2025||isoweek11_2-0000,2,KAITO-USDT,LIMIT,SELL,0.00156533,OPEN,1741662564.0,1.3731,5.7,7.82667,-1
binance_perpetual-2025-11-2-0000-2025.sqlite,binance-perpetual||OP-USDT||KAITO-USDT||2025||isoweek11_2-0000,2,KAITO-USDT,LIMIT,SELL,0.00156533,OPEN,1741662564.0,1.3731,5.7,7.82667,-1
binance_perpetual-2025-11-2-0000-2025.sqlite,binance-perpetual||OP-USDT||KAITO-USDT||2025||isoweek11_2-0000,2,KAITO-USDT,LIMIT,SELL,0.00156567,OPEN,1741662549.0,1.3734,5.7,7.82838,-1
binance_perpetual-2025-11-2-0000-2025.sqlite,binance-perpetual||OP-USDT||KAITO-USDT||2025||isoweek11_2-0000,2,KAITO-USDT,LIMIT,SELL,0.00156442,OPEN,1741662544.0,1.3723,5.7,7.82211,-1
binance_perpetual-2025-11-2-0000-2025.sqlite,binance-perpetual||OP-USDT||KAITO-USDT||2025||isoweek11_2-0000,2,KAITO-USDT,LIMIT,SELL,0.00391048,OPEN,1741662538.0,1.3721,5.7,7.82097,-1
binance_perpetual-2025-11-2-0000-2025.sqlite,binance-perpetual||OP-USDT||KAITO-USDT||2025||isoweek11_2-0000,2,KAITO-USDT,LIMIT,SELL,0.0039102,OPEN,1741662525.0,1.372,5.7,7.8204,-1
binance_perpetual-2025-11-2-0000-2025.sqlite,binance-perpetual||OP-USDT||KAITO-USDT||2025||isoweek11_2-0000,2,KAITO-USDT,LIMIT,SELL,0.00156351,OPEN,1741662525.0,1.3715,5.7,7.81755,-1
binance_perpetual-2025-11-2-0000-2025.sqlite,binance-perpetual||OP-USDT||KAITO-USDT||2025||isoweek11_2-0000,2,KAITO-USDT,LIMIT,SELL,0.00156339,OPEN,1741662525.0,1.3714,5.7,7.81698,-1
binance_perpetual-2025-11-2-0000-2025.sqlite,binance-perpetual||OP-USDT||KAITO-USDT||2025||isoweek11_2-0000,2,KAITO-USDT,LIMIT,SELL,0.00156248,OPEN,1741662511.0,1.3706,5.7,7.81242,-1
binance_perpetual-2025-11-2-0000-2025.sqlite,binance-perpetual||OP-USDT||KAITO-USDT||2025||isoweek11_2-0000,2,KAITO-USDT,LIMIT,SELL,0.00156225,OPEN,1741662511.0,1.3704,5.7,7.81128,-1
binance_perpetual-2025-11-2-0000-2025.sqlite,binance-perpetual||OP-USDT||KAITO-USDT||2025||isoweek11_2-0000,2,KAITO-USDT,LIMIT,SELL,0.00156191,OPEN,1741662500.0,1.3701,5.7,7.80957,-1
binance_perpetual-2025-11-2-0000-2025.sqlite,binance-perpetual||OP-USDT||KAITO-USDT||2025||isoweek11_2-0000,2,KAITO-USDT,LIMIT,SELL,0.00156134,OPEN,1741662489.0,1.3696,5.7,7.80672,-1
binance_perpetual-2025-11-2-0000-2025.sqlite,binance-perpetual||OP-USDT||KAITO-USDT||2025||isoweek11_2-0000,2,KAITO-USDT,LIMIT,SELL,0.001561,OPEN,1741662477.0,1.3693,5.7,7.80501,-1
binance_perpetual-2025-11-2-0000-2025.sqlite,binance-perpetual||OP-USDT||KAITO-USDT||2025||isoweek11_2-0000,2,KAITO-USDT,LIMIT,SELL,0.0015878,OPEN,1741662471.0,1.3688,5.8,7.93904,-1
binance_perpetual-2025-11-2-0000-2025.sqlite,binance-perpetual||OP-USDT||KAITO-USDT||2025||isoweek11_2-0000,2,KAITO-USDT,LIMIT,SELL,0.00158827,OPEN,1741662466.0,1.3692,5.8,7.94136,-1
binance_perpetual-2025-11-2-0000-2025.sqlite,binance-perpetual||OP-USDT||KAITO-USDT||2025||isoweek11_2-0000,2,KAITO-USDT,LIMIT,SELL,0.00158815,OPEN,1741662458.0,1.3691,5.8,7.94078,-1
binance_perpetual-2025-11-2-0000-2025.sqlite,binance-perpetual||OP-USDT||KAITO-USDT||2025||isoweek11_2-0000,2,KAITO-USDT,LIMIT,SELL,0.00156225,OPEN,1741662445.0,1.3704,5.7,7.81128,-1
binance_perpetual-2025-11-2-0000-2025.sqlite,binance-perpetual||OP-USDT||KAITO-USDT||2025||isoweek11_2-0000,2,KAITO-USDT,LIMIT,SELL,0.00156305,OPEN,1741662440.0,1.3711,5.7,7.81527,-1
binance_perpetual-2025-11-2-0000-2025.sqlite,binance-perpetual||OP-USDT||KAITO-USDT||2025||isoweek11_2-0000,2,KAITO-USDT,LIMIT,SELL,0.00156487,OPEN,1741662427.0,1.3727,5.7,7.82439,-1
binance_perpetual-2025-11-2-0000-2025.sqlite,binance-perpetual||OP-USDT||KAITO-USDT||2025||isoweek11_2-0000,2,KAITO-USDT,LIMIT,SELL,0.00156533,OPEN,1741662421.0,1.3731,5.7,7.82667,-1
binance_perpetual-2025-11-2-0000-2025.sqlite,binance-perpetual||OP-USDT||KAITO-USDT||2025||isoweek11_2-0000,2,KAITO-USDT,LIMIT,SELL,0.00391105,OPEN,1741662407.0,1.3723,5.7,7.82211,-1
binance_perpetual-2025-11-2-0000-2025.sqlite,binance-perpetual||OP-USDT||KAITO-USDT||2025||isoweek11_2-0000,2,KAITO-USDT,LIMIT,SELL,0.00156305,OPEN,1741662402.0,1.3711,5.7,7.81527,-1
binance_perpetual-2025-11-2-0000-2025.sqlite,binance-perpetual||OP-USDT||KAITO-USDT||2025||isoweek11_2-0000,2,KAITO-USDT,LIMIT,SELL,0.00156225,OPEN,1741662397.0,1.3704,5.7,7.81128,-1
binance_perpetual-2025-11-2-0000-2025.sqlite,binance-perpetual||OP-USDT||KAITO-USDT||2025||isoweek11_2-0000,2,KAITO-USDT,LIMIT,SELL,0.00390478,OPEN,1741662392.0,1.3701,5.7,7.80957,-1
binance_perpetual-2025-11-2-0000-2025.sqlite,binance-perpetual||OP-USDT||KAITO-USDT||2025||isoweek11_2-0000,2,KAITO-USDT,LIMIT,SELL,0.00158606,OPEN,1741662388.0,1.3673,5.8,7.93034,-1
binance_perpetual-2025-11-2-0000-2025.sqlite,binance-perpetual||OP-USDT||KAITO-USDT||2025||isoweek11_2-0000,2,KAITO-USDT,LIMIT,SELL,0.00158606,OPEN,1741662388.0,1.3673,5.8,7.93034,-1
binance_perpetual-2025-11-2-0000-2025.sqlite,binance-perpetual||OP-USDT||KAITO-USDT||2025||isoweek11_2-0000,2,KAITO-USDT,LIMIT,SELL,0.00158606,OPEN,1741662379.0,1.3673,5.8,7.93034,-1
binance_perpetual-2025-11-2-0000-2025.sqlite,binance-perpetual||OP-USDT||KAITO-USDT||2025||isoweek11_2-0000,2,KAITO-USDT,LIMIT,SELL,0.00158606,OPEN,1741662369.0,1.3673,5.8,7.93034,-1
binance_perpetual-2025-11-2-0000-2025.sqlite,binance-perpetual||OP-USDT||KAITO-USDT||2025||isoweek11_2-0000,2,KAITO-USDT,LIMIT,SELL,0.00158688,OPEN,1741662351.0,1.368,5.8,7.9344,-1
binance_perpetual-2025-11-2-0000-2025.sqlite,binance-perpetual||OP-USDT||KAITO-USDT||2025||isoweek11_2-0000,2,KAITO-USDT,LIMIT,SELL,0.00158664,OPEN,1741662345.0,1.3678,5.8,7.93324,-1
binance_perpetual-2025-11-2-0000-2025.sqlite,binance-perpetual||OP-USDT||KAITO-USDT||2025||isoweek11_2-0000,2,KAITO-USDT,LIMIT,SELL,0.00158618,OPEN,1741662339.0,1.3674,5.8,7.93092,-1
binance_perpetual-2025-11-2-0000-2025.sqlite,binance-perpetual||OP-USDT||KAITO-USDT||2025||isoweek11_2-0000,2,KAITO-USDT,LIMIT,SELL,0.0015863,OPEN,1741662335.0,1.3675,5.8,7.9315,-1
binance_perpetual-2025-11-2-0000-2025.sqlite,binance-perpetual||OP-USDT||KAITO-USDT||2025||isoweek11_2-0000,2,KAITO-USDT,LIMIT,SELL,0.00158815,OPEN,1741662322.0,1.3691,5.8,7.94078,-1
binance_perpetual-2025-11-2-0000-2025.sqlite,binance-perpetual||OP-USDT||KAITO-USDT||2025||isoweek11_2-0000,2,KAITO-USDT,LIMIT,SELL,0.00158792,OPEN,1741662315.0,1.3689,5.8,7.93962,-1
binance_perpetual-2025-11-2-0000-2025.sqlite,binance-perpetual||OP-USDT||KAITO-USDT||2025||isoweek11_2-0000,2,KAITO-USDT,LIMIT,SELL,0.00158212,OPEN,1741663297.0,1.3639,5.8,7.91062,-1
binance_perpetual-2025-11-2-0000-2025.sqlite,binance-perpetual||OP-USDT||KAITO-USDT||2025||isoweek11_2-0000,2,KAITO-USDT,LIMIT,SELL,0.00158734,OPEN,1741663879.0,1.3684,5.8,7.93672,-1
binance_perpetual-2025-11-2-0000-2025.sqlite,binance-perpetual||OP-USDT||KAITO-USDT||2025||isoweek11_2-0000,2,KAITO-USDT,MARKET,BUY,0.02070853,CLOSE,1741667547.0,1.3669,30.3,41.41707,-1
binance_perpetual-2025-11-2-0000-2025.sqlite,binance-perpetual||OP-USDT||KAITO-USDT||2025||isoweek11_2-0000,2,KAITO-USDT,MARKET,BUY,0.13224757,CLOSE,1741667547.0,1.3669,193.5,264.49515,-1
binance_perpetual-2025-11-2-0240-2025.sqlite,binance-perpetual||VIRTUAL-USDT||ARC-USDT||2025||isoweek11_2-0240,1,VIRTUAL-USDT,LIMIT,BUY,0.00157598,OPEN,1741672178.0,0.5669,13.9,7.87991,1
binance_perpetual-2025-11-2-0240-2025.sqlite,binance-perpetual||VIRTUAL-USDT||ARC-USDT||2025||isoweek11_2-0240,1,VIRTUAL-USDT,MARKET,SELL,0.00394621,CLOSE,1741672539.0,0.5678,13.9,7.89242,1
binance_perpetual-2025-11-2-0240-2025.sqlite,binance-perpetual||VIRTUAL-USDT||ARC-USDT||2025||isoweek11_2-0240,1,VIRTUAL-USDT,LIMIT,BUY,0.00156492,OPEN,1741672152.0,0.567,13.8,7.8246,1
binance_perpetual-2025-11-2-0240-2025.sqlite,binance-perpetual||VIRTUAL-USDT||ARC-USDT||2025||isoweek11_2-0240,1,VIRTUAL-USDT,MARKET,SELL,0.00392541,CLOSE,1741672864.0,0.5689,13.8,7.85082,1
binance_perpetual-2025-11-2-0240-2025.sqlite,binance-perpetual||VIRTUAL-USDT||ARC-USDT||2025||isoweek11_2-0240,1,VIRTUAL-USDT,LIMIT,BUY,0.00156768,OPEN,1741672890.0,0.568,13.8,7.8384,1
binance_perpetual-2025-11-2-0240-2025.sqlite,binance-perpetual||VIRTUAL-USDT||ARC-USDT||2025||isoweek11_2-0240,1,VIRTUAL-USDT,MARKET,SELL,0.0039261,CLOSE,1741672936.0,0.569,13.8,7.8522,1
binance_perpetual-2025-11-2-0240-2025.sqlite,binance-perpetual||VIRTUAL-USDT||ARC-USDT||2025||isoweek11_2-0240,1,VIRTUAL-USDT,LIMIT,BUY,0.0015757,OPEN,1741672201.0,0.5668,13.9,7.87852,1
binance_perpetual-2025-11-2-0240-2025.sqlite,binance-perpetual||VIRTUAL-USDT||ARC-USDT||2025||isoweek11_2-0240,1,VIRTUAL-USDT,MARKET,SELL,0.00396775,CLOSE,1741672974.0,0.5709,13.9,7.93551,1
binance_perpetual-2025-11-2-0240-2025.sqlite,binance-perpetual||VIRTUAL-USDT||ARC-USDT||2025||isoweek11_2-0240,1,VIRTUAL-USDT,LIMIT,BUY,0.0015544,OPEN,1741672162.0,0.5673,13.7,7.77201,1
binance_perpetual-2025-11-2-0240-2025.sqlite,binance-perpetual||VIRTUAL-USDT||ARC-USDT||2025||isoweek11_2-0240,1,VIRTUAL-USDT,LIMIT,BUY,1.134e-05,OPEN,1741672163.0,0.5673,0.1,0.05673,1
binance_perpetual-2025-11-2-0240-2025.sqlite,binance-perpetual||VIRTUAL-USDT||ARC-USDT||2025||isoweek11_2-0240,1,VIRTUAL-USDT,MARKET,SELL,0.00393438,CLOSE,1741672982.0,0.5702,13.8,7.86876,1
binance_perpetual-2025-11-2-0240-2025.sqlite,binance-perpetual||VIRTUAL-USDT||ARC-USDT||2025||isoweek11_2-0240,1,VIRTUAL-USDT,LIMIT,BUY,0.00156768,OPEN,1741673079.0,0.568,13.8,7.8384,1
binance_perpetual-2025-11-2-0240-2025.sqlite,binance-perpetual||VIRTUAL-USDT||ARC-USDT||2025||isoweek11_2-0240,1,VIRTUAL-USDT,MARKET,SELL,0.00392471,CLOSE,1741673188.0,0.5688,13.8,7.84944,1
binance_perpetual-2025-11-2-0240-2025.sqlite,binance-perpetual||VIRTUAL-USDT||ARC-USDT||2025||isoweek11_2-0240,1,VIRTUAL-USDT,LIMIT,BUY,0.00157431,OPEN,1741672211.0,0.5663,13.9,7.87157,1
binance_perpetual-2025-11-2-0240-2025.sqlite,binance-perpetual||VIRTUAL-USDT||ARC-USDT||2025||isoweek11_2-0240,1,VIRTUAL-USDT,MARKET,SELL,0.00398026,CLOSE,1741673284.0,0.5727,13.9,7.96053,1
binance_perpetual-2025-11-2-0240-2025.sqlite,binance-perpetual||VIRTUAL-USDT||ARC-USDT||2025||isoweek11_2-0240,1,VIRTUAL-USDT,LIMIT,BUY,0.00157264,OPEN,1741672987.0,0.5698,13.8,7.86324,1
binance_perpetual-2025-11-2-0240-2025.sqlite,binance-perpetual||VIRTUAL-USDT||ARC-USDT||2025||isoweek11_2-0240,1,VIRTUAL-USDT,MARKET,SELL,0.00394128,CLOSE,1741673325.0,0.5712,13.8,7.88256,1
binance_perpetual-2025-11-2-0240-2025.sqlite,binance-perpetual||VIRTUAL-USDT||ARC-USDT||2025||isoweek11_2-0240,1,VIRTUAL-USDT,LIMIT,BUY,0.00156481,OPEN,1741673330.0,0.5711,13.7,7.82407,1
binance_perpetual-2025-11-2-0240-2025.sqlite,binance-perpetual||VIRTUAL-USDT||ARC-USDT||2025||isoweek11_2-0240,1,VIRTUAL-USDT,MARKET,SELL,0.00391957,CLOSE,1741673353.0,0.5722,13.7,7.83914,1
binance_perpetual-2025-11-2-0240-2025.sqlite,binance-perpetual||VIRTUAL-USDT||ARC-USDT||2025||isoweek11_2-0240,1,VIRTUAL-USDT,LIMIT,BUY,0.00157568,OPEN,1741673520.0,0.5709,13.8,7.87842,1
binance_perpetual-2025-11-2-0240-2025.sqlite,binance-perpetual||VIRTUAL-USDT||ARC-USDT||2025||isoweek11_2-0240,1,VIRTUAL-USDT,MARKET,SELL,0.00394887,CLOSE,1741673657.0,0.5723,13.8,7.89774,1
binance_perpetual-2025-11-2-0240-2025.sqlite,binance-perpetual||VIRTUAL-USDT||ARC-USDT||2025||isoweek11_2-0240,1,VIRTUAL-USDT,LIMIT,BUY,0.00156481,OPEN,1741673705.0,0.5711,13.7,7.82407,1
binance_perpetual-2025-11-2-0240-2025.sqlite,binance-perpetual||VIRTUAL-USDT||ARC-USDT||2025||isoweek11_2-0240,1,VIRTUAL-USDT,MARKET,SELL,0.0039182,CLOSE,1741673712.0,0.572,13.7,7.8364,1
binance_perpetual-2025-11-2-0240-2025.sqlite,binance-perpetual||VIRTUAL-USDT||ARC-USDT||2025||isoweek11_2-0240,1,VIRTUAL-USDT,LIMIT,BUY,0.00156481,OPEN,1741673757.0,0.5711,13.7,7.82407,1
binance_perpetual-2025-11-2-0240-2025.sqlite,binance-perpetual||VIRTUAL-USDT||ARC-USDT||2025||isoweek11_2-0240,1,VIRTUAL-USDT,MARKET,SELL,0.00391957,CLOSE,1741673770.0,0.5722,13.7,7.83914,1
binance_perpetual-2025-11-2-0240-2025.sqlite,binance-perpetual||VIRTUAL-USDT||ARC-USDT||2025||isoweek11_2-0240,1,VIRTUAL-USDT,LIMIT,BUY,0.00156795,OPEN,1741673020.0,0.5681,13.8,7.83978,1
binance_perpetual-2025-11-2-0240-2025.sqlite,binance-perpetual||VIRTUAL-USDT||ARC-USDT||2025||isoweek11_2-0240,1,VIRTUAL-USDT,MARKET,SELL,0.00393369,CLOSE,1741673817.0,0.5701,13.8,7.86738,1
binance_perpetual-2025-11-2-0240-2025.sqlite,binance-perpetual||VIRTUAL-USDT||ARC-USDT||2025||isoweek11_2-0240,1,VIRTUAL-USDT,LIMIT,BUY,0.00157292,OPEN,1741673820.0,0.5699,13.8,7.86462,1
binance_perpetual-2025-11-2-0240-2025.sqlite,binance-perpetual||VIRTUAL-USDT||ARC-USDT||2025||isoweek11_2-0240,1,VIRTUAL-USDT,MARKET,SELL,0.00394059,CLOSE,1741673850.0,0.5711,13.8,7.88118,1
binance_perpetual-2025-11-2-0240-2025.sqlite,binance-perpetual||VIRTUAL-USDT||ARC-USDT||2025||isoweek11_2-0240,1,VIRTUAL-USDT,LIMIT,BUY,0.00157292,OPEN,1741673959.0,0.5699,13.8,7.86462,1
binance_perpetual-2025-11-2-0240-2025.sqlite,binance-perpetual||VIRTUAL-USDT||ARC-USDT||2025||isoweek11_2-0240,1,VIRTUAL-USDT,MARKET,SELL,0.00394197,CLOSE,1741674015.0,0.5713,13.8,7.88394,1
binance_perpetual-2025-11-2-0240-2025.sqlite,binance-perpetual||VIRTUAL-USDT||ARC-USDT||2025||isoweek11_2-0240,1,VIRTUAL-USDT,LIMIT,BUY,0.00391066,OPEN,1741673804.0,0.5709,13.7,7.82133,1
binance_perpetual-2025-11-2-0240-2025.sqlite,binance-perpetual||VIRTUAL-USDT||ARC-USDT||2025||isoweek11_2-0240,1,VIRTUAL-USDT,MARKET,SELL,0.00391957,CLOSE,1741674041.0,0.5722,13.7,7.83914,1
binance_perpetual-2025-11-2-0240-2025.sqlite,binance-perpetual||VIRTUAL-USDT||ARC-USDT||2025||isoweek11_2-0240,1,VIRTUAL-USDT,LIMIT,BUY,0.00157514,OPEN,1741674303.0,0.5666,13.9,7.87574,1
binance_perpetual-2025-11-2-0240-2025.sqlite,binance-perpetual||VIRTUAL-USDT||ARC-USDT||2025||isoweek11_2-0240,1,VIRTUAL-USDT,MARKET,SELL,0.00394621,CLOSE,1741674318.0,0.5678,13.9,7.89242,1
binance_perpetual-2025-11-2-0240-2025.sqlite,binance-perpetual||VIRTUAL-USDT||ARC-USDT||2025||isoweek11_2-0240,1,VIRTUAL-USDT,LIMIT,BUY,0.00391023,OPEN,1741674341.0,0.5667,13.8,7.82046,1
binance_perpetual-2025-11-2-0240-2025.sqlite,binance-perpetual||VIRTUAL-USDT||ARC-USDT||2025||isoweek11_2-0240,1,VIRTUAL-USDT,MARKET,SELL,0.00391782,CLOSE,1741674439.0,0.5678,13.8,7.83564,1
binance_perpetual-2025-11-2-0240-2025.sqlite,binance-perpetual||VIRTUAL-USDT||ARC-USDT||2025||isoweek11_2-0240,1,VIRTUAL-USDT,LIMIT,BUY,0.00157292,OPEN,1741674723.0,0.5658,13.9,7.86462,1
binance_perpetual-2025-11-2-0240-2025.sqlite,binance-perpetual||VIRTUAL-USDT||ARC-USDT||2025||isoweek11_2-0240,1,VIRTUAL-USDT,MARKET,SELL,0.00393995,CLOSE,1741674772.0,0.5669,13.9,7.87991,1
binance_perpetual-2025-11-2-0240-2025.sqlite,binance-perpetual||VIRTUAL-USDT||ARC-USDT||2025||isoweek11_2-0240,1,VIRTUAL-USDT,LIMIT,BUY,0.00148239,OPEN,1741674815.0,0.5658,13.1,7.41198,1
binance_perpetual-2025-11-2-0240-2025.sqlite,binance-perpetual||VIRTUAL-USDT||ARC-USDT||2025||isoweek11_2-0240,1,VIRTUAL-USDT,LIMIT,BUY,9.052e-05,OPEN,1741674815.0,0.5658,0.8,0.45264,1
binance_perpetual-2025-11-2-0240-2025.sqlite,binance-perpetual||VIRTUAL-USDT||ARC-USDT||2025||isoweek11_2-0240,1,VIRTUAL-USDT,LIMIT,BUY,0.00157598,OPEN,1741674692.0,0.5669,13.9,7.87991,1
binance_perpetual-2025-11-2-0240-2025.sqlite,binance-perpetual||VIRTUAL-USDT||ARC-USDT||2025||isoweek11_2-0240,1,VIRTUAL-USDT,LIMIT,BUY,0.00156768,OPEN,1741674154.0,0.568,13.8,7.8384,1
binance_perpetual-2025-11-2-0240-2025.sqlite,binance-perpetual||VIRTUAL-USDT||ARC-USDT||2025||isoweek11_2-0240,1,VIRTUAL-USDT,LIMIT,BUY,0.0015674,OPEN,1741674182.0,0.5679,13.8,7.83702,1
binance_perpetual-2025-11-2-0240-2025.sqlite,binance-perpetual||VIRTUAL-USDT||ARC-USDT||2025||isoweek11_2-0240,1,VIRTUAL-USDT,LIMIT,BUY,0.00157264,OPEN,1741674121.0,0.5698,13.8,7.86324,1
binance_perpetual-2025-11-2-0240-2025.sqlite,binance-perpetual||VIRTUAL-USDT||ARC-USDT||2025||isoweek11_2-0240,1,VIRTUAL-USDT,LIMIT,BUY,0.00156481,OPEN,1741674067.0,0.5711,13.7,7.82407,1
binance_perpetual-2025-11-2-0240-2025.sqlite,binance-perpetual||VIRTUAL-USDT||ARC-USDT||2025||isoweek11_2-0240,1,VIRTUAL-USDT,LIMIT,BUY,0.00157348,OPEN,1741672236.0,0.566,13.9,7.8674,1
binance_perpetual-2025-11-2-0240-2025.sqlite,binance-perpetual||VIRTUAL-USDT||ARC-USDT||2025||isoweek11_2-0240,1,VIRTUAL-USDT,LIMIT,BUY,0.00156464,OPEN,1741672318.0,0.5669,13.8,7.82322,1
binance_perpetual-2025-11-2-0240-2025.sqlite,binance-perpetual||VIRTUAL-USDT||ARC-USDT||2025||isoweek11_2-0240,1,VIRTUAL-USDT,LIMIT,BUY,0.00157375,OPEN,1741672269.0,0.5661,13.9,7.86879,1
binance_perpetual-2025-11-2-0240-2025.sqlite,binance-perpetual||VIRTUAL-USDT||ARC-USDT||2025||isoweek11_2-0240,1,VIRTUAL-USDT,LIMIT,BUY,0.00156519,OPEN,1741672341.0,0.5671,13.8,7.82598,1
binance_perpetual-2025-11-2-0240-2025.sqlite,binance-perpetual||VIRTUAL-USDT||ARC-USDT||2025||isoweek11_2-0240,1,VIRTUAL-USDT,LIMIT,BUY,0.00156492,OPEN,1741672381.0,0.567,13.8,7.8246,1
binance_perpetual-2025-11-2-0240-2025.sqlite,binance-perpetual||VIRTUAL-USDT||ARC-USDT||2025||isoweek11_2-0240,1,VIRTUAL-USDT,LIMIT,BUY,0.00157459,OPEN,1741672391.0,0.5664,13.9,7.87296,1
binance_perpetual-2025-11-2-0240-2025.sqlite,binance-perpetual||VIRTUAL-USDT||ARC-USDT||2025||isoweek11_2-0240,1,VIRTUAL-USDT,LIMIT,BUY,0.00157403,OPEN,1741672406.0,0.5662,13.9,7.87018,1
binance_perpetual-2025-11-2-0240-2025.sqlite,binance-perpetual||VIRTUAL-USDT||ARC-USDT||2025||isoweek11_2-0240,1,VIRTUAL-USDT,LIMIT,BUY,0.00157431,OPEN,1741672441.0,0.5663,13.9,7.87157,1
binance_perpetual-2025-11-2-0240-2025.sqlite,binance-perpetual||VIRTUAL-USDT||ARC-USDT||2025||isoweek11_2-0240,1,VIRTUAL-USDT,LIMIT,BUY,0.00156574,OPEN,1741672517.0,0.5673,13.8,7.82874,1
binance_perpetual-2025-11-2-0240-2025.sqlite,binance-perpetual||VIRTUAL-USDT||ARC-USDT||2025||isoweek11_2-0240,1,VIRTUAL-USDT,LIMIT,BUY,0.0015674,OPEN,1741672554.0,0.5679,13.8,7.83702,1
binance_perpetual-2025-11-2-0240-2025.sqlite,binance-perpetual||VIRTUAL-USDT||ARC-USDT||2025||isoweek11_2-0240,1,VIRTUAL-USDT,LIMIT,BUY,0.00156712,OPEN,1741672591.0,0.5678,13.8,7.83564,1
binance_perpetual-2025-11-2-0240-2025.sqlite,binance-perpetual||VIRTUAL-USDT||ARC-USDT||2025||isoweek11_2-0240,1,VIRTUAL-USDT,LIMIT,BUY,0.00156795,OPEN,1741672613.0,0.5681,13.8,7.83978,1
binance_perpetual-2025-11-2-0240-2025.sqlite,binance-perpetual||VIRTUAL-USDT||ARC-USDT||2025||isoweek11_2-0240,1,VIRTUAL-USDT,LIMIT,BUY,0.00156657,OPEN,1741672639.0,0.5676,13.8,7.83288,1
binance_perpetual-2025-11-2-0240-2025.sqlite,binance-perpetual||VIRTUAL-USDT||ARC-USDT||2025||isoweek11_2-0240,1,VIRTUAL-USDT,LIMIT,BUY,0.00156492,OPEN,1741672652.0,0.567,13.8,7.8246,1
binance_perpetual-2025-11-2-0240-2025.sqlite,binance-perpetual||VIRTUAL-USDT||ARC-USDT||2025||isoweek11_2-0240,1,VIRTUAL-USDT,LIMIT,BUY,0.00156657,OPEN,1741672680.0,0.5676,13.8,7.83288,1
binance_perpetual-2025-11-2-0240-2025.sqlite,binance-perpetual||VIRTUAL-USDT||ARC-USDT||2025||isoweek11_2-0240,1,VIRTUAL-USDT,LIMIT,BUY,0.0015663,OPEN,1741672714.0,0.5675,13.8,7.8315,1
binance_perpetual-2025-11-2-0240-2025.sqlite,binance-perpetual||VIRTUAL-USDT||ARC-USDT||2025||isoweek11_2-0240,1,VIRTUAL-USDT,LIMIT,BUY,0.00156519,OPEN,1741672721.0,0.5671,13.8,7.82598,1
binance_perpetual-2025-11-2-0240-2025.sqlite,binance-perpetual||VIRTUAL-USDT||ARC-USDT||2025||isoweek11_2-0240,1,VIRTUAL-USDT,LIMIT,BUY,0.00156492,OPEN,1741672752.0,0.567,13.8,7.8246,1
binance_perpetual-2025-11-2-0240-2025.sqlite,binance-perpetual||VIRTUAL-USDT||ARC-USDT||2025||isoweek11_2-0240,1,VIRTUAL-USDT,LIMIT,BUY,0.00156464,OPEN,1741672754.0,0.5669,13.8,7.82322,1
binance_perpetual-2025-11-2-0240-2025.sqlite,binance-perpetual||VIRTUAL-USDT||ARC-USDT||2025||isoweek11_2-0240,1,VIRTUAL-USDT,LIMIT,BUY,0.00156685,OPEN,1741672778.0,0.5677,13.8,7.83426,1
binance_perpetual-2025-11-2-0240-2025.sqlite,binance-perpetual||VIRTUAL-USDT||ARC-USDT||2025||isoweek11_2-0240,1,VIRTUAL-USDT,LIMIT,BUY,0.00156685,OPEN,1741672796.0,0.5677,13.8,7.83426,1
binance_perpetual-2025-11-2-0240-2025.sqlite,binance-perpetual||VIRTUAL-USDT||ARC-USDT||2025||isoweek11_2-0240,1,VIRTUAL-USDT,LIMIT,BUY,0.00156464,OPEN,1741672800.0,0.5669,13.8,7.82322,1
binance_perpetual-2025-11-2-0240-2025.sqlite,binance-perpetual||VIRTUAL-USDT||ARC-USDT||2025||isoweek11_2-0240,1,VIRTUAL-USDT,LIMIT,BUY,0.00156878,OPEN,1741672824.0,0.5684,13.8,7.84392,1
binance_perpetual-2025-11-2-0240-2025.sqlite,binance-perpetual||VIRTUAL-USDT||ARC-USDT||2025||isoweek11_2-0240,1,VIRTUAL-USDT,LIMIT,BUY,0.00156768,OPEN,1741672831.0,0.568,13.8,7.8384,1
binance_perpetual-2025-11-2-0240-2025.sqlite,binance-perpetual||VIRTUAL-USDT||ARC-USDT||2025||isoweek11_2-0240,1,VIRTUAL-USDT,LIMIT,BUY,0.00156988,OPEN,1741672869.0,0.5688,13.8,7.84944,1
binance_perpetual-2025-11-2-0240-2025.sqlite,binance-perpetual||VIRTUAL-USDT||ARC-USDT||2025||isoweek11_2-0240,1,VIRTUAL-USDT,LIMIT,BUY,0.00134166,OPEN,1741672877.0,0.5685,11.8,6.7083,1
binance_perpetual-2025-11-2-0240-2025.sqlite,binance-perpetual||VIRTUAL-USDT||ARC-USDT||2025||isoweek11_2-0240,1,VIRTUAL-USDT,LIMIT,BUY,0.0002274,OPEN,1741672878.0,0.5685,2.0,1.137,1
binance_perpetual-2025-11-2-0240-2025.sqlite,binance-perpetual||VIRTUAL-USDT||ARC-USDT||2025||isoweek11_2-0240,1,VIRTUAL-USDT,LIMIT,BUY,0.00156961,OPEN,1741672947.0,0.5687,13.8,7.84806,1
binance_perpetual-2025-11-2-0240-2025.sqlite,binance-perpetual||VIRTUAL-USDT||ARC-USDT||2025||isoweek11_2-0240,1,VIRTUAL-USDT,LIMIT,BUY,0.00156795,OPEN,1741672953.0,0.5681,13.8,7.83978,1
binance_perpetual-2025-11-2-0240-2025.sqlite,binance-perpetual||VIRTUAL-USDT||ARC-USDT||2025||isoweek11_2-0240,1,VIRTUAL-USDT,LIMIT,BUY,0.00156988,OPEN,1741672962.0,0.5688,13.8,7.84944,1
binance_perpetual-2025-11-2-0240-2025.sqlite,binance-perpetual||VIRTUAL-USDT||ARC-USDT||2025||isoweek11_2-0240,1,VIRTUAL-USDT,LIMIT,BUY,0.0015754,OPEN,1741672975.0,0.5708,13.8,7.87704,1
binance_perpetual-2025-11-2-0240-2025.sqlite,binance-perpetual||VIRTUAL-USDT||ARC-USDT||2025||isoweek11_2-0240,1,VIRTUAL-USDT,LIMIT,BUY,0.00157402,OPEN,1741672981.0,0.5703,13.8,7.87014,1
binance_perpetual-2025-11-2-0240-2025.sqlite,binance-perpetual||VIRTUAL-USDT||ARC-USDT||2025||isoweek11_2-0240,1,VIRTUAL-USDT,LIMIT,BUY,0.00157375,OPEN,1741672999.0,0.5702,13.8,7.86876,1
binance_perpetual-2025-11-2-0240-2025.sqlite,binance-perpetual||VIRTUAL-USDT||ARC-USDT||2025||isoweek11_2-0240,1,VIRTUAL-USDT,LIMIT,BUY,0.00157071,OPEN,1741673008.0,0.5691,13.8,7.85358,1
binance_perpetual-2025-11-2-0240-2025.sqlite,binance-perpetual||VIRTUAL-USDT||ARC-USDT||2025||isoweek11_2-0240,1,VIRTUAL-USDT,LIMIT,BUY,0.0015685,OPEN,1741673029.0,0.5683,13.8,7.84254,1
binance_perpetual-2025-11-2-0240-2025.sqlite,binance-perpetual||VIRTUAL-USDT||ARC-USDT||2025||isoweek11_2-0240,1,VIRTUAL-USDT,LIMIT,BUY,0.0015685,OPEN,1741673040.0,0.5683,13.8,7.84254,1
binance_perpetual-2025-11-2-0240-2025.sqlite,binance-perpetual||VIRTUAL-USDT||ARC-USDT||2025||isoweek11_2-0240,1,VIRTUAL-USDT,LIMIT,BUY,0.00156933,OPEN,1741673071.0,0.5686,13.8,7.84668,1
binance_perpetual-2025-11-2-0240-2025.sqlite,binance-perpetual||VIRTUAL-USDT||ARC-USDT||2025||isoweek11_2-0240,1,VIRTUAL-USDT,LIMIT,BUY,0.00156906,OPEN,1741673073.0,0.5685,13.8,7.8453,1
binance_perpetual-2025-11-2-0240-2025.sqlite,binance-perpetual||VIRTUAL-USDT||ARC-USDT||2025||isoweek11_2-0240,1,VIRTUAL-USDT,LIMIT,BUY,0.0015674,OPEN,1741673083.0,0.5679,13.8,7.83702,1
binance_perpetual-2025-11-2-0240-2025.sqlite,binance-perpetual||VIRTUAL-USDT||ARC-USDT||2025||isoweek11_2-0240,1,VIRTUAL-USDT,LIMIT,BUY,0.00156878,OPEN,1741673134.0,0.5684,13.8,7.84392,1
binance_perpetual-2025-11-2-0240-2025.sqlite,binance-perpetual||VIRTUAL-USDT||ARC-USDT||2025||isoweek11_2-0240,1,VIRTUAL-USDT,LIMIT,BUY,0.00157209,OPEN,1741673219.0,0.5696,13.8,7.86048,1
binance_perpetual-2025-11-2-0240-2025.sqlite,binance-perpetual||VIRTUAL-USDT||ARC-USDT||2025||isoweek11_2-0240,1,VIRTUAL-USDT,LIMIT,BUY,0.00157209,OPEN,1741673218.0,0.5696,13.8,7.86048,1
binance_perpetual-2025-11-2-0240-2025.sqlite,binance-perpetual||VIRTUAL-USDT||ARC-USDT||2025||isoweek11_2-0240,1,VIRTUAL-USDT,LIMIT,BUY,0.00157182,OPEN,1741673233.0,0.5695,13.8,7.8591,1
binance_perpetual-2025-11-2-0240-2025.sqlite,binance-perpetual||VIRTUAL-USDT||ARC-USDT||2025||isoweek11_2-0240,1,VIRTUAL-USDT,LIMIT,BUY,0.00156645,OPEN,1741673278.0,0.5717,13.7,7.83229,1
binance_perpetual-2025-11-2-0240-2025.sqlite,binance-perpetual||VIRTUAL-USDT||ARC-USDT||2025||isoweek11_2-0240,1,VIRTUAL-USDT,LIMIT,BUY,0.00156645,OPEN,1741673268.0,0.5717,13.7,7.83229,1
binance_perpetual-2025-11-2-0240-2025.sqlite,binance-perpetual||VIRTUAL-USDT||ARC-USDT||2025||isoweek11_2-0240,1,VIRTUAL-USDT,LIMIT,BUY,0.00156865,OPEN,1741673288.0,0.5725,13.7,7.84325,1
binance_perpetual-2025-11-2-0240-2025.sqlite,binance-perpetual||VIRTUAL-USDT||ARC-USDT||2025||isoweek11_2-0240,1,VIRTUAL-USDT,LIMIT,BUY,0.00156865,OPEN,1741673306.0,0.5725,13.7,7.84325,1
binance_perpetual-2025-11-2-0240-2025.sqlite,binance-perpetual||VIRTUAL-USDT||ARC-USDT||2025||isoweek11_2-0240,1,VIRTUAL-USDT,LIMIT,BUY,0.00156837,OPEN,1741673315.0,0.5724,13.7,7.84188,1
binance_perpetual-2025-11-2-0240-2025.sqlite,binance-perpetual||VIRTUAL-USDT||ARC-USDT||2025||isoweek11_2-0240,1,VIRTUAL-USDT,LIMIT,BUY,0.00156508,OPEN,1741673327.0,0.5712,13.7,7.82544,1
binance_perpetual-2025-11-2-0240-2025.sqlite,binance-perpetual||VIRTUAL-USDT||ARC-USDT||2025||isoweek11_2-0240,1,VIRTUAL-USDT,LIMIT,BUY,0.00156782,OPEN,1741673360.0,0.5722,13.7,7.83914,1
binance_perpetual-2025-11-2-0240-2025.sqlite,binance-perpetual||VIRTUAL-USDT||ARC-USDT||2025||isoweek11_2-0240,1,VIRTUAL-USDT,LIMIT,BUY,0.00156728,OPEN,1741673367.0,0.572,13.7,7.8364,1
binance_perpetual-2025-11-2-0240-2025.sqlite,binance-perpetual||VIRTUAL-USDT||ARC-USDT||2025||isoweek11_2-0240,1,VIRTUAL-USDT,LIMIT,BUY,0.00156865,OPEN,1741673393.0,0.5725,13.7,7.84325,1
binance_perpetual-2025-11-2-0240-2025.sqlite,binance-perpetual||VIRTUAL-USDT||ARC-USDT||2025||isoweek11_2-0240,1,VIRTUAL-USDT,LIMIT,BUY,0.001567,OPEN,1741673398.0,0.5719,13.7,7.83503,1
binance_perpetual-2025-11-2-0240-2025.sqlite,binance-perpetual||VIRTUAL-USDT||ARC-USDT||2025||isoweek11_2-0240,1,VIRTUAL-USDT,LIMIT,BUY,0.00156919,OPEN,1741673423.0,0.5727,13.7,7.84599,1
binance_perpetual-2025-11-2-0240-2025.sqlite,binance-perpetual||VIRTUAL-USDT||ARC-USDT||2025||isoweek11_2-0240,1,VIRTUAL-USDT,LIMIT,BUY,0.00156892,OPEN,1741673431.0,0.5726,13.7,7.84462,1
binance_perpetual-2025-11-2-0240-2025.sqlite,binance-perpetual||VIRTUAL-USDT||ARC-USDT||2025||isoweek11_2-0240,1,VIRTUAL-USDT,LIMIT,BUY,0.0015681,OPEN,1741673436.0,0.5723,13.7,7.84051,1
binance_perpetual-2025-11-2-0240-2025.sqlite,binance-perpetual||VIRTUAL-USDT||ARC-USDT||2025||isoweek11_2-0240,1,VIRTUAL-USDT,LIMIT,BUY,0.0015681,OPEN,1741673451.0,0.5723,13.7,7.84051,1
binance_perpetual-2025-11-2-0240-2025.sqlite,binance-perpetual||VIRTUAL-USDT||ARC-USDT||2025||isoweek11_2-0240,1,VIRTUAL-USDT,LIMIT,BUY,0.0015681,OPEN,1741673506.0,0.5723,13.7,7.84051,1
binance_perpetual-2025-11-2-0240-2025.sqlite,binance-perpetual||VIRTUAL-USDT||ARC-USDT||2025||isoweek11_2-0240,1,VIRTUAL-USDT,MARKET,SELL,0.09111379,CLOSE,1741674911.0,0.5661,321.9,182.22759,1
binance_perpetual-2025-11-2-0240-2025.sqlite,binance-perpetual||VIRTUAL-USDT||ARC-USDT||2025||isoweek11_2-0240,1,VIRTUAL-USDT,MARKET,SELL,0.00826506,CLOSE,1741674911.0,0.5661,29.2,16.53012,1
binance_perpetual-2025-11-2-0240-2025.sqlite,binance-perpetual||VIRTUAL-USDT||ARC-USDT||2025||isoweek11_2-0240,1,VIRTUAL-USDT,MARKET,SELL,0.02499331,CLOSE,1741674911.0,0.5661,88.3,49.98663,1
binance_perpetual-2025-11-2-0240-2025.sqlite,binance-perpetual||VIRTUAL-USDT||ARC-USDT||2025||isoweek11_2-0240,1,VIRTUAL-USDT,MARKET,SELL,0.00311355,CLOSE,1741674911.0,0.5661,11.0,6.2271,1
binance_perpetual-2025-11-2-0240-2025.sqlite,binance-perpetual||VIRTUAL-USDT||ARC-USDT||2025||isoweek11_2-0240,1,VIRTUAL-USDT,MARKET,SELL,0.0118011,CLOSE,1741674911.0,0.566,41.7,23.6022,1
binance_perpetual-2025-11-2-0240-2025.sqlite,binance-perpetual||VIRTUAL-USDT||ARC-USDT||2025||isoweek11_2-0240,1,VIRTUAL-USDT,MARKET,SELL,0.011886,CLOSE,1741674911.0,0.566,42.0,23.772,1
binance_perpetual-2025-11-2-0240-2025.sqlite,binance-perpetual||VIRTUAL-USDT||ARC-USDT||2025||isoweek11_2-0240,1,VIRTUAL-USDT,MARKET,SELL,0.012452,CLOSE,1741674911.0,0.566,44.0,24.904,1
binance_perpetual-2025-11-2-0240-2025.sqlite,binance-perpetual||VIRTUAL-USDT||ARC-USDT||2025||isoweek11_2-0240,1,VIRTUAL-USDT,MARKET,SELL,0.0030281,CLOSE,1741674911.0,0.566,10.7,6.0562,1
binance_perpetual-2025-11-2-0240-2025.sqlite,binance-perpetual||VIRTUAL-USDT||ARC-USDT||2025||isoweek11_2-0240,1,VIRTUAL-USDT,MARKET,SELL,0.0082636,CLOSE,1741674911.0,0.566,29.2,16.5272,1
binance_perpetual-2025-11-2-0240-2025.sqlite,binance-perpetual||VIRTUAL-USDT||ARC-USDT||2025||isoweek11_2-0240,1,VIRTUAL-USDT,MARKET,SELL,0.0035092,CLOSE,1741674911.0,0.566,12.4,7.0184,1
binance_perpetual-2025-11-2-0240-2025.sqlite,binance-perpetual||VIRTUAL-USDT||ARC-USDT||2025||isoweek11_2-0240,1,VIRTUAL-USDT,MARKET,SELL,0.0673823,CLOSE,1741674911.0,0.566,238.1,134.7646,1
binance_perpetual-2025-11-2-0240-2025.sqlite,binance-perpetual||VIRTUAL-USDT||ARC-USDT||2025||isoweek11_2-0240,2,ARC-USDT,LIMIT,SELL,0.00157348,OPEN,1741672597.0,0.08028,98.0,7.86744,-1
binance_perpetual-2025-11-2-0240-2025.sqlite,binance-perpetual||VIRTUAL-USDT||ARC-USDT||2025||isoweek11_2-0240,2,ARC-USDT,MARKET,BUY,0.00384144,CLOSE,1741672652.0,0.08003,96.0,7.68288,-1
binance_perpetual-2025-11-2-0240-2025.sqlite,binance-perpetual||VIRTUAL-USDT||ARC-USDT||2025||isoweek11_2-0240,2,ARC-USDT,MARKET,BUY,8.003e-05,CLOSE,1741672652.0,0.08003,2.0,0.16006,-1
binance_perpetual-2025-11-2-0240-2025.sqlite,binance-perpetual||VIRTUAL-USDT||ARC-USDT||2025||isoweek11_2-0240,2,ARC-USDT,LIMIT,SELL,0.00156898,OPEN,1741672209.0,0.08005,98.0,7.8449,-1
binance_perpetual-2025-11-2-0240-2025.sqlite,binance-perpetual||VIRTUAL-USDT||ARC-USDT||2025||isoweek11_2-0240,2,ARC-USDT,MARKET,BUY,0.00391068,CLOSE,1741672744.0,0.07981,98.0,7.82138,-1
binance_perpetual-2025-11-2-0240-2025.sqlite,binance-perpetual||VIRTUAL-USDT||ARC-USDT||2025||isoweek11_2-0240,2,ARC-USDT,LIMIT,SELL,0.00158281,OPEN,1741672149.0,0.07994,99.0,7.91406,-1
binance_perpetual-2025-11-2-0240-2025.sqlite,binance-perpetual||VIRTUAL-USDT||ARC-USDT||2025||isoweek11_2-0240,2,ARC-USDT,MARKET,BUY,0.00394168,CLOSE,1741672755.0,0.07963,99.0,7.88337,-1
binance_perpetual-2025-11-2-0240-2025.sqlite,binance-perpetual||VIRTUAL-USDT||ARC-USDT||2025||isoweek11_2-0240,2,ARC-USDT,LIMIT,SELL,0.0015725,OPEN,1741672844.0,0.08023,98.0,7.86254,-1
binance_perpetual-2025-11-2-0240-2025.sqlite,binance-perpetual||VIRTUAL-USDT||ARC-USDT||2025||isoweek11_2-0240,2,ARC-USDT,MARKET,BUY,0.00392049,CLOSE,1741672883.0,0.08001,98.0,7.84098,-1
binance_perpetual-2025-11-2-0240-2025.sqlite,binance-perpetual||VIRTUAL-USDT||ARC-USDT||2025||isoweek11_2-0240,2,ARC-USDT,LIMIT,SELL,0.00392686,OPEN,1741672808.0,0.08014,98.0,7.85372,-1
binance_perpetual-2025-11-2-0240-2025.sqlite,binance-perpetual||VIRTUAL-USDT||ARC-USDT||2025||isoweek11_2-0240,2,ARC-USDT,MARKET,BUY,0.00391118,CLOSE,1741673007.0,0.07982,98.0,7.82236,-1
binance_perpetual-2025-11-2-0240-2025.sqlite,binance-perpetual||VIRTUAL-USDT||ARC-USDT||2025||isoweek11_2-0240,2,ARC-USDT,LIMIT,SELL,0.0015725,OPEN,1741673252.0,0.08023,98.0,7.86254,-1
binance_perpetual-2025-11-2-0240-2025.sqlite,binance-perpetual||VIRTUAL-USDT||ARC-USDT||2025||isoweek11_2-0240,2,ARC-USDT,MARKET,BUY,0.00392098,CLOSE,1741673307.0,0.08002,98.0,7.84196,-1
binance_perpetual-2025-11-2-0240-2025.sqlite,binance-perpetual||VIRTUAL-USDT||ARC-USDT||2025||isoweek11_2-0240,2,ARC-USDT,LIMIT,SELL,0.00158034,OPEN,1741673429.0,0.08063,98.0,7.90174,-1
binance_perpetual-2025-11-2-0240-2025.sqlite,binance-perpetual||VIRTUAL-USDT||ARC-USDT||2025||isoweek11_2-0240,2,ARC-USDT,MARKET,BUY,0.00393959,CLOSE,1741673453.0,0.0804,98.0,7.8792,-1
binance_perpetual-2025-11-2-0240-2025.sqlite,binance-perpetual||VIRTUAL-USDT||ARC-USDT||2025||isoweek11_2-0240,2,ARC-USDT,LIMIT,SELL,0.00158032,OPEN,1741673755.0,0.08146,97.0,7.90162,-1
binance_perpetual-2025-11-2-0240-2025.sqlite,binance-perpetual||VIRTUAL-USDT||ARC-USDT||2025||isoweek11_2-0240,2,ARC-USDT,MARKET,BUY,0.00393916,CLOSE,1741673813.0,0.08122,97.0,7.87834,-1
binance_perpetual-2025-11-2-0240-2025.sqlite,binance-perpetual||VIRTUAL-USDT||ARC-USDT||2025||isoweek11_2-0240,2,ARC-USDT,LIMIT,SELL,0.00393965,OPEN,1741673732.0,0.08123,97.0,7.87931,-1
binance_perpetual-2025-11-2-0240-2025.sqlite,binance-perpetual||VIRTUAL-USDT||ARC-USDT||2025||isoweek11_2-0240,2,ARC-USDT,MARKET,BUY,0.00392801,CLOSE,1741673911.0,0.08099,97.0,7.85603,-1
binance_perpetual-2025-11-2-0240-2025.sqlite,binance-perpetual||VIRTUAL-USDT||ARC-USDT||2025||isoweek11_2-0240,2,ARC-USDT,LIMIT,SELL,0.00393238,OPEN,1741673716.0,0.08108,97.0,7.86476,-1
binance_perpetual-2025-11-2-0240-2025.sqlite,binance-perpetual||VIRTUAL-USDT||ARC-USDT||2025||isoweek11_2-0240,2,ARC-USDT,MARKET,BUY,0.00391783,CLOSE,1741673920.0,0.08078,97.0,7.83566,-1
binance_perpetual-2025-11-2-0240-2025.sqlite,binance-perpetual||VIRTUAL-USDT||ARC-USDT||2025||isoweek11_2-0240,2,ARC-USDT,LIMIT,SELL,0.00157702,OPEN,1741674015.0,0.08129,97.0,7.88513,-1
binance_perpetual-2025-11-2-0240-2025.sqlite,binance-perpetual||VIRTUAL-USDT||ARC-USDT||2025||isoweek11_2-0240,2,ARC-USDT,MARKET,BUY,0.00028346,CLOSE,1741674055.0,0.08099,7.0,0.56693,-1
binance_perpetual-2025-11-2-0240-2025.sqlite,binance-perpetual||VIRTUAL-USDT||ARC-USDT||2025||isoweek11_2-0240,2,ARC-USDT,MARKET,BUY,0.00364455,CLOSE,1741674055.0,0.08099,90.0,7.2891,-1
binance_perpetual-2025-11-2-0240-2025.sqlite,binance-perpetual||VIRTUAL-USDT||ARC-USDT||2025||isoweek11_2-0240,2,ARC-USDT,LIMIT,SELL,0.00157314,OPEN,1741674010.0,0.08109,97.0,7.86573,-1
binance_perpetual-2025-11-2-0240-2025.sqlite,binance-perpetual||VIRTUAL-USDT||ARC-USDT||2025||isoweek11_2-0240,2,ARC-USDT,MARKET,BUY,0.00392025,CLOSE,1741674064.0,0.08083,97.0,7.84051,-1
binance_perpetual-2025-11-2-0240-2025.sqlite,binance-perpetual||VIRTUAL-USDT||ARC-USDT||2025||isoweek11_2-0240,2,ARC-USDT,LIMIT,SELL,0.00156849,OPEN,1741673645.0,0.08085,97.0,7.84245,-1
binance_perpetual-2025-11-2-0240-2025.sqlite,binance-perpetual||VIRTUAL-USDT||ARC-USDT||2025||isoweek11_2-0240,2,ARC-USDT,MARKET,BUY,0.00390861,CLOSE,1741674070.0,0.08059,97.0,7.81723,-1
binance_perpetual-2025-11-2-0240-2025.sqlite,binance-perpetual||VIRTUAL-USDT||ARC-USDT||2025||isoweek11_2-0240,2,ARC-USDT,LIMIT,SELL,0.00158152,OPEN,1741673631.0,0.08069,98.0,7.90762,-1
binance_perpetual-2025-11-2-0240-2025.sqlite,binance-perpetual||VIRTUAL-USDT||ARC-USDT||2025||isoweek11_2-0240,2,ARC-USDT,MARKET,BUY,0.00393959,CLOSE,1741674114.0,0.0804,98.0,7.8792,-1
binance_perpetual-2025-11-2-0240-2025.sqlite,binance-perpetual||VIRTUAL-USDT||ARC-USDT||2025||isoweek11_2-0240,2,ARC-USDT,LIMIT,SELL,0.0015681,OPEN,1741674731.0,0.08083,97.0,7.84051,-1
binance_perpetual-2025-11-2-0240-2025.sqlite,binance-perpetual||VIRTUAL-USDT||ARC-USDT||2025||isoweek11_2-0240,2,ARC-USDT,MARKET,BUY,0.00391007,CLOSE,1741674766.0,0.08062,97.0,7.82014,-1
binance_perpetual-2025-11-2-0240-2025.sqlite,binance-perpetual||VIRTUAL-USDT||ARC-USDT||2025||isoweek11_2-0240,2,ARC-USDT,LIMIT,SELL,0.00392098,OPEN,1741672577.0,0.08002,98.0,7.84196,-1
binance_perpetual-2025-11-2-0240-2025.sqlite,binance-perpetual||VIRTUAL-USDT||ARC-USDT||2025||isoweek11_2-0240,2,ARC-USDT,LIMIT,SELL,0.00156839,OPEN,1741672571.0,0.08002,98.0,7.84196,-1
binance_perpetual-2025-11-2-0240-2025.sqlite,binance-perpetual||VIRTUAL-USDT||ARC-USDT||2025||isoweek11_2-0240,2,ARC-USDT,LIMIT,SELL,0.00156858,OPEN,1741672562.0,0.08003,98.0,7.84294,-1
binance_perpetual-2025-11-2-0240-2025.sqlite,binance-perpetual||VIRTUAL-USDT||ARC-USDT||2025||isoweek11_2-0240,2,ARC-USDT,LIMIT,SELL,0.00156937,OPEN,1741672549.0,0.08007,98.0,7.84686,-1
binance_perpetual-2025-11-2-0240-2025.sqlite,binance-perpetual||VIRTUAL-USDT||ARC-USDT||2025||isoweek11_2-0240,2,ARC-USDT,LIMIT,SELL,9.607e-05,OPEN,1741672546.0,0.08006,6.0,0.48036,-1
binance_perpetual-2025-11-2-0240-2025.sqlite,binance-perpetual||VIRTUAL-USDT||ARC-USDT||2025||isoweek11_2-0240,2,ARC-USDT,LIMIT,SELL,0.0014731,OPEN,1741672548.0,0.08006,92.0,7.36552,-1
binance_perpetual-2025-11-2-0240-2025.sqlite,binance-perpetual||VIRTUAL-USDT||ARC-USDT||2025||isoweek11_2-0240,2,ARC-USDT,LIMIT,SELL,0.00392245,OPEN,1741672538.0,0.08005,98.0,7.8449,-1
binance_perpetual-2025-11-2-0240-2025.sqlite,binance-perpetual||VIRTUAL-USDT||ARC-USDT||2025||isoweek11_2-0240,2,ARC-USDT,LIMIT,SELL,0.00156839,OPEN,1741672532.0,0.08002,98.0,7.84196,-1
binance_perpetual-2025-11-2-0240-2025.sqlite,binance-perpetual||VIRTUAL-USDT||ARC-USDT||2025||isoweek11_2-0240,2,ARC-USDT,LIMIT,SELL,0.00156858,OPEN,1741672525.0,0.08003,98.0,7.84294,-1
binance_perpetual-2025-11-2-0240-2025.sqlite,binance-perpetual||VIRTUAL-USDT||ARC-USDT||2025||isoweek11_2-0240,2,ARC-USDT,LIMIT,SELL,0.00392098,OPEN,1741672518.0,0.08002,98.0,7.84196,-1
binance_perpetual-2025-11-2-0240-2025.sqlite,binance-perpetual||VIRTUAL-USDT||ARC-USDT||2025||isoweek11_2-0240,2,ARC-USDT,LIMIT,SELL,0.00156721,OPEN,1741672518.0,0.07996,98.0,7.83608,-1
binance_perpetual-2025-11-2-0240-2025.sqlite,binance-perpetual||VIRTUAL-USDT||ARC-USDT||2025||isoweek11_2-0240,2,ARC-USDT,LIMIT,SELL,0.00156741,OPEN,1741672507.0,0.07997,98.0,7.83706,-1
binance_perpetual-2025-11-2-0240-2025.sqlite,binance-perpetual||VIRTUAL-USDT||ARC-USDT||2025||isoweek11_2-0240,2,ARC-USDT,LIMIT,SELL,0.00156956,OPEN,1741672488.0,0.08008,98.0,7.84784,-1
binance_perpetual-2025-11-2-0240-2025.sqlite,binance-perpetual||VIRTUAL-USDT||ARC-USDT||2025||isoweek11_2-0240,2,ARC-USDT,LIMIT,SELL,0.00156858,OPEN,1741672480.0,0.08003,98.0,7.84294,-1
binance_perpetual-2025-11-2-0240-2025.sqlite,binance-perpetual||VIRTUAL-USDT||ARC-USDT||2025||isoweek11_2-0240,2,ARC-USDT,LIMIT,SELL,0.00156858,OPEN,1741672480.0,0.08003,98.0,7.84294,-1
binance_perpetual-2025-11-2-0240-2025.sqlite,binance-perpetual||VIRTUAL-USDT||ARC-USDT||2025||isoweek11_2-0240,2,ARC-USDT,LIMIT,SELL,0.00156819,OPEN,1741672468.0,0.08001,98.0,7.84098,-1
binance_perpetual-2025-11-2-0240-2025.sqlite,binance-perpetual||VIRTUAL-USDT||ARC-USDT||2025||isoweek11_2-0240,2,ARC-USDT,LIMIT,SELL,0.00136017,OPEN,1741672468.0,0.08001,85.0,6.80085,-1
binance_perpetual-2025-11-2-0240-2025.sqlite,binance-perpetual||VIRTUAL-USDT||ARC-USDT||2025||isoweek11_2-0240,2,ARC-USDT,LIMIT,SELL,0.00020802,OPEN,1741672468.0,0.08001,13.0,1.04013,-1
binance_perpetual-2025-11-2-0240-2025.sqlite,binance-perpetual||VIRTUAL-USDT||ARC-USDT||2025||isoweek11_2-0240,2,ARC-USDT,LIMIT,SELL,0.001568,OPEN,1741672455.0,0.08,98.0,7.84,-1
binance_perpetual-2025-11-2-0240-2025.sqlite,binance-perpetual||VIRTUAL-USDT||ARC-USDT||2025||isoweek11_2-0240,2,ARC-USDT,LIMIT,SELL,0.0015676,OPEN,1741672449.0,0.07998,98.0,7.83804,-1
binance_perpetual-2025-11-2-0240-2025.sqlite,binance-perpetual||VIRTUAL-USDT||ARC-USDT||2025||isoweek11_2-0240,2,ARC-USDT,LIMIT,SELL,0.00392049,OPEN,1741672443.0,0.08001,98.0,7.84098,-1
binance_perpetual-2025-11-2-0240-2025.sqlite,binance-perpetual||VIRTUAL-USDT||ARC-USDT||2025||isoweek11_2-0240,2,ARC-USDT,LIMIT,SELL,0.00156839,OPEN,1741672440.0,0.08002,98.0,7.84196,-1
binance_perpetual-2025-11-2-0240-2025.sqlite,binance-perpetual||VIRTUAL-USDT||ARC-USDT||2025||isoweek11_2-0240,2,ARC-USDT,LIMIT,SELL,0.00156741,OPEN,1741672434.0,0.07997,98.0,7.83706,-1
binance_perpetual-2025-11-2-0240-2025.sqlite,binance-perpetual||VIRTUAL-USDT||ARC-USDT||2025||isoweek11_2-0240,2,ARC-USDT,LIMIT,SELL,0.00156839,OPEN,1741672428.0,0.08002,98.0,7.84196,-1
binance_perpetual-2025-11-2-0240-2025.sqlite,binance-perpetual||VIRTUAL-USDT||ARC-USDT||2025||isoweek11_2-0240,2,ARC-USDT,LIMIT,SELL,0.00156741,OPEN,1741672417.0,0.07997,98.0,7.83706,-1
binance_perpetual-2025-11-2-0240-2025.sqlite,binance-perpetual||VIRTUAL-USDT||ARC-USDT||2025||isoweek11_2-0240,2,ARC-USDT,LIMIT,SELL,0.00156741,OPEN,1741672401.0,0.07997,98.0,7.83706,-1
binance_perpetual-2025-11-2-0240-2025.sqlite,binance-perpetual||VIRTUAL-USDT||ARC-USDT||2025||isoweek11_2-0240,2,ARC-USDT,LIMIT,SELL,0.00156917,OPEN,1741672389.0,0.08006,98.0,7.84588,-1
binance_perpetual-2025-11-2-0240-2025.sqlite,binance-perpetual||VIRTUAL-USDT||ARC-USDT||2025||isoweek11_2-0240,2,ARC-USDT,LIMIT,SELL,0.00157152,OPEN,1741672374.0,0.08018,98.0,7.85764,-1
binance_perpetual-2025-11-2-0240-2025.sqlite,binance-perpetual||VIRTUAL-USDT||ARC-USDT||2025||isoweek11_2-0240,2,ARC-USDT,LIMIT,SELL,0.00157192,OPEN,1741672366.0,0.0802,98.0,7.8596,-1
binance_perpetual-2025-11-2-0240-2025.sqlite,binance-perpetual||VIRTUAL-USDT||ARC-USDT||2025||isoweek11_2-0240,2,ARC-USDT,LIMIT,SELL,0.00157152,OPEN,1741672363.0,0.08018,98.0,7.85764,-1
binance_perpetual-2025-11-2-0240-2025.sqlite,binance-perpetual||VIRTUAL-USDT||ARC-USDT||2025||isoweek11_2-0240,2,ARC-USDT,LIMIT,SELL,0.00157172,OPEN,1741672357.0,0.08019,98.0,7.85862,-1
binance_perpetual-2025-11-2-0240-2025.sqlite,binance-perpetual||VIRTUAL-USDT||ARC-USDT||2025||isoweek11_2-0240,2,ARC-USDT,LIMIT,SELL,0.00157113,OPEN,1741672345.0,0.08016,98.0,7.85568,-1
binance_perpetual-2025-11-2-0240-2025.sqlite,binance-perpetual||VIRTUAL-USDT||ARC-USDT||2025||isoweek11_2-0240,2,ARC-USDT,LIMIT,SELL,0.00157133,OPEN,1741672333.0,0.08017,98.0,7.85666,-1
binance_perpetual-2025-11-2-0240-2025.sqlite,binance-perpetual||VIRTUAL-USDT||ARC-USDT||2025||isoweek11_2-0240,2,ARC-USDT,LIMIT,SELL,0.00157113,OPEN,1741672327.0,0.08016,98.0,7.85568,-1
binance_perpetual-2025-11-2-0240-2025.sqlite,binance-perpetual||VIRTUAL-USDT||ARC-USDT||2025||isoweek11_2-0240,2,ARC-USDT,LIMIT,SELL,0.00157133,OPEN,1741672321.0,0.08017,98.0,7.85666,-1
binance_perpetual-2025-11-2-0240-2025.sqlite,binance-perpetual||VIRTUAL-USDT||ARC-USDT||2025||isoweek11_2-0240,2,ARC-USDT,LIMIT,SELL,0.00157133,OPEN,1741672311.0,0.08017,98.0,7.85666,-1
binance_perpetual-2025-11-2-0240-2025.sqlite,binance-perpetual||VIRTUAL-USDT||ARC-USDT||2025||isoweek11_2-0240,2,ARC-USDT,LIMIT,SELL,0.00157172,OPEN,1741672305.0,0.08019,98.0,7.85862,-1
binance_perpetual-2025-11-2-0240-2025.sqlite,binance-perpetual||VIRTUAL-USDT||ARC-USDT||2025||isoweek11_2-0240,2,ARC-USDT,LIMIT,SELL,0.00156976,OPEN,1741672294.0,0.08009,98.0,7.84882,-1
binance_perpetual-2025-11-2-0240-2025.sqlite,binance-perpetual||VIRTUAL-USDT||ARC-USDT||2025||isoweek11_2-0240,2,ARC-USDT,LIMIT,SELL,0.00156956,OPEN,1741672283.0,0.08008,98.0,7.84784,-1
binance_perpetual-2025-11-2-0240-2025.sqlite,binance-perpetual||VIRTUAL-USDT||ARC-USDT||2025||isoweek11_2-0240,2,ARC-USDT,LIMIT,SELL,0.00156878,OPEN,1741672279.0,0.08004,98.0,7.84392,-1
binance_perpetual-2025-11-2-0240-2025.sqlite,binance-perpetual||VIRTUAL-USDT||ARC-USDT||2025||isoweek11_2-0240,2,ARC-USDT,LIMIT,SELL,0.00156858,OPEN,1741672275.0,0.08003,98.0,7.84294,-1
binance_perpetual-2025-11-2-0240-2025.sqlite,binance-perpetual||VIRTUAL-USDT||ARC-USDT||2025||isoweek11_2-0240,2,ARC-USDT,LIMIT,SELL,0.0015678,OPEN,1741672264.0,0.07999,98.0,7.83902,-1
binance_perpetual-2025-11-2-0240-2025.sqlite,binance-perpetual||VIRTUAL-USDT||ARC-USDT||2025||isoweek11_2-0240,2,ARC-USDT,LIMIT,SELL,0.00158182,OPEN,1741672260.0,0.07989,99.0,7.90911,-1
binance_perpetual-2025-11-2-0240-2025.sqlite,binance-perpetual||VIRTUAL-USDT||ARC-USDT||2025||isoweek11_2-0240,2,ARC-USDT,LIMIT,SELL,0.00156878,OPEN,1741672240.0,0.08004,98.0,7.84392,-1
binance_perpetual-2025-11-2-0240-2025.sqlite,binance-perpetual||VIRTUAL-USDT||ARC-USDT||2025||isoweek11_2-0240,2,ARC-USDT,LIMIT,SELL,3.202e-05,OPEN,1741672215.0,0.08006,2.0,0.16012,-1
binance_perpetual-2025-11-2-0240-2025.sqlite,binance-perpetual||VIRTUAL-USDT||ARC-USDT||2025||isoweek11_2-0240,2,ARC-USDT,LIMIT,SELL,0.00153715,OPEN,1741672215.0,0.08006,96.0,7.68576,-1
binance_perpetual-2025-11-2-0240-2025.sqlite,binance-perpetual||VIRTUAL-USDT||ARC-USDT||2025||isoweek11_2-0240,2,ARC-USDT,LIMIT,SELL,0.00156702,OPEN,1741672203.0,0.07995,98.0,7.8351,-1
binance_perpetual-2025-11-2-0240-2025.sqlite,binance-perpetual||VIRTUAL-USDT||ARC-USDT||2025||isoweek11_2-0240,2,ARC-USDT,LIMIT,SELL,0.00158083,OPEN,1741672199.0,0.07984,99.0,7.90416,-1
binance_perpetual-2025-11-2-0240-2025.sqlite,binance-perpetual||VIRTUAL-USDT||ARC-USDT||2025||isoweek11_2-0240,2,ARC-USDT,LIMIT,SELL,0.00158182,OPEN,1741672170.0,0.07989,99.0,7.90911,-1
binance_perpetual-2025-11-2-0240-2025.sqlite,binance-perpetual||VIRTUAL-USDT||ARC-USDT||2025||isoweek11_2-0240,2,ARC-USDT,LIMIT,SELL,0.00395505,OPEN,1741672164.0,0.0799,99.0,7.9101,-1
binance_perpetual-2025-11-2-0240-2025.sqlite,binance-perpetual||VIRTUAL-USDT||ARC-USDT||2025||isoweek11_2-0240,2,ARC-USDT,LIMIT,SELL,0.00158221,OPEN,1741672160.0,0.07991,99.0,7.91109,-1
binance_perpetual-2025-11-2-0240-2025.sqlite,binance-perpetual||VIRTUAL-USDT||ARC-USDT||2025||isoweek11_2-0240,2,ARC-USDT,LIMIT,SELL,0.00156721,OPEN,1741672804.0,0.07996,98.0,7.83608,-1
binance_perpetual-2025-11-2-0240-2025.sqlite,binance-perpetual||VIRTUAL-USDT||ARC-USDT||2025||isoweek11_2-0240,2,ARC-USDT,LIMIT,SELL,0.00156858,OPEN,1741673199.0,0.08003,98.0,7.84294,-1
binance_perpetual-2025-11-2-0240-2025.sqlite,binance-perpetual||VIRTUAL-USDT||ARC-USDT||2025||isoweek11_2-0240,2,ARC-USDT,LIMIT,SELL,0.00393666,OPEN,1741673407.0,0.08034,98.0,7.87332,-1
binance_perpetual-2025-11-2-0240-2025.sqlite,binance-perpetual||VIRTUAL-USDT||ARC-USDT||2025||isoweek11_2-0240,2,ARC-USDT,LIMIT,SELL,0.00394205,OPEN,1741673415.0,0.08045,98.0,7.8841,-1
binance_perpetual-2025-11-2-0240-2025.sqlite,binance-perpetual||VIRTUAL-USDT||ARC-USDT||2025||isoweek11_2-0240,2,ARC-USDT,LIMIT,SELL,0.00158093,OPEN,1741674491.0,0.08066,98.0,7.90468,-1
binance_perpetual-2025-11-2-0240-2025.sqlite,binance-perpetual||VIRTUAL-USDT||ARC-USDT||2025||isoweek11_2-0240,2,ARC-USDT,LIMIT,SELL,0.00156868,OPEN,1741674836.0,0.08086,97.0,7.84342,-1
binance_perpetual-2025-11-2-0240-2025.sqlite,binance-perpetual||VIRTUAL-USDT||ARC-USDT||2025||isoweek11_2-0240,2,ARC-USDT,LIMIT,SELL,0.00157198,OPEN,1741674906.0,0.08103,97.0,7.85991,-1
binance_perpetual-2025-11-2-0240-2025.sqlite,binance-perpetual||VIRTUAL-USDT||ARC-USDT||2025||isoweek11_2-0240,2,ARC-USDT,MARKET,BUY,0.07502103,CLOSE,1741674911.0,0.08106,1851.0,150.04206,-1
binance_perpetual-2025-11-2-0240-2025.sqlite,binance-perpetual||VIRTUAL-USDT||ARC-USDT||2025||isoweek11_2-0240,2,ARC-USDT,MARKET,BUY,0.01142946,CLOSE,1741674911.0,0.08106,282.0,22.85892,-1
binance_perpetual-2025-11-2-0240-2025.sqlite,binance-perpetual||VIRTUAL-USDT||ARC-USDT||2025||isoweek11_2-0240,2,ARC-USDT,MARKET,BUY,0.02533125,CLOSE,1741674911.0,0.08106,625.0,50.6625,-1
binance_perpetual-2025-11-2-0240-2025.sqlite,binance-perpetual||VIRTUAL-USDT||ARC-USDT||2025||isoweek11_2-0240,2,ARC-USDT,MARKET,BUY,0.10679655,CLOSE,1741674911.0,0.08106,2635.0,213.5931,-1
okx_perpetual-ts-9-02-2025.sqlite,okx_perpetual||NOT-USDT||AIXBT-USDT||2025||isoweek9_02,1,NOT-USDT,LIMIT,BUY,0.00067548,OPEN,1740577317.45,0.002598,1300.0,3.3774,1
okx_perpetual-ts-9-02-2025.sqlite,okx_perpetual||NOT-USDT||AIXBT-USDT||2025||isoweek9_02,1,NOT-USDT,MARKET,SELL,0.00039285,CLOSE,1740577531.402,0.002619,300.0,0.7857,1
okx_perpetual-ts-9-02-2025.sqlite,okx_perpetual||NOT-USDT||AIXBT-USDT||2025||isoweek9_02,1,NOT-USDT,MARKET,SELL,0.0013095,CLOSE,1740577531.402,0.002619,1000.0,2.619,1
okx_perpetual-ts-9-02-2025.sqlite,okx_perpetual||NOT-USDT||AIXBT-USDT||2025||isoweek9_02,1,NOT-USDT,LIMIT,BUY,0.0006721,OPEN,1740578588.062,0.002585,1300.0,3.3605,1
okx_perpetual-ts-9-02-2025.sqlite,okx_perpetual||NOT-USDT||AIXBT-USDT||2025||isoweek9_02,1,NOT-USDT,MARKET,SELL,0.0016939,CLOSE,1740579324.601,0.002606,1300.0,3.3878,1
okx_perpetual-ts-9-02-2025.sqlite,okx_perpetual||NOT-USDT||AIXBT-USDT||2025||isoweek9_02,1,NOT-USDT,LIMIT,BUY,0.00168155,OPEN,1740578573.033,0.002587,1300.0,3.3631,1
okx_perpetual-ts-9-02-2025.sqlite,okx_perpetual||NOT-USDT||AIXBT-USDT||2025||isoweek9_02,1,NOT-USDT,MARKET,SELL,0.0016965,CLOSE,1740579335.092,0.00261,1300.0,3.393,1
okx_perpetual-ts-9-02-2025.sqlite,okx_perpetual||NOT-USDT||AIXBT-USDT||2025||isoweek9_02,1,NOT-USDT,LIMIT,BUY,0.0006734,OPEN,1740578560.733,0.00259,1300.0,3.367,1
okx_perpetual-ts-9-02-2025.sqlite,okx_perpetual||NOT-USDT||AIXBT-USDT||2025||isoweek9_02,1,NOT-USDT,MARKET,SELL,0.00169715,CLOSE,1740579437.015,0.002611,1300.0,3.3943,1
okx_perpetual-ts-9-02-2025.sqlite,okx_perpetual||NOT-USDT||AIXBT-USDT||2025||isoweek9_02,1,NOT-USDT,LIMIT,BUY,0.00067418,OPEN,1740578504.154,0.002593,1300.0,3.3709,1
okx_perpetual-ts-9-02-2025.sqlite,okx_perpetual||NOT-USDT||AIXBT-USDT||2025||isoweek9_02,1,NOT-USDT,MARKET,SELL,0.00169975,CLOSE,1740579447.46,0.002615,1300.0,3.3995,1
okx_perpetual-ts-9-02-2025.sqlite,okx_perpetual||NOT-USDT||AIXBT-USDT||2025||isoweek9_02,1,NOT-USDT,LIMIT,BUY,0.0006747,OPEN,1740578498.883,0.002595,1300.0,3.3735,1
okx_perpetual-ts-9-02-2025.sqlite,okx_perpetual||NOT-USDT||AIXBT-USDT||2025||isoweek9_02,1,NOT-USDT,MARKET,SELL,0.00170105,CLOSE,1740579451.864,0.002617,1300.0,3.4021,1
okx_perpetual-ts-9-02-2025.sqlite,okx_perpetual||NOT-USDT||AIXBT-USDT||2025||isoweek9_02,1,NOT-USDT,LIMIT,BUY,0.0006695,OPEN,1740580089.786,0.002575,1300.0,3.3475,1
okx_perpetual-ts-9-02-2025.sqlite,okx_perpetual||NOT-USDT||AIXBT-USDT||2025||isoweek9_02,1,NOT-USDT,MARKET,SELL,0.0016887,CLOSE,1740580268.745,0.002598,1300.0,3.3774,1
okx_perpetual-ts-9-02-2025.sqlite,okx_perpetual||NOT-USDT||AIXBT-USDT||2025||isoweek9_02,1,NOT-USDT,LIMIT,BUY,0.0006708,OPEN,1740580082.79,0.00258,1300.0,3.354,1
okx_perpetual-ts-9-02-2025.sqlite,okx_perpetual||NOT-USDT||AIXBT-USDT||2025||isoweek9_02,1,NOT-USDT,MARKET,SELL,0.00169065,CLOSE,1740580271.933,0.002601,1300.0,3.3813,1
okx_perpetual-ts-9-02-2025.sqlite,okx_perpetual||NOT-USDT||AIXBT-USDT||2025||isoweek9_02,1,NOT-USDT,LIMIT,BUY,0.00067132,OPEN,1740580075.881,0.002582,1300.0,3.3566,1
okx_perpetual-ts-9-02-2025.sqlite,okx_perpetual||NOT-USDT||AIXBT-USDT||2025||isoweek9_02,1,NOT-USDT,MARKET,SELL,0.00169195,CLOSE,1740580282.659,0.002603,1300.0,3.3839,1
okx_perpetual-ts-9-02-2025.sqlite,okx_perpetual||NOT-USDT||AIXBT-USDT||2025||isoweek9_02,1,NOT-USDT,LIMIT,BUY,0.0006721,OPEN,1740579944.17,0.002585,1300.0,3.3605,1
okx_perpetual-ts-9-02-2025.sqlite,okx_perpetual||NOT-USDT||AIXBT-USDT||2025||isoweek9_02,1,NOT-USDT,MARKET,SELL,0.00169325,CLOSE,1740580289.41,0.002605,1300.0,3.3865,1
okx_perpetual-ts-9-02-2025.sqlite,okx_perpetual||NOT-USDT||AIXBT-USDT||2025||isoweek9_02,1,NOT-USDT,LIMIT,BUY,0.0006721,OPEN,1740580508.335,0.002585,1300.0,3.3605,1
okx_perpetual-ts-9-02-2025.sqlite,okx_perpetual||NOT-USDT||AIXBT-USDT||2025||isoweek9_02,1,NOT-USDT,MARKET,SELL,0.0016939,CLOSE,1740580683.477,0.002606,1300.0,3.3878,1
okx_perpetual-ts-9-02-2025.sqlite,okx_perpetual||NOT-USDT||AIXBT-USDT||2025||isoweek9_02,1,NOT-USDT,LIMIT,BUY,0.00067288,OPEN,1740579884.821,0.002588,1300.0,3.3644,1
okx_perpetual-ts-9-02-2025.sqlite,okx_perpetual||NOT-USDT||AIXBT-USDT||2025||isoweek9_02,1,NOT-USDT,MARKET,SELL,0.00169585,CLOSE,1740580685.716,0.002609,1300.0,3.3917,1
okx_perpetual-ts-9-02-2025.sqlite,okx_perpetual||NOT-USDT||AIXBT-USDT||2025||isoweek9_02,1,NOT-USDT,LIMIT,BUY,0.00067314,OPEN,1740579914.767,0.002589,1300.0,3.3657,1
okx_perpetual-ts-9-02-2025.sqlite,okx_perpetual||NOT-USDT||AIXBT-USDT||2025||isoweek9_02,1,NOT-USDT,MARKET,SELL,0.00169715,CLOSE,1740580688.002,0.002611,1300.0,3.3943,1
okx_perpetual-ts-9-02-2025.sqlite,okx_perpetual||NOT-USDT||AIXBT-USDT||2025||isoweek9_02,1,NOT-USDT,LIMIT,BUY,0.00067418,OPEN,1740579752.706,0.002593,1300.0,3.3709,1
okx_perpetual-ts-9-02-2025.sqlite,okx_perpetual||NOT-USDT||AIXBT-USDT||2025||isoweek9_02,1,NOT-USDT,MARKET,SELL,0.00169845,CLOSE,1740580730.193,0.002613,1300.0,3.3969,1
okx_perpetual-ts-9-02-2025.sqlite,okx_perpetual||NOT-USDT||AIXBT-USDT||2025||isoweek9_02,1,NOT-USDT,LIMIT,BUY,0.0016874,OPEN,1740578480.439,0.002596,1300.0,3.3748,1
okx_perpetual-ts-9-02-2025.sqlite,okx_perpetual||NOT-USDT||AIXBT-USDT||2025||isoweek9_02,1,NOT-USDT,MARKET,SELL,0.001703,CLOSE,1740580740.13,0.00262,1300.0,3.406,1
okx_perpetual-ts-9-02-2025.sqlite,okx_perpetual||NOT-USDT||AIXBT-USDT||2025||isoweek9_02,1,NOT-USDT,LIMIT,BUY,0.000676,OPEN,1740577120.707,0.0026,1300.0,3.38,1
okx_perpetual-ts-9-02-2025.sqlite,okx_perpetual||NOT-USDT||AIXBT-USDT||2025||isoweek9_02,1,NOT-USDT,MARKET,SELL,0.0017043,CLOSE,1740580743.737,0.002622,1300.0,3.4086,1
okx_perpetual-ts-9-02-2025.sqlite,okx_perpetual||NOT-USDT||AIXBT-USDT||2025||isoweek9_02,1,NOT-USDT,LIMIT,BUY,0.00067444,OPEN,1740579706.503,0.002594,1300.0,3.3722,1
okx_perpetual-ts-9-02-2025.sqlite,okx_perpetual||NOT-USDT||AIXBT-USDT||2025||isoweek9_02,1,NOT-USDT,MARKET,SELL,0.0017004,CLOSE,1740580747.17,0.002616,1300.0,3.4008,1
okx_perpetual-ts-9-02-2025.sqlite,okx_perpetual||NOT-USDT||AIXBT-USDT||2025||isoweek9_02,1,NOT-USDT,LIMIT,BUY,0.00067652,OPEN,1740576379.818,0.002602,1300.0,3.3826,1
okx_perpetual-ts-9-02-2025.sqlite,okx_perpetual||NOT-USDT||AIXBT-USDT||2025||isoweek9_02,1,NOT-USDT,MARKET,SELL,0.00170625,CLOSE,1740580895.875,0.002625,1300.0,3.4125,1
okx_perpetual-ts-9-02-2025.sqlite,okx_perpetual||NOT-USDT||AIXBT-USDT||2025||isoweek9_02,1,NOT-USDT,LIMIT,BUY,0.00067704,OPEN,1740576364.773,0.002604,1300.0,3.3852,1
okx_perpetual-ts-9-02-2025.sqlite,okx_perpetual||NOT-USDT||AIXBT-USDT||2025||isoweek9_02,1,NOT-USDT,MARKET,SELL,0.0017082,CLOSE,1740580905.8,0.002628,1300.0,3.4164,1
okx_perpetual-ts-9-02-2025.sqlite,okx_perpetual||NOT-USDT||AIXBT-USDT||2025||isoweek9_02,1,NOT-USDT,LIMIT,BUY,0.00067808,OPEN,1740576111.173,0.002608,1300.0,3.3904,1
okx_perpetual-ts-9-02-2025.sqlite,okx_perpetual||NOT-USDT||AIXBT-USDT||2025||isoweek9_02,1,NOT-USDT,MARKET,SELL,0.0017095,CLOSE,1740581209.541,0.00263,1300.0,3.419,1
okx_perpetual-ts-9-02-2025.sqlite,okx_perpetual||NOT-USDT||AIXBT-USDT||2025||isoweek9_02,1,NOT-USDT,LIMIT,BUY,0.00067938,OPEN,1740575922.174,0.002613,1300.0,3.3969,1
okx_perpetual-ts-9-02-2025.sqlite,okx_perpetual||NOT-USDT||AIXBT-USDT||2025||isoweek9_02,1,NOT-USDT,MARKET,SELL,0.00171405,CLOSE,1740581225.864,0.002637,1300.0,3.4281,1
okx_perpetual-ts-9-02-2025.sqlite,okx_perpetual||NOT-USDT||AIXBT-USDT||2025||isoweek9_02,1,NOT-USDT,LIMIT,BUY,0.00068068,OPEN,1740575894.69,0.002618,1300.0,3.4034,1
okx_perpetual-ts-9-02-2025.sqlite,okx_perpetual||NOT-USDT||AIXBT-USDT||2025||isoweek9_02,1,NOT-USDT,MARKET,SELL,0.00171665,CLOSE,1740581232.275,0.002641,1300.0,3.4333,1
okx_perpetual-ts-9-02-2025.sqlite,okx_perpetual||NOT-USDT||AIXBT-USDT||2025||isoweek9_02,1,NOT-USDT,LIMIT,BUY,0.00068172,OPEN,1740575782.09,0.002622,1300.0,3.4086,1
okx_perpetual-ts-9-02-2025.sqlite,okx_perpetual||NOT-USDT||AIXBT-USDT||2025||isoweek9_02,1,NOT-USDT,MARKET,SELL,0.0002644,CLOSE,1740581236.031,0.002644,200.0,0.5288,1
okx_perpetual-ts-9-02-2025.sqlite,okx_perpetual||NOT-USDT||AIXBT-USDT||2025||isoweek9_02,1,NOT-USDT,MARKET,SELL,0.0014542,CLOSE,1740581236.031,0.002644,1100.0,2.9084,1
okx_perpetual-ts-9-02-2025.sqlite,okx_perpetual||NOT-USDT||AIXBT-USDT||2025||isoweek9_02,1,NOT-USDT,LIMIT,BUY,0.00067938,OPEN,1740575953.092,0.002613,1300.0,3.3969,1
okx_perpetual-ts-9-02-2025.sqlite,okx_perpetual||NOT-USDT||AIXBT-USDT||2025||isoweek9_02,1,NOT-USDT,MARKET,SELL,0.0002639,CLOSE,1740581247.063,0.002639,200.0,0.5278,1
okx_perpetual-ts-9-02-2025.sqlite,okx_perpetual||NOT-USDT||AIXBT-USDT||2025||isoweek9_02,1,NOT-USDT,MARKET,SELL,0.00145145,CLOSE,1740581247.063,0.002639,1100.0,2.9029,1
okx_perpetual-ts-9-02-2025.sqlite,okx_perpetual||NOT-USDT||AIXBT-USDT||2025||isoweek9_02,1,NOT-USDT,LIMIT,BUY,0.00068224,OPEN,1740575759.352,0.002624,1300.0,3.4112,1
okx_perpetual-ts-9-02-2025.sqlite,okx_perpetual||NOT-USDT||AIXBT-USDT||2025||isoweek9_02,1,NOT-USDT,MARKET,SELL,0.0017199,CLOSE,1740581312.501,0.002646,1300.0,3.4398,1
okx_perpetual-ts-9-02-2025.sqlite,okx_perpetual||NOT-USDT||AIXBT-USDT||2025||isoweek9_02,1,NOT-USDT,LIMIT,BUY,0.00068276,OPEN,1740575524.079,0.002626,1300.0,3.4138,1
okx_perpetual-ts-9-02-2025.sqlite,okx_perpetual||NOT-USDT||AIXBT-USDT||2025||isoweek9_02,1,NOT-USDT,MARKET,SELL,0.0017225,CLOSE,1740581314.697,0.00265,1300.0,3.445,1
okx_perpetual-ts-9-02-2025.sqlite,okx_perpetual||NOT-USDT||AIXBT-USDT||2025||isoweek9_02,1,NOT-USDT,LIMIT,BUY,0.00068328,OPEN,1740575517.84,0.002628,1300.0,3.4164,1
okx_perpetual-ts-9-02-2025.sqlite,okx_perpetual||NOT-USDT||AIXBT-USDT||2025||isoweek9_02,1,NOT-USDT,MARKET,SELL,0.00172315,CLOSE,1740581318.238,0.002651,1300.0,3.4463,1
okx_perpetual-ts-9-02-2025.sqlite,okx_perpetual||NOT-USDT||AIXBT-USDT||2025||isoweek9_02,1,NOT-USDT,LIMIT,BUY,0.00068432,OPEN,1740575508.538,0.002632,1300.0,3.4216,1
okx_perpetual-ts-9-02-2025.sqlite,okx_perpetual||NOT-USDT||AIXBT-USDT||2025||isoweek9_02,1,NOT-USDT,MARKET,SELL,0.0017251,CLOSE,1740581335.777,0.002654,1300.0,3.4502,1
okx_perpetual-ts-9-02-2025.sqlite,okx_perpetual||NOT-USDT||AIXBT-USDT||2025||isoweek9_02,1,NOT-USDT,LIMIT,BUY,0.0017121,OPEN,1740575273.177,0.002634,1300.0,3.4242,1
okx_perpetual-ts-9-02-2025.sqlite,okx_perpetual||NOT-USDT||AIXBT-USDT||2025||isoweek9_02,1,NOT-USDT,MARKET,SELL,0.0017277,CLOSE,1740581340.652,0.002658,1300.0,3.4554,1
okx_perpetual-ts-9-02-2025.sqlite,okx_perpetual||NOT-USDT||AIXBT-USDT||2025||isoweek9_02,1,NOT-USDT,LIMIT,BUY,0.00068484,OPEN,1740575291.75,0.002634,1300.0,3.4242,1
okx_perpetual-ts-9-02-2025.sqlite,okx_perpetual||NOT-USDT||AIXBT-USDT||2025||isoweek9_02,1,NOT-USDT,MARKET,SELL,0.00172835,CLOSE,1740581344.199,0.002659,1300.0,3.4567,1
okx_perpetual-ts-9-02-2025.sqlite,okx_perpetual||NOT-USDT||AIXBT-USDT||2025||isoweek9_02,1,NOT-USDT,LIMIT,BUY,0.00063312,OPEN,1740575409.57,0.002638,1200.0,3.1656,1
okx_perpetual-ts-9-02-2025.sqlite,okx_perpetual||NOT-USDT||AIXBT-USDT||2025||isoweek9_02,1,NOT-USDT,MARKET,SELL,0.0015972,CLOSE,1740581350.725,0.002662,1200.0,3.1944,1
okx_perpetual-ts-9-02-2025.sqlite,okx_perpetual||NOT-USDT||AIXBT-USDT||2025||isoweek9_02,1,NOT-USDT,LIMIT,BUY,0.00063288,OPEN,1740575398.362,0.002637,1200.0,3.1644,1
okx_perpetual-ts-9-02-2025.sqlite,okx_perpetual||NOT-USDT||AIXBT-USDT||2025||isoweek9_02,1,NOT-USDT,MARKET,SELL,0.0015978,CLOSE,1740582012.708,0.002663,1200.0,3.1956,1
okx_perpetual-ts-9-02-2025.sqlite,okx_perpetual||NOT-USDT||AIXBT-USDT||2025||isoweek9_02,1,NOT-USDT,LIMIT,BUY,0.00063264,OPEN,1740575434.269,0.002636,1200.0,3.1632,1
okx_perpetual-ts-9-02-2025.sqlite,okx_perpetual||NOT-USDT||AIXBT-USDT||2025||isoweek9_02,1,NOT-USDT,MARKET,SELL,0.0016002,CLOSE,1740582028.95,0.002667,1200.0,3.2004,1
okx_perpetual-ts-9-02-2025.sqlite,okx_perpetual||NOT-USDT||AIXBT-USDT||2025||isoweek9_02,1,NOT-USDT,LIMIT,BUY,0.00063336,OPEN,1740575461.255,0.002639,1200.0,3.1668,1
okx_perpetual-ts-9-02-2025.sqlite,okx_perpetual||NOT-USDT||AIXBT-USDT||2025||isoweek9_02,1,NOT-USDT,MARKET,SELL,0.001602,CLOSE,1740582059.243,0.00267,1200.0,3.204,1
okx_perpetual-ts-9-02-2025.sqlite,okx_perpetual||NOT-USDT||AIXBT-USDT||2025||isoweek9_02,1,NOT-USDT,LIMIT,BUY,0.00068484,OPEN,1740575495.039,0.002634,1300.0,3.4242,1
okx_perpetual-ts-9-02-2025.sqlite,okx_perpetual||NOT-USDT||AIXBT-USDT||2025||isoweek9_02,1,NOT-USDT,MARKET,SELL,0.001338,CLOSE,1740582064.601,0.002676,1000.0,2.676,1
okx_perpetual-ts-9-02-2025.sqlite,okx_perpetual||NOT-USDT||AIXBT-USDT||2025||isoweek9_02,1,NOT-USDT,MARKET,SELL,0.0004014,CLOSE,1740582064.601,0.002676,300.0,0.8028,1
okx_perpetual-ts-9-02-2025.sqlite,okx_perpetual||NOT-USDT||AIXBT-USDT||2025||isoweek9_02,1,NOT-USDT,LIMIT,BUY,0.0006324,OPEN,1740575490.209,0.002635,1200.0,3.162,1
okx_perpetual-ts-9-02-2025.sqlite,okx_perpetual||NOT-USDT||AIXBT-USDT||2025||isoweek9_02,1,NOT-USDT,MARKET,SELL,0.0016068,CLOSE,1740582068.021,0.002678,1200.0,3.2136,1
okx_perpetual-ts-9-02-2025.sqlite,okx_perpetual||NOT-USDT||AIXBT-USDT||2025||isoweek9_02,1,NOT-USDT,LIMIT,BUY,0.0006838,OPEN,1740575567.922,0.00263,1300.0,3.419,1
okx_perpetual-ts-9-02-2025.sqlite,okx_perpetual||NOT-USDT||AIXBT-USDT||2025||isoweek9_02,1,NOT-USDT,MARKET,SELL,0.00174265,CLOSE,1740582069.024,0.002681,1300.0,3.4853,1
okx_perpetual-ts-9-02-2025.sqlite,okx_perpetual||NOT-USDT||AIXBT-USDT||2025||isoweek9_02,1,NOT-USDT,LIMIT,BUY,0.00068354,OPEN,1740575581.174,0.002629,1300.0,3.4177,1
okx_perpetual-ts-9-02-2025.sqlite,okx_perpetual||NOT-USDT||AIXBT-USDT||2025||isoweek9_02,1,NOT-USDT,MARKET,SELL,0.00040275,CLOSE,1740582070.763,0.002685,300.0,0.8055,1
okx_perpetual-ts-9-02-2025.sqlite,okx_perpetual||NOT-USDT||AIXBT-USDT||2025||isoweek9_02,1,NOT-USDT,MARKET,SELL,0.000537,CLOSE,1740582070.763,0.002685,400.0,1.074,1
okx_perpetual-ts-9-02-2025.sqlite,okx_perpetual||NOT-USDT||AIXBT-USDT||2025||isoweek9_02,1,NOT-USDT,MARKET,SELL,0.00040275,CLOSE,1740582070.763,0.002685,300.0,0.8055,1
okx_perpetual-ts-9-02-2025.sqlite,okx_perpetual||NOT-USDT||AIXBT-USDT||2025||isoweek9_02,1,NOT-USDT,MARKET,SELL,0.00040275,CLOSE,1740582070.763,0.002685,300.0,0.8055,1
okx_perpetual-ts-9-02-2025.sqlite,okx_perpetual||NOT-USDT||AIXBT-USDT||2025||isoweek9_02,1,NOT-USDT,LIMIT,BUY,0.00068484,OPEN,1740575674.079,0.002634,1300.0,3.4242,1
okx_perpetual-ts-9-02-2025.sqlite,okx_perpetual||NOT-USDT||AIXBT-USDT||2025||isoweek9_02,1,NOT-USDT,MARKET,SELL,0.00174525,CLOSE,1740582074.427,0.002685,1300.0,3.4905,1
okx_perpetual-ts-9-02-2025.sqlite,okx_perpetual||NOT-USDT||AIXBT-USDT||2025||isoweek9_02,1,NOT-USDT,LIMIT,BUY,0.0006324,OPEN,1740575473.515,0.002635,1200.0,3.162,1
okx_perpetual-ts-9-02-2025.sqlite,okx_perpetual||NOT-USDT||AIXBT-USDT||2025||isoweek9_02,1,NOT-USDT,MARKET,SELL,0.0016044,CLOSE,1740582088.833,0.002674,1200.0,3.2088,1
okx_perpetual-ts-9-02-2025.sqlite,okx_perpetual||NOT-USDT||AIXBT-USDT||2025||isoweek9_02,1,NOT-USDT,LIMIT,BUY,0.0006838,OPEN,1740575684.074,0.00263,1300.0,3.419,1
okx_perpetual-ts-9-02-2025.sqlite,okx_perpetual||NOT-USDT||AIXBT-USDT||2025||isoweek9_02,1,NOT-USDT,MARKET,SELL,0.0017472,CLOSE,1740582248.428,0.002688,1300.0,3.4944,1
okx_perpetual-ts-9-02-2025.sqlite,okx_perpetual||NOT-USDT||AIXBT-USDT||2025||isoweek9_02,1,NOT-USDT,LIMIT,BUY,0.0002631,OPEN,1740575713.205,0.002631,500.0,1.3155,1
okx_perpetual-ts-9-02-2025.sqlite,okx_perpetual||NOT-USDT||AIXBT-USDT||2025||isoweek9_02,1,NOT-USDT,LIMIT,BUY,0.00042096,OPEN,1740575713.278,0.002631,800.0,2.1048,1
okx_perpetual-ts-9-02-2025.sqlite,okx_perpetual||NOT-USDT||AIXBT-USDT||2025||isoweek9_02,1,NOT-USDT,MARKET,SELL,0.00174915,CLOSE,1740582378.017,0.002691,1300.0,3.4983,1
okx_perpetual-ts-9-02-2025.sqlite,okx_perpetual||NOT-USDT||AIXBT-USDT||2025||isoweek9_02,1,NOT-USDT,LIMIT,BUY,0.00068328,OPEN,1740575731.689,0.002628,1300.0,3.4164,1
okx_perpetual-ts-9-02-2025.sqlite,okx_perpetual||NOT-USDT||AIXBT-USDT||2025||isoweek9_02,1,NOT-USDT,MARKET,SELL,0.0017524,CLOSE,1740582404.432,0.002696,1300.0,3.5048,1
okx_perpetual-ts-9-02-2025.sqlite,okx_perpetual||NOT-USDT||AIXBT-USDT||2025||isoweek9_02,1,NOT-USDT,LIMIT,BUY,0.0006838,OPEN,1740575707.925,0.00263,1300.0,3.419,1
okx_perpetual-ts-9-02-2025.sqlite,okx_perpetual||NOT-USDT||AIXBT-USDT||2025||isoweek9_02,1,NOT-USDT,MARKET,SELL,0.0017511,CLOSE,1740582410.83,0.002694,1300.0,3.5022,1
okx_perpetual-ts-9-02-2025.sqlite,okx_perpetual||NOT-USDT||AIXBT-USDT||2025||isoweek9_02,1,NOT-USDT,LIMIT,BUY,0.0006825,OPEN,1740575750.962,0.002625,1300.0,3.4125,1
okx_perpetual-ts-9-02-2025.sqlite,okx_perpetual||NOT-USDT||AIXBT-USDT||2025||isoweek9_02,1,NOT-USDT,MARKET,SELL,0.00175435,CLOSE,1740582474.321,0.002699,1300.0,3.5087,1
okx_perpetual-ts-9-02-2025.sqlite,okx_perpetual||NOT-USDT||AIXBT-USDT||2025||isoweek9_02,1,NOT-USDT,LIMIT,BUY,0.0006825,OPEN,1740575767.284,0.002625,1300.0,3.4125,1
okx_perpetual-ts-9-02-2025.sqlite,okx_perpetual||NOT-USDT||AIXBT-USDT||2025||isoweek9_02,1,NOT-USDT,MARKET,SELL,0.0017563,CLOSE,1740582493.488,0.002702,1300.0,3.5126,1
okx_perpetual-ts-9-02-2025.sqlite,okx_perpetual||NOT-USDT||AIXBT-USDT||2025||isoweek9_02,1,NOT-USDT,LIMIT,BUY,0.00068224,OPEN,1740575856.806,0.002624,1300.0,3.4112,1
okx_perpetual-ts-9-02-2025.sqlite,okx_perpetual||NOT-USDT||AIXBT-USDT||2025||isoweek9_02,1,NOT-USDT,MARKET,SELL,0.0017576,CLOSE,1740582498.859,0.002704,1300.0,3.5152,1
okx_perpetual-ts-9-02-2025.sqlite,okx_perpetual||NOT-USDT||AIXBT-USDT||2025||isoweek9_02,1,NOT-USDT,LIMIT,BUY,0.00067886,OPEN,1740575967.206,0.002611,1300.0,3.3943,1
okx_perpetual-ts-9-02-2025.sqlite,okx_perpetual||NOT-USDT||AIXBT-USDT||2025||isoweek9_02,1,NOT-USDT,MARKET,SELL,0.00175955,CLOSE,1740582636.373,0.002707,1300.0,3.5191,1
okx_perpetual-ts-9-02-2025.sqlite,okx_perpetual||NOT-USDT||AIXBT-USDT||2025||isoweek9_02,1,NOT-USDT,LIMIT,BUY,0.00068172,OPEN,1740575872.842,0.002622,1300.0,3.4086,1
okx_perpetual-ts-9-02-2025.sqlite,okx_perpetual||NOT-USDT||AIXBT-USDT||2025||isoweek9_02,1,NOT-USDT,MARKET,SELL,0.00176085,CLOSE,1740582639.563,0.002709,1300.0,3.5217,1
okx_perpetual-ts-9-02-2025.sqlite,okx_perpetual||NOT-USDT||AIXBT-USDT||2025||isoweek9_02,1,NOT-USDT,LIMIT,BUY,0.0006799,OPEN,1740576011.518,0.002615,1300.0,3.3995,1
okx_perpetual-ts-9-02-2025.sqlite,okx_perpetual||NOT-USDT||AIXBT-USDT||2025||isoweek9_02,1,NOT-USDT,MARKET,SELL,0.0017628,CLOSE,1740582673.808,0.002712,1300.0,3.5256,1
okx_perpetual-ts-9-02-2025.sqlite,okx_perpetual||NOT-USDT||AIXBT-USDT||2025||isoweek9_02,1,NOT-USDT,LIMIT,BUY,0.00067938,OPEN,1740576030.83,0.002613,1300.0,3.3969,1
okx_perpetual-ts-9-02-2025.sqlite,okx_perpetual||NOT-USDT||AIXBT-USDT||2025||isoweek9_02,1,NOT-USDT,MARKET,SELL,0.0017654,CLOSE,1740582722.882,0.002716,1300.0,3.5308,1
okx_perpetual-ts-9-02-2025.sqlite,okx_perpetual||NOT-USDT||AIXBT-USDT||2025||isoweek9_02,1,NOT-USDT,LIMIT,BUY,0.0006799,OPEN,1740576088.372,0.002615,1300.0,3.3995,1
okx_perpetual-ts-9-02-2025.sqlite,okx_perpetual||NOT-USDT||AIXBT-USDT||2025||isoweek9_02,1,NOT-USDT,MARKET,SELL,0.00176605,CLOSE,1740582724.972,0.002717,1300.0,3.5321,1
okx_perpetual-ts-9-02-2025.sqlite,okx_perpetual||NOT-USDT||AIXBT-USDT||2025||isoweek9_02,1,NOT-USDT,LIMIT,BUY,0.00067938,OPEN,1740576089.568,0.002613,1300.0,3.3969,1
okx_perpetual-ts-9-02-2025.sqlite,okx_perpetual||NOT-USDT||AIXBT-USDT||2025||isoweek9_02,1,NOT-USDT,MARKET,SELL,0.001768,CLOSE,1740582731.612,0.00272,1300.0,3.536,1
okx_perpetual-ts-9-02-2025.sqlite,okx_perpetual||NOT-USDT||AIXBT-USDT||2025||isoweek9_02,1,NOT-USDT,LIMIT,BUY,0.00047034,OPEN,1740576096.533,0.002613,900.0,2.3517,1
okx_perpetual-ts-9-02-2025.sqlite,okx_perpetual||NOT-USDT||AIXBT-USDT||2025||isoweek9_02,1,NOT-USDT,LIMIT,BUY,0.00020904,OPEN,1740576096.535,0.002613,400.0,1.0452,1
okx_perpetual-ts-9-02-2025.sqlite,okx_perpetual||NOT-USDT||AIXBT-USDT||2025||isoweek9_02,1,NOT-USDT,MARKET,SELL,0.00176995,CLOSE,1740582734.853,0.002723,1300.0,3.5399,1
okx_perpetual-ts-9-02-2025.sqlite,okx_perpetual||NOT-USDT||AIXBT-USDT||2025||isoweek9_02,1,NOT-USDT,LIMIT,BUY,0.00067886,OPEN,1740576101.345,0.002611,1300.0,3.3943,1
okx_perpetual-ts-9-02-2025.sqlite,okx_perpetual||NOT-USDT||AIXBT-USDT||2025||isoweek9_02,1,NOT-USDT,MARKET,SELL,0.00177125,CLOSE,1740582756.889,0.002725,1300.0,3.5425,1
okx_perpetual-ts-9-02-2025.sqlite,okx_perpetual||NOT-USDT||AIXBT-USDT||2025||isoweek9_02,1,NOT-USDT,LIMIT,BUY,0.00067782,OPEN,1740576117.338,0.002607,1300.0,3.3891,1
okx_perpetual-ts-9-02-2025.sqlite,okx_perpetual||NOT-USDT||AIXBT-USDT||2025||isoweek9_02,1,NOT-USDT,MARKET,SELL,0.00177385,CLOSE,1740582783.269,0.002729,1300.0,3.5477,1
okx_perpetual-ts-9-02-2025.sqlite,okx_perpetual||NOT-USDT||AIXBT-USDT||2025||isoweek9_02,1,NOT-USDT,LIMIT,BUY,0.00067886,OPEN,1740575961.554,0.002611,1300.0,3.3943,1
okx_perpetual-ts-9-02-2025.sqlite,okx_perpetual||NOT-USDT||AIXBT-USDT||2025||isoweek9_02,1,NOT-USDT,LIMIT,BUY,0.00067886,OPEN,1740576156.744,0.002611,1300.0,3.3943,1
okx_perpetual-ts-9-02-2025.sqlite,okx_perpetual||NOT-USDT||AIXBT-USDT||2025||isoweek9_02,1,NOT-USDT,LIMIT,BUY,0.00067912,OPEN,1740576156.152,0.002612,1300.0,3.3956,1
okx_perpetual-ts-9-02-2025.sqlite,okx_perpetual||NOT-USDT||AIXBT-USDT||2025||isoweek9_02,1,NOT-USDT,LIMIT,BUY,0.00068016,OPEN,1740576288.587,0.002616,1300.0,3.4008,1
okx_perpetual-ts-9-02-2025.sqlite,okx_perpetual||NOT-USDT||AIXBT-USDT||2025||isoweek9_02,1,NOT-USDT,LIMIT,BUY,0.00067938,OPEN,1740576308.721,0.002613,1300.0,3.3969,1
okx_perpetual-ts-9-02-2025.sqlite,okx_perpetual||NOT-USDT||AIXBT-USDT||2025||isoweek9_02,1,NOT-USDT,LIMIT,BUY,0.00067912,OPEN,1740576324.364,0.002612,1300.0,3.3956,1
okx_perpetual-ts-9-02-2025.sqlite,okx_perpetual||NOT-USDT||AIXBT-USDT||2025||isoweek9_02,1,NOT-USDT,LIMIT,BUY,0.0006786,OPEN,1740576335.724,0.00261,1300.0,3.393,1
okx_perpetual-ts-9-02-2025.sqlite,okx_perpetual||NOT-USDT||AIXBT-USDT||2025||isoweek9_02,1,NOT-USDT,LIMIT,BUY,0.00067834,OPEN,1740576336.861,0.002609,1300.0,3.3917,1
okx_perpetual-ts-9-02-2025.sqlite,okx_perpetual||NOT-USDT||AIXBT-USDT||2025||isoweek9_02,1,NOT-USDT,LIMIT,BUY,0.00067834,OPEN,1740576348.788,0.002609,1300.0,3.3917,1
okx_perpetual-ts-9-02-2025.sqlite,okx_perpetual||NOT-USDT||AIXBT-USDT||2025||isoweek9_02,1,NOT-USDT,LIMIT,BUY,0.00067678,OPEN,1740576393.722,0.002603,1300.0,3.3839,1
okx_perpetual-ts-9-02-2025.sqlite,okx_perpetual||NOT-USDT||AIXBT-USDT||2025||isoweek9_02,1,NOT-USDT,LIMIT,BUY,0.00067704,OPEN,1740576492.827,0.002604,1300.0,3.3852,1
okx_perpetual-ts-9-02-2025.sqlite,okx_perpetual||NOT-USDT||AIXBT-USDT||2025||isoweek9_02,1,NOT-USDT,LIMIT,BUY,0.0006773,OPEN,1740576660.794,0.002605,1300.0,3.3865,1
okx_perpetual-ts-9-02-2025.sqlite,okx_perpetual||NOT-USDT||AIXBT-USDT||2025||isoweek9_02,1,NOT-USDT,LIMIT,BUY,0.00067704,OPEN,1740576662.374,0.002604,1300.0,3.3852,1
okx_perpetual-ts-9-02-2025.sqlite,okx_perpetual||NOT-USDT||AIXBT-USDT||2025||isoweek9_02,1,NOT-USDT,LIMIT,BUY,0.00067912,OPEN,1740576686.842,0.002612,1300.0,3.3956,1
okx_perpetual-ts-9-02-2025.sqlite,okx_perpetual||NOT-USDT||AIXBT-USDT||2025||isoweek9_02,1,NOT-USDT,LIMIT,BUY,0.0006799,OPEN,1740576720.22,0.002615,1300.0,3.3995,1
okx_perpetual-ts-9-02-2025.sqlite,okx_perpetual||NOT-USDT||AIXBT-USDT||2025||isoweek9_02,1,NOT-USDT,LIMIT,BUY,0.00067912,OPEN,1740576741.968,0.002612,1300.0,3.3956,1
okx_perpetual-ts-9-02-2025.sqlite,okx_perpetual||NOT-USDT||AIXBT-USDT||2025||isoweek9_02,1,NOT-USDT,LIMIT,BUY,0.00067886,OPEN,1740576767.849,0.002611,1300.0,3.3943,1
okx_perpetual-ts-9-02-2025.sqlite,okx_perpetual||NOT-USDT||AIXBT-USDT||2025||isoweek9_02,1,NOT-USDT,LIMIT,BUY,0.0006786,OPEN,1740576777.639,0.00261,1300.0,3.393,1
okx_perpetual-ts-9-02-2025.sqlite,okx_perpetual||NOT-USDT||AIXBT-USDT||2025||isoweek9_02,1,NOT-USDT,LIMIT,BUY,0.00067964,OPEN,1740576815.886,0.002614,1300.0,3.3982,1
okx_perpetual-ts-9-02-2025.sqlite,okx_perpetual||NOT-USDT||AIXBT-USDT||2025||isoweek9_02,1,NOT-USDT,LIMIT,BUY,0.00067912,OPEN,1740576868.158,0.002612,1300.0,3.3956,1
okx_perpetual-ts-9-02-2025.sqlite,okx_perpetual||NOT-USDT||AIXBT-USDT||2025||isoweek9_02,1,NOT-USDT,LIMIT,BUY,0.0006786,OPEN,1740576899.972,0.00261,1300.0,3.393,1
okx_perpetual-ts-9-02-2025.sqlite,okx_perpetual||NOT-USDT||AIXBT-USDT||2025||isoweek9_02,1,NOT-USDT,LIMIT,BUY,0.00067808,OPEN,1740576914.006,0.002608,1300.0,3.3904,1
okx_perpetual-ts-9-02-2025.sqlite,okx_perpetual||NOT-USDT||AIXBT-USDT||2025||isoweek9_02,1,NOT-USDT,LIMIT,BUY,0.00067808,OPEN,1740576921.568,0.002608,1300.0,3.3904,1
okx_perpetual-ts-9-02-2025.sqlite,okx_perpetual||NOT-USDT||AIXBT-USDT||2025||isoweek9_02,1,NOT-USDT,LIMIT,BUY,0.00067756,OPEN,1740576981.694,0.002606,1300.0,3.3878,1
okx_perpetual-ts-9-02-2025.sqlite,okx_perpetual||NOT-USDT||AIXBT-USDT||2025||isoweek9_02,1,NOT-USDT,LIMIT,BUY,0.0006773,OPEN,1740577060.807,0.002605,1300.0,3.3865,1
okx_perpetual-ts-9-02-2025.sqlite,okx_perpetual||NOT-USDT||AIXBT-USDT||2025||isoweek9_02,1,NOT-USDT,LIMIT,BUY,0.00169325,OPEN,1740577060.809,0.002605,1300.0,3.3865,1
okx_perpetual-ts-9-02-2025.sqlite,okx_perpetual||NOT-USDT||AIXBT-USDT||2025||isoweek9_02,1,NOT-USDT,LIMIT,BUY,0.00067678,OPEN,1740577237.262,0.002603,1300.0,3.3839,1
okx_perpetual-ts-9-02-2025.sqlite,okx_perpetual||NOT-USDT||AIXBT-USDT||2025||isoweek9_02,1,NOT-USDT,LIMIT,BUY,0.00067652,OPEN,1740577242.254,0.002602,1300.0,3.3826,1
okx_perpetual-ts-9-02-2025.sqlite,okx_perpetual||NOT-USDT||AIXBT-USDT||2025||isoweek9_02,1,NOT-USDT,LIMIT,BUY,0.00067678,OPEN,1740577265.69,0.002603,1300.0,3.3839,1
okx_perpetual-ts-9-02-2025.sqlite,okx_perpetual||NOT-USDT||AIXBT-USDT||2025||isoweek9_02,1,NOT-USDT,LIMIT,BUY,0.00067574,OPEN,1740577282.467,0.002599,1300.0,3.3787,1
okx_perpetual-ts-9-02-2025.sqlite,okx_perpetual||NOT-USDT||AIXBT-USDT||2025||isoweek9_02,1,NOT-USDT,LIMIT,BUY,0.00067678,OPEN,1740577357.155,0.002603,1300.0,3.3839,1
okx_perpetual-ts-9-02-2025.sqlite,okx_perpetual||NOT-USDT||AIXBT-USDT||2025||isoweek9_02,1,NOT-USDT,LIMIT,BUY,0.00067782,OPEN,1740577423.634,0.002607,1300.0,3.3891,1
okx_perpetual-ts-9-02-2025.sqlite,okx_perpetual||NOT-USDT||AIXBT-USDT||2025||isoweek9_02,1,NOT-USDT,LIMIT,BUY,0.0006799,OPEN,1740577515.885,0.002615,1300.0,3.3995,1
okx_perpetual-ts-9-02-2025.sqlite,okx_perpetual||NOT-USDT||AIXBT-USDT||2025||isoweek9_02,1,NOT-USDT,LIMIT,BUY,0.00068016,OPEN,1740577571.839,0.002616,1300.0,3.4008,1
okx_perpetual-ts-9-02-2025.sqlite,okx_perpetual||NOT-USDT||AIXBT-USDT||2025||isoweek9_02,1,NOT-USDT,LIMIT,BUY,0.00041888,OPEN,1740577601.419,0.002618,800.0,2.0944,1
okx_perpetual-ts-9-02-2025.sqlite,okx_perpetual||NOT-USDT||AIXBT-USDT||2025||isoweek9_02,1,NOT-USDT,LIMIT,BUY,0.0002618,OPEN,1740577602.128,0.002618,500.0,1.309,1
okx_perpetual-ts-9-02-2025.sqlite,okx_perpetual||NOT-USDT||AIXBT-USDT||2025||isoweek9_02,1,NOT-USDT,LIMIT,BUY,0.00068016,OPEN,1740577606.504,0.002616,1300.0,3.4008,1
okx_perpetual-ts-9-02-2025.sqlite,okx_perpetual||NOT-USDT||AIXBT-USDT||2025||isoweek9_02,1,NOT-USDT,LIMIT,BUY,0.00067964,OPEN,1740577622.163,0.002614,1300.0,3.3982,1
okx_perpetual-ts-9-02-2025.sqlite,okx_perpetual||NOT-USDT||AIXBT-USDT||2025||isoweek9_02,1,NOT-USDT,LIMIT,BUY,0.00067886,OPEN,1740577639.072,0.002611,1300.0,3.3943,1
okx_perpetual-ts-9-02-2025.sqlite,okx_perpetual||NOT-USDT||AIXBT-USDT||2025||isoweek9_02,1,NOT-USDT,LIMIT,BUY,0.00067834,OPEN,1740577646.494,0.002609,1300.0,3.3917,1
okx_perpetual-ts-9-02-2025.sqlite,okx_perpetual||NOT-USDT||AIXBT-USDT||2025||isoweek9_02,1,NOT-USDT,LIMIT,BUY,0.00067782,OPEN,1740577677.084,0.002607,1300.0,3.3891,1
okx_perpetual-ts-9-02-2025.sqlite,okx_perpetual||NOT-USDT||AIXBT-USDT||2025||isoweek9_02,1,NOT-USDT,LIMIT,BUY,0.0006773,OPEN,1740577682.143,0.002605,1300.0,3.3865,1
okx_perpetual-ts-9-02-2025.sqlite,okx_perpetual||NOT-USDT||AIXBT-USDT||2025||isoweek9_02,1,NOT-USDT,LIMIT,BUY,0.00067782,OPEN,1740577716.004,0.002607,1300.0,3.3891,1
okx_perpetual-ts-9-02-2025.sqlite,okx_perpetual||NOT-USDT||AIXBT-USDT||2025||isoweek9_02,1,NOT-USDT,LIMIT,BUY,0.00067834,OPEN,1740577855.084,0.002609,1300.0,3.3917,1
okx_perpetual-ts-9-02-2025.sqlite,okx_perpetual||NOT-USDT||AIXBT-USDT||2025||isoweek9_02,1,NOT-USDT,LIMIT,BUY,0.00067964,OPEN,1740577919.713,0.002614,1300.0,3.3982,1
okx_perpetual-ts-9-02-2025.sqlite,okx_perpetual||NOT-USDT||AIXBT-USDT||2025||isoweek9_02,1,NOT-USDT,LIMIT,BUY,0.00067886,OPEN,1740577927.076,0.002611,1300.0,3.3943,1
okx_perpetual-ts-9-02-2025.sqlite,okx_perpetual||NOT-USDT||AIXBT-USDT||2025||isoweek9_02,1,NOT-USDT,LIMIT,BUY,0.00067912,OPEN,1740577965.065,0.002612,1300.0,3.3956,1
okx_perpetual-ts-9-02-2025.sqlite,okx_perpetual||NOT-USDT||AIXBT-USDT||2025||isoweek9_02,1,NOT-USDT,LIMIT,BUY,0.00067886,OPEN,1740577977.559,0.002611,1300.0,3.3943,1
okx_perpetual-ts-9-02-2025.sqlite,okx_perpetual||NOT-USDT||AIXBT-USDT||2025||isoweek9_02,1,NOT-USDT,LIMIT,BUY,0.0006786,OPEN,1740577981.646,0.00261,1300.0,3.393,1
okx_perpetual-ts-9-02-2025.sqlite,okx_perpetual||NOT-USDT||AIXBT-USDT||2025||isoweek9_02,1,NOT-USDT,LIMIT,BUY,0.00067834,OPEN,1740577983.152,0.002609,1300.0,3.3917,1
okx_perpetual-ts-9-02-2025.sqlite,okx_perpetual||NOT-USDT||AIXBT-USDT||2025||isoweek9_02,1,NOT-USDT,LIMIT,BUY,0.00067808,OPEN,1740578000.057,0.002608,1300.0,3.3904,1
okx_perpetual-ts-9-02-2025.sqlite,okx_perpetual||NOT-USDT||AIXBT-USDT||2025||isoweek9_02,1,NOT-USDT,LIMIT,BUY,0.00067912,OPEN,1740578082.587,0.002612,1300.0,3.3956,1
okx_perpetual-ts-9-02-2025.sqlite,okx_perpetual||NOT-USDT||AIXBT-USDT||2025||isoweek9_02,1,NOT-USDT,LIMIT,BUY,0.00067886,OPEN,1740578090.579,0.002611,1300.0,3.3943,1
okx_perpetual-ts-9-02-2025.sqlite,okx_perpetual||NOT-USDT||AIXBT-USDT||2025||isoweek9_02,1,NOT-USDT,LIMIT,BUY,0.00067886,OPEN,1740578120.326,0.002611,1300.0,3.3943,1
okx_perpetual-ts-9-02-2025.sqlite,okx_perpetual||NOT-USDT||AIXBT-USDT||2025||isoweek9_02,1,NOT-USDT,LIMIT,BUY,0.00067834,OPEN,1740578145.545,0.002609,1300.0,3.3917,1
okx_perpetual-ts-9-02-2025.sqlite,okx_perpetual||NOT-USDT||AIXBT-USDT||2025||isoweek9_02,1,NOT-USDT,LIMIT,BUY,0.00067808,OPEN,1740578148.037,0.002608,1300.0,3.3904,1
okx_perpetual-ts-9-02-2025.sqlite,okx_perpetual||NOT-USDT||AIXBT-USDT||2025||isoweek9_02,1,NOT-USDT,LIMIT,BUY,0.00067808,OPEN,1740578158.157,0.002608,1300.0,3.3904,1
okx_perpetual-ts-9-02-2025.sqlite,okx_perpetual||NOT-USDT||AIXBT-USDT||2025||isoweek9_02,1,NOT-USDT,LIMIT,BUY,0.00015642,OPEN,1740578163.506,0.002607,300.0,0.7821,1
okx_perpetual-ts-9-02-2025.sqlite,okx_perpetual||NOT-USDT||AIXBT-USDT||2025||isoweek9_02,1,NOT-USDT,LIMIT,BUY,0.0005214,OPEN,1740578163.862,0.002607,1000.0,2.607,1
okx_perpetual-ts-9-02-2025.sqlite,okx_perpetual||NOT-USDT||AIXBT-USDT||2025||isoweek9_02,1,NOT-USDT,LIMIT,BUY,0.00067678,OPEN,1740578180.312,0.002603,1300.0,3.3839,1
okx_perpetual-ts-9-02-2025.sqlite,okx_perpetual||NOT-USDT||AIXBT-USDT||2025||isoweek9_02,1,NOT-USDT,LIMIT,BUY,0.0006773,OPEN,1740578200.724,0.002605,1300.0,3.3865,1
okx_perpetual-ts-9-02-2025.sqlite,okx_perpetual||NOT-USDT||AIXBT-USDT||2025||isoweek9_02,1,NOT-USDT,LIMIT,BUY,0.0006773,OPEN,1740578210.483,0.002605,1300.0,3.3865,1
okx_perpetual-ts-9-02-2025.sqlite,okx_perpetual||NOT-USDT||AIXBT-USDT||2025||isoweek9_02,1,NOT-USDT,MARKET,SELL,0.004887,CLOSE,1740582856.224,0.002715,3600.0,9.774,1
okx_perpetual-ts-9-02-2025.sqlite,okx_perpetual||NOT-USDT||AIXBT-USDT||2025||isoweek9_02,1,NOT-USDT,MARKET,SELL,0.100998,CLOSE,1740582856.225,0.002715,74400.0,201.996,1
okx_perpetual-ts-9-02-2025.sqlite,okx_perpetual||NOT-USDT||AIXBT-USDT||2025||isoweek9_02,2,AIXBT-USDT,LIMIT,SELL,0.0010175,OPEN,1740575482.009,0.2035,10.0,2.035,-1
okx_perpetual-ts-9-02-2025.sqlite,okx_perpetual||NOT-USDT||AIXBT-USDT||2025||isoweek9_02,2,AIXBT-USDT,MARKET,BUY,0.001007,CLOSE,1740575574.175,0.2014,10.0,2.014,-1
okx_perpetual-ts-9-02-2025.sqlite,okx_perpetual||NOT-USDT||AIXBT-USDT||2025||isoweek9_02,2,AIXBT-USDT,LIMIT,SELL,0.0004058,OPEN,1740575469.121,0.2029,10.0,2.029,-1
okx_perpetual-ts-9-02-2025.sqlite,okx_perpetual||NOT-USDT||AIXBT-USDT||2025||isoweek9_02,2,AIXBT-USDT,MARKET,BUY,0.0010065,CLOSE,1740575582.181,0.2013,10.0,2.013,-1
okx_perpetual-ts-9-02-2025.sqlite,okx_perpetual||NOT-USDT||AIXBT-USDT||2025||isoweek9_02,2,AIXBT-USDT,LIMIT,SELL,0.0004052,OPEN,1740575458.104,0.2026,10.0,2.026,-1
okx_perpetual-ts-9-02-2025.sqlite,okx_perpetual||NOT-USDT||AIXBT-USDT||2025||isoweek9_02,2,AIXBT-USDT,MARKET,BUY,0.0010045,CLOSE,1740575601.424,0.2009,10.0,2.009,-1
okx_perpetual-ts-9-02-2025.sqlite,okx_perpetual||NOT-USDT||AIXBT-USDT||2025||isoweek9_02,2,AIXBT-USDT,LIMIT,SELL,0.0004048,OPEN,1740575426.574,0.2024,10.0,2.024,-1
okx_perpetual-ts-9-02-2025.sqlite,okx_perpetual||NOT-USDT||AIXBT-USDT||2025||isoweek9_02,2,AIXBT-USDT,MARKET,BUY,0.0010035,CLOSE,1740575605.422,0.2007,10.0,2.007,-1
okx_perpetual-ts-9-02-2025.sqlite,okx_perpetual||NOT-USDT||AIXBT-USDT||2025||isoweek9_02,2,AIXBT-USDT,LIMIT,SELL,0.0004044,OPEN,1740575408.424,0.2022,10.0,2.022,-1
okx_perpetual-ts-9-02-2025.sqlite,okx_perpetual||NOT-USDT||AIXBT-USDT||2025||isoweek9_02,2,AIXBT-USDT,MARKET,BUY,0.0010025,CLOSE,1740575608.56,0.2005,10.0,2.005,-1
okx_perpetual-ts-9-02-2025.sqlite,okx_perpetual||NOT-USDT||AIXBT-USDT||2025||isoweek9_02,2,AIXBT-USDT,LIMIT,SELL,0.000404,OPEN,1740575399.351,0.202,10.0,2.02,-1
okx_perpetual-ts-9-02-2025.sqlite,okx_perpetual||NOT-USDT||AIXBT-USDT||2025||isoweek9_02,2,AIXBT-USDT,MARKET,BUY,0.0010015,CLOSE,1740575680.132,0.2003,10.0,2.003,-1
okx_perpetual-ts-9-02-2025.sqlite,okx_perpetual||NOT-USDT||AIXBT-USDT||2025||isoweek9_02,2,AIXBT-USDT,LIMIT,SELL,0.0004036,OPEN,1740575389.135,0.2018,10.0,2.018,-1
okx_perpetual-ts-9-02-2025.sqlite,okx_perpetual||NOT-USDT||AIXBT-USDT||2025||isoweek9_02,2,AIXBT-USDT,MARKET,BUY,0.001001,CLOSE,1740575684.996,0.2002,10.0,2.002,-1
okx_perpetual-ts-9-02-2025.sqlite,okx_perpetual||NOT-USDT||AIXBT-USDT||2025||isoweek9_02,2,AIXBT-USDT,LIMIT,SELL,0.000403,OPEN,1740575359.557,0.2015,10.0,2.015,-1
okx_perpetual-ts-9-02-2025.sqlite,okx_perpetual||NOT-USDT||AIXBT-USDT||2025||isoweek9_02,2,AIXBT-USDT,MARKET,BUY,0.001,CLOSE,1740575702.971,0.2,10.0,2.0,-1
okx_perpetual-ts-9-02-2025.sqlite,okx_perpetual||NOT-USDT||AIXBT-USDT||2025||isoweek9_02,2,AIXBT-USDT,LIMIT,SELL,0.0004032,OPEN,1740575363.759,0.2016,10.0,2.016,-1
okx_perpetual-ts-9-02-2025.sqlite,okx_perpetual||NOT-USDT||AIXBT-USDT||2025||isoweek9_02,2,AIXBT-USDT,MARKET,BUY,0.000999,CLOSE,1740575787.145,0.1998,10.0,1.998,-1
okx_perpetual-ts-9-02-2025.sqlite,okx_perpetual||NOT-USDT||AIXBT-USDT||2025||isoweek9_02,2,AIXBT-USDT,LIMIT,SELL,0.0010135,OPEN,1740575452.757,0.2027,10.0,2.027,-1
okx_perpetual-ts-9-02-2025.sqlite,okx_perpetual||NOT-USDT||AIXBT-USDT||2025||isoweek9_02,2,AIXBT-USDT,MARKET,BUY,0.0010055,CLOSE,1740575946.903,0.2011,10.0,2.011,-1
okx_perpetual-ts-9-02-2025.sqlite,okx_perpetual||NOT-USDT||AIXBT-USDT||2025||isoweek9_02,2,AIXBT-USDT,LIMIT,SELL,0.0008044,OPEN,1740575275.598,0.2011,20.0,4.022,-1
okx_perpetual-ts-9-02-2025.sqlite,okx_perpetual||NOT-USDT||AIXBT-USDT||2025||isoweek9_02,2,AIXBT-USDT,MARKET,BUY,0.001995,CLOSE,1740576110.136,0.1995,20.0,3.99,-1
okx_perpetual-ts-9-02-2025.sqlite,okx_perpetual||NOT-USDT||AIXBT-USDT||2025||isoweek9_02,2,AIXBT-USDT,LIMIT,SELL,0.0008044,OPEN,1740575280.449,0.2011,20.0,4.022,-1
okx_perpetual-ts-9-02-2025.sqlite,okx_perpetual||NOT-USDT||AIXBT-USDT||2025||isoweek9_02,2,AIXBT-USDT,MARKET,BUY,0.001993,CLOSE,1740576115.538,0.1993,20.0,3.986,-1
okx_perpetual-ts-9-02-2025.sqlite,okx_perpetual||NOT-USDT||AIXBT-USDT||2025||isoweek9_02,2,AIXBT-USDT,LIMIT,SELL,0.002012,OPEN,1740575285.266,0.2012,20.0,4.024,-1
okx_perpetual-ts-9-02-2025.sqlite,okx_perpetual||NOT-USDT||AIXBT-USDT||2025||isoweek9_02,2,AIXBT-USDT,MARKET,BUY,0.001992,CLOSE,1740576122.153,0.1992,20.0,3.984,-1
okx_perpetual-ts-9-02-2025.sqlite,okx_perpetual||NOT-USDT||AIXBT-USDT||2025||isoweek9_02,2,AIXBT-USDT,LIMIT,SELL,0.0008036,OPEN,1740575294.671,0.2009,20.0,4.018,-1
okx_perpetual-ts-9-02-2025.sqlite,okx_perpetual||NOT-USDT||AIXBT-USDT||2025||isoweek9_02,2,AIXBT-USDT,MARKET,BUY,0.001989,CLOSE,1740576133.596,0.1989,20.0,3.978,-1
okx_perpetual-ts-9-02-2025.sqlite,okx_perpetual||NOT-USDT||AIXBT-USDT||2025||isoweek9_02,2,AIXBT-USDT,LIMIT,SELL,0.0008044,OPEN,1740576280.82,0.2011,20.0,4.022,-1
okx_perpetual-ts-9-02-2025.sqlite,okx_perpetual||NOT-USDT||AIXBT-USDT||2025||isoweek9_02,2,AIXBT-USDT,MARKET,BUY,0.001996,CLOSE,1740576747.099,0.1996,20.0,3.992,-1
okx_perpetual-ts-9-02-2025.sqlite,okx_perpetual||NOT-USDT||AIXBT-USDT||2025||isoweek9_02,2,AIXBT-USDT,LIMIT,SELL,0.0008052,OPEN,1740576453.853,0.2013,20.0,4.026,-1
okx_perpetual-ts-9-02-2025.sqlite,okx_perpetual||NOT-USDT||AIXBT-USDT||2025||isoweek9_02,2,AIXBT-USDT,MARKET,BUY,0.001999,CLOSE,1740576753.893,0.1999,20.0,3.998,-1
okx_perpetual-ts-9-02-2025.sqlite,okx_perpetual||NOT-USDT||AIXBT-USDT||2025||isoweek9_02,2,AIXBT-USDT,LIMIT,SELL,0.000403,OPEN,1740577017.834,0.2015,10.0,2.015,-1
okx_perpetual-ts-9-02-2025.sqlite,okx_perpetual||NOT-USDT||AIXBT-USDT||2025||isoweek9_02,2,AIXBT-USDT,MARKET,BUY,0.0009995,CLOSE,1740577154.802,0.1999,10.0,1.999,-1
okx_perpetual-ts-9-02-2025.sqlite,okx_perpetual||NOT-USDT||AIXBT-USDT||2025||isoweek9_02,2,AIXBT-USDT,LIMIT,SELL,0.0008052,OPEN,1740576960.066,0.2013,20.0,4.026,-1
okx_perpetual-ts-9-02-2025.sqlite,okx_perpetual||NOT-USDT||AIXBT-USDT||2025||isoweek9_02,2,AIXBT-USDT,MARKET,BUY,0.001997,CLOSE,1740577239.848,0.1997,20.0,3.994,-1
okx_perpetual-ts-9-02-2025.sqlite,okx_perpetual||NOT-USDT||AIXBT-USDT||2025||isoweek9_02,2,AIXBT-USDT,LIMIT,SELL,0.0010085,OPEN,1740577806.188,0.2017,10.0,2.017,-1
okx_perpetual-ts-9-02-2025.sqlite,okx_perpetual||NOT-USDT||AIXBT-USDT||2025||isoweek9_02,2,AIXBT-USDT,MARKET,BUY,0.0010005,CLOSE,1740578068.691,0.2001,10.0,2.001,-1
okx_perpetual-ts-9-02-2025.sqlite,okx_perpetual||NOT-USDT||AIXBT-USDT||2025||isoweek9_02,2,AIXBT-USDT,LIMIT,SELL,0.000403,OPEN,1740577536.211,0.2015,10.0,2.015,-1
okx_perpetual-ts-9-02-2025.sqlite,okx_perpetual||NOT-USDT||AIXBT-USDT||2025||isoweek9_02,2,AIXBT-USDT,MARKET,BUY,0.0009995,CLOSE,1740578170.127,0.1999,10.0,1.999,-1
okx_perpetual-ts-9-02-2025.sqlite,okx_perpetual||NOT-USDT||AIXBT-USDT||2025||isoweek9_02,2,AIXBT-USDT,LIMIT,SELL,0.0008052,OPEN,1740577513.059,0.2013,20.0,4.026,-1
okx_perpetual-ts-9-02-2025.sqlite,okx_perpetual||NOT-USDT||AIXBT-USDT||2025||isoweek9_02,2,AIXBT-USDT,MARKET,BUY,0.001997,CLOSE,1740578174.384,0.1997,20.0,3.994,-1
okx_perpetual-ts-9-02-2025.sqlite,okx_perpetual||NOT-USDT||AIXBT-USDT||2025||isoweek9_02,2,AIXBT-USDT,LIMIT,SELL,0.002011,OPEN,1740576812.264,0.2011,20.0,4.022,-1
okx_perpetual-ts-9-02-2025.sqlite,okx_perpetual||NOT-USDT||AIXBT-USDT||2025||isoweek9_02,2,AIXBT-USDT,MARKET,BUY,0.001996,CLOSE,1740578331.555,0.1996,20.0,3.992,-1
okx_perpetual-ts-9-02-2025.sqlite,okx_perpetual||NOT-USDT||AIXBT-USDT||2025||isoweek9_02,2,AIXBT-USDT,LIMIT,SELL,0.000804,OPEN,1740576273.733,0.201,20.0,4.02,-1
okx_perpetual-ts-9-02-2025.sqlite,okx_perpetual||NOT-USDT||AIXBT-USDT||2025||isoweek9_02,2,AIXBT-USDT,MARKET,BUY,0.001993,CLOSE,1740578403.101,0.1993,20.0,3.986,-1
okx_perpetual-ts-9-02-2025.sqlite,okx_perpetual||NOT-USDT||AIXBT-USDT||2025||isoweek9_02,2,AIXBT-USDT,LIMIT,SELL,0.0008028,OPEN,1740576265.865,0.2007,20.0,4.014,-1
okx_perpetual-ts-9-02-2025.sqlite,okx_perpetual||NOT-USDT||AIXBT-USDT||2025||isoweek9_02,2,AIXBT-USDT,MARKET,BUY,0.001989,CLOSE,1740578430.766,0.1989,20.0,3.978,-1
okx_perpetual-ts-9-02-2025.sqlite,okx_perpetual||NOT-USDT||AIXBT-USDT||2025||isoweek9_02,2,AIXBT-USDT,LIMIT,SELL,0.0008032,OPEN,1740575306.669,0.2008,20.0,4.016,-1
okx_perpetual-ts-9-02-2025.sqlite,okx_perpetual||NOT-USDT||AIXBT-USDT||2025||isoweek9_02,2,AIXBT-USDT,MARKET,BUY,0.001987,CLOSE,1740578435.399,0.1987,20.0,3.974,-1
okx_perpetual-ts-9-02-2025.sqlite,okx_perpetual||NOT-USDT||AIXBT-USDT||2025||isoweek9_02,2,AIXBT-USDT,LIMIT,SELL,0.0008032,OPEN,1740575321.138,0.2008,20.0,4.016,-1
okx_perpetual-ts-9-02-2025.sqlite,okx_perpetual||NOT-USDT||AIXBT-USDT||2025||isoweek9_02,2,AIXBT-USDT,MARKET,BUY,0.001985,CLOSE,1740578452.82,0.1985,20.0,3.97,-1
okx_perpetual-ts-9-02-2025.sqlite,okx_perpetual||NOT-USDT||AIXBT-USDT||2025||isoweek9_02,2,AIXBT-USDT,LIMIT,SELL,0.0008032,OPEN,1740575321.138,0.2008,20.0,4.016,-1
okx_perpetual-ts-9-02-2025.sqlite,okx_perpetual||NOT-USDT||AIXBT-USDT||2025||isoweek9_02,2,AIXBT-USDT,MARKET,BUY,0.001983,CLOSE,1740578456.319,0.1983,20.0,3.966,-1
okx_perpetual-ts-9-02-2025.sqlite,okx_perpetual||NOT-USDT||AIXBT-USDT||2025||isoweek9_02,2,AIXBT-USDT,LIMIT,SELL,0.0008032,OPEN,1740575326.251,0.2008,20.0,4.016,-1
okx_perpetual-ts-9-02-2025.sqlite,okx_perpetual||NOT-USDT||AIXBT-USDT||2025||isoweek9_02,2,AIXBT-USDT,MARKET,BUY,0.001981,CLOSE,1740578460.645,0.1981,20.0,3.962,-1
okx_perpetual-ts-9-02-2025.sqlite,okx_perpetual||NOT-USDT||AIXBT-USDT||2025||isoweek9_02,2,AIXBT-USDT,LIMIT,SELL,0.0008028,OPEN,1740575334.353,0.2007,20.0,4.014,-1
okx_perpetual-ts-9-02-2025.sqlite,okx_perpetual||NOT-USDT||AIXBT-USDT||2025||isoweek9_02,2,AIXBT-USDT,MARKET,BUY,0.001979,CLOSE,1740578466.473,0.1979,20.0,3.958,-1
okx_perpetual-ts-9-02-2025.sqlite,okx_perpetual||NOT-USDT||AIXBT-USDT||2025||isoweek9_02,2,AIXBT-USDT,LIMIT,SELL,0.0008048,OPEN,1740575354.283,0.2012,20.0,4.024,-1
okx_perpetual-ts-9-02-2025.sqlite,okx_perpetual||NOT-USDT||AIXBT-USDT||2025||isoweek9_02,2,AIXBT-USDT,MARKET,BUY,0.001976,CLOSE,1740578468.857,0.1976,20.0,3.952,-1
okx_perpetual-ts-9-02-2025.sqlite,okx_perpetual||NOT-USDT||AIXBT-USDT||2025||isoweek9_02,2,AIXBT-USDT,LIMIT,SELL,0.0008028,OPEN,1740575346.424,0.2007,20.0,4.014,-1
okx_perpetual-ts-9-02-2025.sqlite,okx_perpetual||NOT-USDT||AIXBT-USDT||2025||isoweek9_02,2,AIXBT-USDT,MARKET,BUY,0.001975,CLOSE,1740578469.861,0.1975,20.0,3.95,-1
okx_perpetual-ts-9-02-2025.sqlite,okx_perpetual||NOT-USDT||AIXBT-USDT||2025||isoweek9_02,2,AIXBT-USDT,LIMIT,SELL,0.001008,OPEN,1740575368.163,0.2016,10.0,2.016,-1
okx_perpetual-ts-9-02-2025.sqlite,okx_perpetual||NOT-USDT||AIXBT-USDT||2025||isoweek9_02,2,AIXBT-USDT,MARKET,BUY,0.0009855,CLOSE,1740578514.591,0.1971,10.0,1.971,-1
okx_perpetual-ts-9-02-2025.sqlite,okx_perpetual||NOT-USDT||AIXBT-USDT||2025||isoweek9_02,2,AIXBT-USDT,LIMIT,SELL,0.0004032,OPEN,1740575375.274,0.2016,10.0,2.016,-1
okx_perpetual-ts-9-02-2025.sqlite,okx_perpetual||NOT-USDT||AIXBT-USDT||2025||isoweek9_02,2,AIXBT-USDT,MARKET,BUY,0.0009855,CLOSE,1740578527.777,0.1971,10.0,1.971,-1
okx_perpetual-ts-9-02-2025.sqlite,okx_perpetual||NOT-USDT||AIXBT-USDT||2025||isoweek9_02,2,AIXBT-USDT,LIMIT,SELL,0.0004032,OPEN,1740575380.308,0.2016,10.0,2.016,-1
okx_perpetual-ts-9-02-2025.sqlite,okx_perpetual||NOT-USDT||AIXBT-USDT||2025||isoweek9_02,2,AIXBT-USDT,MARKET,BUY,0.000984,CLOSE,1740578569.323,0.1968,10.0,1.968,-1
okx_perpetual-ts-9-02-2025.sqlite,okx_perpetual||NOT-USDT||AIXBT-USDT||2025||isoweek9_02,2,AIXBT-USDT,LIMIT,SELL,0.0004032,OPEN,1740575384.477,0.2016,10.0,2.016,-1
okx_perpetual-ts-9-02-2025.sqlite,okx_perpetual||NOT-USDT||AIXBT-USDT||2025||isoweek9_02,2,AIXBT-USDT,MARKET,BUY,0.000983,CLOSE,1740578574.418,0.1966,10.0,1.966,-1
okx_perpetual-ts-9-02-2025.sqlite,okx_perpetual||NOT-USDT||AIXBT-USDT||2025||isoweek9_02,2,AIXBT-USDT,LIMIT,SELL,0.001011,OPEN,1740575408.426,0.2022,10.0,2.022,-1
okx_perpetual-ts-9-02-2025.sqlite,okx_perpetual||NOT-USDT||AIXBT-USDT||2025||isoweek9_02,2,AIXBT-USDT,MARKET,BUY,0.000982,CLOSE,1740578593.898,0.1964,10.0,1.964,-1
okx_perpetual-ts-9-02-2025.sqlite,okx_perpetual||NOT-USDT||AIXBT-USDT||2025||isoweek9_02,2,AIXBT-USDT,LIMIT,SELL,0.0004042,OPEN,1740575413.681,0.2021,10.0,2.021,-1
okx_perpetual-ts-9-02-2025.sqlite,okx_perpetual||NOT-USDT||AIXBT-USDT||2025||isoweek9_02,2,AIXBT-USDT,MARKET,BUY,0.0009815,CLOSE,1740578607.51,0.1963,10.0,1.963,-1
okx_perpetual-ts-9-02-2025.sqlite,okx_perpetual||NOT-USDT||AIXBT-USDT||2025||isoweek9_02,2,AIXBT-USDT,LIMIT,SELL,0.0004042,OPEN,1740575434.607,0.2021,10.0,2.021,-1
okx_perpetual-ts-9-02-2025.sqlite,okx_perpetual||NOT-USDT||AIXBT-USDT||2025||isoweek9_02,2,AIXBT-USDT,MARKET,BUY,0.00098,CLOSE,1740579038.429,0.196,10.0,1.96,-1
okx_perpetual-ts-9-02-2025.sqlite,okx_perpetual||NOT-USDT||AIXBT-USDT||2025||isoweek9_02,2,AIXBT-USDT,LIMIT,SELL,0.0007944,OPEN,1740579348.439,0.1986,20.0,3.972,-1
okx_perpetual-ts-9-02-2025.sqlite,okx_perpetual||NOT-USDT||AIXBT-USDT||2025||isoweek9_02,2,AIXBT-USDT,MARKET,BUY,0.001971,CLOSE,1740579578.748,0.1971,20.0,3.942,-1
okx_perpetual-ts-9-02-2025.sqlite,okx_perpetual||NOT-USDT||AIXBT-USDT||2025||isoweek9_02,2,AIXBT-USDT,LIMIT,SELL,0.0007936,OPEN,1740579342.358,0.1984,20.0,3.968,-1
okx_perpetual-ts-9-02-2025.sqlite,okx_perpetual||NOT-USDT||AIXBT-USDT||2025||isoweek9_02,2,AIXBT-USDT,MARKET,BUY,0.001968,CLOSE,1740579708.124,0.1968,20.0,3.936,-1
okx_perpetual-ts-9-02-2025.sqlite,okx_perpetual||NOT-USDT||AIXBT-USDT||2025||isoweek9_02,2,AIXBT-USDT,LIMIT,SELL,0.0007924,OPEN,1740579332.316,0.1981,20.0,3.962,-1
okx_perpetual-ts-9-02-2025.sqlite,okx_perpetual||NOT-USDT||AIXBT-USDT||2025||isoweek9_02,2,AIXBT-USDT,MARKET,BUY,0.001964,CLOSE,1740579754.474,0.1964,20.0,3.928,-1
okx_perpetual-ts-9-02-2025.sqlite,okx_perpetual||NOT-USDT||AIXBT-USDT||2025||isoweek9_02,2,AIXBT-USDT,LIMIT,SELL,0.001983,OPEN,1740579333.951,0.1983,20.0,3.966,-1
okx_perpetual-ts-9-02-2025.sqlite,okx_perpetual||NOT-USDT||AIXBT-USDT||2025||isoweek9_02,2,AIXBT-USDT,MARKET,BUY,0.001966,CLOSE,1740579758.394,0.1966,20.0,3.932,-1
okx_perpetual-ts-9-02-2025.sqlite,okx_perpetual||NOT-USDT||AIXBT-USDT||2025||isoweek9_02,2,AIXBT-USDT,LIMIT,SELL,0.0008036,OPEN,1740575602.524,0.2009,20.0,4.018,-1
okx_perpetual-ts-9-02-2025.sqlite,okx_perpetual||NOT-USDT||AIXBT-USDT||2025||isoweek9_02,2,AIXBT-USDT,MARKET,BUY,0.001925,CLOSE,1740580086.469,0.1925,20.0,3.85,-1
okx_perpetual-ts-9-02-2025.sqlite,okx_perpetual||NOT-USDT||AIXBT-USDT||2025||isoweek9_02,2,AIXBT-USDT,LIMIT,SELL,0.002005,OPEN,1740575926.538,0.2005,20.0,4.01,-1
okx_perpetual-ts-9-02-2025.sqlite,okx_perpetual||NOT-USDT||AIXBT-USDT||2025||isoweek9_02,2,AIXBT-USDT,LIMIT,SELL,0.000802,OPEN,1740575915.535,0.2005,20.0,4.01,-1
okx_perpetual-ts-9-02-2025.sqlite,okx_perpetual||NOT-USDT||AIXBT-USDT||2025||isoweek9_02,2,AIXBT-USDT,LIMIT,SELL,0.0008024,OPEN,1740575908.445,0.2006,20.0,4.012,-1
okx_perpetual-ts-9-02-2025.sqlite,okx_perpetual||NOT-USDT||AIXBT-USDT||2025||isoweek9_02,2,AIXBT-USDT,LIMIT,SELL,0.0008024,OPEN,1740575903.469,0.2006,20.0,4.012,-1
okx_perpetual-ts-9-02-2025.sqlite,okx_perpetual||NOT-USDT||AIXBT-USDT||2025||isoweek9_02,2,AIXBT-USDT,LIMIT,SELL,0.0008016,OPEN,1740575898.343,0.2004,20.0,4.008,-1
okx_perpetual-ts-9-02-2025.sqlite,okx_perpetual||NOT-USDT||AIXBT-USDT||2025||isoweek9_02,2,AIXBT-USDT,LIMIT,SELL,0.0004008,OPEN,1740575893.709,0.2004,10.0,2.004,-1
okx_perpetual-ts-9-02-2025.sqlite,okx_perpetual||NOT-USDT||AIXBT-USDT||2025||isoweek9_02,2,AIXBT-USDT,LIMIT,SELL,0.0004008,OPEN,1740575893.734,0.2004,10.0,2.004,-1
okx_perpetual-ts-9-02-2025.sqlite,okx_perpetual||NOT-USDT||AIXBT-USDT||2025||isoweek9_02,2,AIXBT-USDT,LIMIT,SELL,0.002009,OPEN,1740575882.122,0.2009,20.0,4.018,-1
okx_perpetual-ts-9-02-2025.sqlite,okx_perpetual||NOT-USDT||AIXBT-USDT||2025||isoweek9_02,2,AIXBT-USDT,LIMIT,SELL,0.0008036,OPEN,1740575867.572,0.2009,20.0,4.018,-1
okx_perpetual-ts-9-02-2025.sqlite,okx_perpetual||NOT-USDT||AIXBT-USDT||2025||isoweek9_02,2,AIXBT-USDT,LIMIT,SELL,0.000804,OPEN,1740575863.256,0.201,20.0,4.02,-1
okx_perpetual-ts-9-02-2025.sqlite,okx_perpetual||NOT-USDT||AIXBT-USDT||2025||isoweek9_02,2,AIXBT-USDT,LIMIT,SELL,0.002009,OPEN,1740575855.837,0.2009,20.0,4.018,-1
okx_perpetual-ts-9-02-2025.sqlite,okx_perpetual||NOT-USDT||AIXBT-USDT||2025||isoweek9_02,2,AIXBT-USDT,LIMIT,SELL,0.002007,OPEN,1740575850.587,0.2007,20.0,4.014,-1
okx_perpetual-ts-9-02-2025.sqlite,okx_perpetual||NOT-USDT||AIXBT-USDT||2025||isoweek9_02,2,AIXBT-USDT,LIMIT,SELL,0.0008036,OPEN,1740575846.973,0.2009,20.0,4.018,-1
okx_perpetual-ts-9-02-2025.sqlite,okx_perpetual||NOT-USDT||AIXBT-USDT||2025||isoweek9_02,2,AIXBT-USDT,LIMIT,SELL,0.002005,OPEN,1740575840.852,0.2005,20.0,4.01,-1
okx_perpetual-ts-9-02-2025.sqlite,okx_perpetual||NOT-USDT||AIXBT-USDT||2025||isoweek9_02,2,AIXBT-USDT,LIMIT,SELL,0.0008008,OPEN,1740575837.387,0.2002,20.0,4.004,-1
okx_perpetual-ts-9-02-2025.sqlite,okx_perpetual||NOT-USDT||AIXBT-USDT||2025||isoweek9_02,2,AIXBT-USDT,LIMIT,SELL,0.0007992,OPEN,1740575830.794,0.1998,20.0,3.996,-1
okx_perpetual-ts-9-02-2025.sqlite,okx_perpetual||NOT-USDT||AIXBT-USDT||2025||isoweek9_02,2,AIXBT-USDT,LIMIT,SELL,0.0003996,OPEN,1740575825.705,0.1998,10.0,1.998,-1
okx_perpetual-ts-9-02-2025.sqlite,okx_perpetual||NOT-USDT||AIXBT-USDT||2025||isoweek9_02,2,AIXBT-USDT,LIMIT,SELL,0.0003996,OPEN,1740575825.774,0.1998,10.0,1.998,-1
okx_perpetual-ts-9-02-2025.sqlite,okx_perpetual||NOT-USDT||AIXBT-USDT||2025||isoweek9_02,2,AIXBT-USDT,LIMIT,SELL,0.0007992,OPEN,1740575818.146,0.1998,20.0,3.996,-1
okx_perpetual-ts-9-02-2025.sqlite,okx_perpetual||NOT-USDT||AIXBT-USDT||2025||isoweek9_02,2,AIXBT-USDT,LIMIT,SELL,0.0007988,OPEN,1740575810.097,0.1997,20.0,3.994,-1
okx_perpetual-ts-9-02-2025.sqlite,okx_perpetual||NOT-USDT||AIXBT-USDT||2025||isoweek9_02,2,AIXBT-USDT,LIMIT,SELL,0.0007988,OPEN,1740575798.566,0.1997,20.0,3.994,-1
okx_perpetual-ts-9-02-2025.sqlite,okx_perpetual||NOT-USDT||AIXBT-USDT||2025||isoweek9_02,2,AIXBT-USDT,LIMIT,SELL,0.0007988,OPEN,1740575796.828,0.1997,20.0,3.994,-1
okx_perpetual-ts-9-02-2025.sqlite,okx_perpetual||NOT-USDT||AIXBT-USDT||2025||isoweek9_02,2,AIXBT-USDT,LIMIT,SELL,0.0008008,OPEN,1740575776.364,0.2002,20.0,4.004,-1
okx_perpetual-ts-9-02-2025.sqlite,okx_perpetual||NOT-USDT||AIXBT-USDT||2025||isoweek9_02,2,AIXBT-USDT,LIMIT,SELL,0.002001,OPEN,1740575771.893,0.2001,20.0,4.002,-1
okx_perpetual-ts-9-02-2025.sqlite,okx_perpetual||NOT-USDT||AIXBT-USDT||2025||isoweek9_02,2,AIXBT-USDT,LIMIT,SELL,0.0007996,OPEN,1740575763.757,0.1999,20.0,3.998,-1
okx_perpetual-ts-9-02-2025.sqlite,okx_perpetual||NOT-USDT||AIXBT-USDT||2025||isoweek9_02,2,AIXBT-USDT,LIMIT,SELL,0.0008004,OPEN,1740575758.045,0.2001,20.0,4.002,-1
okx_perpetual-ts-9-02-2025.sqlite,okx_perpetual||NOT-USDT||AIXBT-USDT||2025||isoweek9_02,2,AIXBT-USDT,LIMIT,SELL,0.0008008,OPEN,1740575752.783,0.2002,20.0,4.004,-1
okx_perpetual-ts-9-02-2025.sqlite,okx_perpetual||NOT-USDT||AIXBT-USDT||2025||isoweek9_02,2,AIXBT-USDT,LIMIT,SELL,0.002002,OPEN,1740575747.362,0.2002,20.0,4.004,-1
okx_perpetual-ts-9-02-2025.sqlite,okx_perpetual||NOT-USDT||AIXBT-USDT||2025||isoweek9_02,2,AIXBT-USDT,LIMIT,SELL,0.0008004,OPEN,1740575746.328,0.2001,20.0,4.002,-1
okx_perpetual-ts-9-02-2025.sqlite,okx_perpetual||NOT-USDT||AIXBT-USDT||2025||isoweek9_02,2,AIXBT-USDT,LIMIT,SELL,0.0007996,OPEN,1740575738.578,0.1999,20.0,3.998,-1
okx_perpetual-ts-9-02-2025.sqlite,okx_perpetual||NOT-USDT||AIXBT-USDT||2025||isoweek9_02,2,AIXBT-USDT,LIMIT,SELL,0.002001,OPEN,1740575731.694,0.2001,20.0,4.002,-1
okx_perpetual-ts-9-02-2025.sqlite,okx_perpetual||NOT-USDT||AIXBT-USDT||2025||isoweek9_02,2,AIXBT-USDT,LIMIT,SELL,0.0008004,OPEN,1740575730.734,0.2001,20.0,4.002,-1
okx_perpetual-ts-9-02-2025.sqlite,okx_perpetual||NOT-USDT||AIXBT-USDT||2025||isoweek9_02,2,AIXBT-USDT,LIMIT,SELL,0.002001,OPEN,1740575720.934,0.2001,20.0,4.002,-1
okx_perpetual-ts-9-02-2025.sqlite,okx_perpetual||NOT-USDT||AIXBT-USDT||2025||isoweek9_02,2,AIXBT-USDT,LIMIT,SELL,0.0007996,OPEN,1740575718.544,0.1999,20.0,3.998,-1
okx_perpetual-ts-9-02-2025.sqlite,okx_perpetual||NOT-USDT||AIXBT-USDT||2025||isoweek9_02,2,AIXBT-USDT,LIMIT,SELL,0.001999,OPEN,1740575709.441,0.1999,20.0,3.998,-1
okx_perpetual-ts-9-02-2025.sqlite,okx_perpetual||NOT-USDT||AIXBT-USDT||2025||isoweek9_02,2,AIXBT-USDT,LIMIT,SELL,0.001999,OPEN,1740575702.958,0.1999,20.0,3.998,-1
okx_perpetual-ts-9-02-2025.sqlite,okx_perpetual||NOT-USDT||AIXBT-USDT||2025||isoweek9_02,2,AIXBT-USDT,LIMIT,SELL,0.0008004,OPEN,1740575691.824,0.2001,20.0,4.002,-1
okx_perpetual-ts-9-02-2025.sqlite,okx_perpetual||NOT-USDT||AIXBT-USDT||2025||isoweek9_02,2,AIXBT-USDT,LIMIT,SELL,0.0008008,OPEN,1740575684.927,0.2002,20.0,4.004,-1
okx_perpetual-ts-9-02-2025.sqlite,okx_perpetual||NOT-USDT||AIXBT-USDT||2025||isoweek9_02,2,AIXBT-USDT,LIMIT,SELL,0.0008024,OPEN,1740575666.377,0.2006,20.0,4.012,-1
okx_perpetual-ts-9-02-2025.sqlite,okx_perpetual||NOT-USDT||AIXBT-USDT||2025||isoweek9_02,2,AIXBT-USDT,LIMIT,SELL,0.0008024,OPEN,1740575666.377,0.2006,20.0,4.012,-1
okx_perpetual-ts-9-02-2025.sqlite,okx_perpetual||NOT-USDT||AIXBT-USDT||2025||isoweek9_02,2,AIXBT-USDT,LIMIT,SELL,0.0008024,OPEN,1740575657.849,0.2006,20.0,4.012,-1
okx_perpetual-ts-9-02-2025.sqlite,okx_perpetual||NOT-USDT||AIXBT-USDT||2025||isoweek9_02,2,AIXBT-USDT,LIMIT,SELL,0.000802,OPEN,1740575652.292,0.2005,20.0,4.01,-1
okx_perpetual-ts-9-02-2025.sqlite,okx_perpetual||NOT-USDT||AIXBT-USDT||2025||isoweek9_02,2,AIXBT-USDT,LIMIT,SELL,0.0008032,OPEN,1740575644.384,0.2008,20.0,4.016,-1
okx_perpetual-ts-9-02-2025.sqlite,okx_perpetual||NOT-USDT||AIXBT-USDT||2025||isoweek9_02,2,AIXBT-USDT,LIMIT,SELL,0.002008,OPEN,1740575640.176,0.2008,20.0,4.016,-1
okx_perpetual-ts-9-02-2025.sqlite,okx_perpetual||NOT-USDT||AIXBT-USDT||2025||isoweek9_02,2,AIXBT-USDT,LIMIT,SELL,0.0008032,OPEN,1740575639.766,0.2008,20.0,4.016,-1
okx_perpetual-ts-9-02-2025.sqlite,okx_perpetual||NOT-USDT||AIXBT-USDT||2025||isoweek9_02,2,AIXBT-USDT,LIMIT,SELL,0.0008032,OPEN,1740575639.766,0.2008,20.0,4.016,-1
okx_perpetual-ts-9-02-2025.sqlite,okx_perpetual||NOT-USDT||AIXBT-USDT||2025||isoweek9_02,2,AIXBT-USDT,LIMIT,SELL,0.0008028,OPEN,1740575619.717,0.2007,20.0,4.014,-1
okx_perpetual-ts-9-02-2025.sqlite,okx_perpetual||NOT-USDT||AIXBT-USDT||2025||isoweek9_02,2,AIXBT-USDT,LIMIT,SELL,0.000802,OPEN,1740575618.169,0.2005,20.0,4.01,-1
okx_perpetual-ts-9-02-2025.sqlite,okx_perpetual||NOT-USDT||AIXBT-USDT||2025||isoweek9_02,2,AIXBT-USDT,LIMIT,SELL,0.000802,OPEN,1740575611.312,0.2005,20.0,4.01,-1
okx_perpetual-ts-9-02-2025.sqlite,okx_perpetual||NOT-USDT||AIXBT-USDT||2025||isoweek9_02,2,AIXBT-USDT,LIMIT,SELL,0.0008048,OPEN,1740575595.66,0.2012,20.0,4.024,-1
okx_perpetual-ts-9-02-2025.sqlite,okx_perpetual||NOT-USDT||AIXBT-USDT||2025||isoweek9_02,2,AIXBT-USDT,LIMIT,SELL,0.0008036,OPEN,1740575602.524,0.2009,20.0,4.018,-1
okx_perpetual-ts-9-02-2025.sqlite,okx_perpetual||NOT-USDT||AIXBT-USDT||2025||isoweek9_02,2,AIXBT-USDT,LIMIT,SELL,0.0008052,OPEN,1740575587.16,0.2013,20.0,4.026,-1
okx_perpetual-ts-9-02-2025.sqlite,okx_perpetual||NOT-USDT||AIXBT-USDT||2025||isoweek9_02,2,AIXBT-USDT,LIMIT,SELL,0.0004028,OPEN,1740575580.215,0.2014,10.0,2.014,-1
okx_perpetual-ts-9-02-2025.sqlite,okx_perpetual||NOT-USDT||AIXBT-USDT||2025||isoweek9_02,2,AIXBT-USDT,LIMIT,SELL,0.0004028,OPEN,1740575576.334,0.2014,10.0,2.014,-1
okx_perpetual-ts-9-02-2025.sqlite,okx_perpetual||NOT-USDT||AIXBT-USDT||2025||isoweek9_02,2,AIXBT-USDT,LIMIT,SELL,0.0004034,OPEN,1740575570.667,0.2017,10.0,2.017,-1
okx_perpetual-ts-9-02-2025.sqlite,okx_perpetual||NOT-USDT||AIXBT-USDT||2025||isoweek9_02,2,AIXBT-USDT,LIMIT,SELL,0.0004046,OPEN,1740575553.927,0.2023,10.0,2.023,-1
okx_perpetual-ts-9-02-2025.sqlite,okx_perpetual||NOT-USDT||AIXBT-USDT||2025||isoweek9_02,2,AIXBT-USDT,LIMIT,SELL,0.000404,OPEN,1740575544.948,0.202,10.0,2.02,-1
okx_perpetual-ts-9-02-2025.sqlite,okx_perpetual||NOT-USDT||AIXBT-USDT||2025||isoweek9_02,2,AIXBT-USDT,LIMIT,SELL,0.000404,OPEN,1740575541.964,0.202,10.0,2.02,-1
okx_perpetual-ts-9-02-2025.sqlite,okx_perpetual||NOT-USDT||AIXBT-USDT||2025||isoweek9_02,2,AIXBT-USDT,LIMIT,SELL,0.0004044,OPEN,1740575530.94,0.2022,10.0,2.022,-1
okx_perpetual-ts-9-02-2025.sqlite,okx_perpetual||NOT-USDT||AIXBT-USDT||2025||isoweek9_02,2,AIXBT-USDT,LIMIT,SELL,0.0004046,OPEN,1740575526.215,0.2023,10.0,2.023,-1
okx_perpetual-ts-9-02-2025.sqlite,okx_perpetual||NOT-USDT||AIXBT-USDT||2025||isoweek9_02,2,AIXBT-USDT,LIMIT,SELL,0.0004042,OPEN,1740575518.778,0.2021,10.0,2.021,-1
okx_perpetual-ts-9-02-2025.sqlite,okx_perpetual||NOT-USDT||AIXBT-USDT||2025||isoweek9_02,2,AIXBT-USDT,LIMIT,SELL,0.0004056,OPEN,1740575501.792,0.2028,10.0,2.028,-1
okx_perpetual-ts-9-02-2025.sqlite,okx_perpetual||NOT-USDT||AIXBT-USDT||2025||isoweek9_02,2,AIXBT-USDT,LIMIT,SELL,0.0004062,OPEN,1740575496.725,0.2031,10.0,2.031,-1
okx_perpetual-ts-9-02-2025.sqlite,okx_perpetual||NOT-USDT||AIXBT-USDT||2025||isoweek9_02,2,AIXBT-USDT,LIMIT,SELL,0.0004062,OPEN,1740575488.11,0.2031,10.0,2.031,-1
okx_perpetual-ts-9-02-2025.sqlite,okx_perpetual||NOT-USDT||AIXBT-USDT||2025||isoweek9_02,2,AIXBT-USDT,LIMIT,SELL,0.001011,OPEN,1740575462.809,0.2022,10.0,2.022,-1
okx_perpetual-ts-9-02-2025.sqlite,okx_perpetual||NOT-USDT||AIXBT-USDT||2025||isoweek9_02,2,AIXBT-USDT,LIMIT,SELL,0.0004048,OPEN,1740575447.893,0.2024,10.0,2.024,-1
okx_perpetual-ts-9-02-2025.sqlite,okx_perpetual||NOT-USDT||AIXBT-USDT||2025||isoweek9_02,2,AIXBT-USDT,LIMIT,SELL,0.0004042,OPEN,1740575443.027,0.2021,10.0,2.021,-1
okx_perpetual-ts-9-02-2025.sqlite,okx_perpetual||NOT-USDT||AIXBT-USDT||2025||isoweek9_02,2,AIXBT-USDT,LIMIT,SELL,0.0007904,OPEN,1740579153.852,0.1976,20.0,3.952,-1
okx_perpetual-ts-9-02-2025.sqlite,okx_perpetual||NOT-USDT||AIXBT-USDT||2025||isoweek9_02,2,AIXBT-USDT,LIMIT,SELL,0.0007912,OPEN,1740578670.515,0.1978,20.0,3.956,-1
okx_perpetual-ts-9-02-2025.sqlite,okx_perpetual||NOT-USDT||AIXBT-USDT||2025||isoweek9_02,2,AIXBT-USDT,LIMIT,SELL,0.002005,OPEN,1740576251.882,0.2005,20.0,4.01,-1
okx_perpetual-ts-9-02-2025.sqlite,okx_perpetual||NOT-USDT||AIXBT-USDT||2025||isoweek9_02,2,AIXBT-USDT,MARKET,BUY,0.0048125,CLOSE,1740580091.56,0.1925,50.0,9.625,-1
okx_perpetual-ts-9-02-2025.sqlite,okx_perpetual||NOT-USDT||AIXBT-USDT||2025||isoweek9_02,2,AIXBT-USDT,MARKET,BUY,0.0837375,CLOSE,1740580091.56,0.1925,870.0,167.475,-1
okx_perpetual-ts-9-02-2025.sqlite,okx_perpetual||NOT-USDT||AIXBT-USDT||2025||isoweek9_02,2,AIXBT-USDT,MARKET,BUY,0.028875,CLOSE,1740580091.56,0.1925,300.0,57.75,-1
binance_perpetual-2025-11-1-2000-2025.sqlite,binance-perpetual||RUNE-USDT||IP-USDT||2025||isoweek11_1-2000,2,IP-USDT,LIMIT,SELL,0.00155859,OPEN,1741648128.0,5.19533,1.5,7.792995,-1
binance_perpetual-2025-11-1-2000-2025.sqlite,binance-perpetual||RUNE-USDT||IP-USDT||2025||isoweek11_1-2000,2,IP-USDT,MARKET,BUY,0.00258999,CLOSE,1741648206.0,5.18,1.0,5.18,-1
binance_perpetual-2025-11-1-2000-2025.sqlite,binance-perpetual||RUNE-USDT||IP-USDT||2025||isoweek11_1-2000,2,IP-USDT,MARKET,BUY,0.00129499,CLOSE,1741648206.0,5.18,0.5,2.59,-1
binance_perpetual-2025-11-1-2000-2025.sqlite,binance-perpetual||RUNE-USDT||IP-USDT||2025||isoweek11_1-2000,2,IP-USDT,LIMIT,SELL,0.00389645,OPEN,1741648228.0,5.19527,1.5,7.792905,-1
binance_perpetual-2025-11-1-2000-2025.sqlite,binance-perpetual||RUNE-USDT||IP-USDT||2025||isoweek11_1-2000,2,IP-USDT,MARKET,BUY,0.00388412,CLOSE,1741648236.0,5.17883,1.5,7.768245,-1
binance_perpetual-2025-11-1-2000-2025.sqlite,binance-perpetual||RUNE-USDT||IP-USDT||2025||isoweek11_1-2000,2,IP-USDT,LIMIT,SELL,0.00388591,OPEN,1741647781.0,5.18122,1.5,7.77183,-1
binance_perpetual-2025-11-1-2000-2025.sqlite,binance-perpetual||RUNE-USDT||IP-USDT||2025||isoweek11_1-2000,2,IP-USDT,MARKET,BUY,0.00387398,CLOSE,1741648418.0,5.16531,1.5,7.747965,-1
binance_perpetual-2025-11-1-2000-2025.sqlite,binance-perpetual||RUNE-USDT||IP-USDT||2025||isoweek11_1-2000,2,IP-USDT,LIMIT,SELL,0.00165322,OPEN,1741647764.0,5.16633,1.6,8.266128,-1
binance_perpetual-2025-11-1-2000-2025.sqlite,binance-perpetual||RUNE-USDT||IP-USDT||2025||isoweek11_1-2000,2,IP-USDT,MARKET,BUY,0.00412319,CLOSE,1741648477.0,5.154,1.6,8.2464,-1
binance_perpetual-2025-11-1-2000-2025.sqlite,binance-perpetual||RUNE-USDT||IP-USDT||2025||isoweek11_1-2000,2,IP-USDT,LIMIT,SELL,0.00155317,OPEN,1741648206.0,5.17726,1.5,7.76589,-1
binance_perpetual-2025-11-1-2000-2025.sqlite,binance-perpetual||RUNE-USDT||IP-USDT||2025||isoweek11_1-2000,2,IP-USDT,LIMIT,SELL,0.00388709,OPEN,1741648191.0,5.18279,1.5,7.774185,-1
binance_perpetual-2025-11-1-2000-2025.sqlite,binance-perpetual||RUNE-USDT||IP-USDT||2025||isoweek11_1-2000,2,IP-USDT,LIMIT,SELL,0.0015592,OPEN,1741648139.0,5.19735,1.5,7.796025,-1
binance_perpetual-2025-11-1-2000-2025.sqlite,binance-perpetual||RUNE-USDT||IP-USDT||2025||isoweek11_1-2000,2,IP-USDT,LIMIT,SELL,0.00155925,OPEN,1741648134.0,5.19753,1.5,7.796295,-1
binance_perpetual-2025-11-1-2000-2025.sqlite,binance-perpetual||RUNE-USDT||IP-USDT||2025||isoweek11_1-2000,2,IP-USDT,LIMIT,SELL,0.00155793,OPEN,1741648120.0,5.19312,1.5,7.78968,-1
binance_perpetual-2025-11-1-2000-2025.sqlite,binance-perpetual||RUNE-USDT||IP-USDT||2025||isoweek11_1-2000,2,IP-USDT,LIMIT,SELL,0.00155781,OPEN,1741648120.0,5.19271,1.5,7.789065,-1
binance_perpetual-2025-11-1-2000-2025.sqlite,binance-perpetual||RUNE-USDT||IP-USDT||2025||isoweek11_1-2000,2,IP-USDT,LIMIT,SELL,0.00155768,OPEN,1741648108.0,5.19229,1.5,7.788435,-1
binance_perpetual-2025-11-1-2000-2025.sqlite,binance-perpetual||RUNE-USDT||IP-USDT||2025||isoweek11_1-2000,2,IP-USDT,LIMIT,SELL,0.00155662,OPEN,1741648095.0,5.18874,1.5,7.78311,-1
binance_perpetual-2025-11-1-2000-2025.sqlite,binance-perpetual||RUNE-USDT||IP-USDT||2025||isoweek11_1-2000,2,IP-USDT,LIMIT,SELL,0.00389172,OPEN,1741648086.0,5.18896,1.5,7.78344,-1
binance_perpetual-2025-11-1-2000-2025.sqlite,binance-perpetual||RUNE-USDT||IP-USDT||2025||isoweek11_1-2000,2,IP-USDT,LIMIT,SELL,0.00155493,OPEN,1741648082.0,5.18312,1.5,7.77468,-1
binance_perpetual-2025-11-1-2000-2025.sqlite,binance-perpetual||RUNE-USDT||IP-USDT||2025||isoweek11_1-2000,2,IP-USDT,LIMIT,SELL,0.00155493,OPEN,1741648082.0,5.18312,1.5,7.77468,-1
binance_perpetual-2025-11-1-2000-2025.sqlite,binance-perpetual||RUNE-USDT||IP-USDT||2025||isoweek11_1-2000,2,IP-USDT,LIMIT,SELL,0.00155526,OPEN,1741648072.0,5.18421,1.5,7.776315,-1
binance_perpetual-2025-11-1-2000-2025.sqlite,binance-perpetual||RUNE-USDT||IP-USDT||2025||isoweek11_1-2000,2,IP-USDT,LIMIT,SELL,0.00155529,OPEN,1741648072.0,5.18431,1.5,7.776465,-1
binance_perpetual-2025-11-1-2000-2025.sqlite,binance-perpetual||RUNE-USDT||IP-USDT||2025||isoweek11_1-2000,2,IP-USDT,LIMIT,SELL,0.00155512,OPEN,1741648059.0,5.18376,1.5,7.77564,-1
binance_perpetual-2025-11-1-2000-2025.sqlite,binance-perpetual||RUNE-USDT||IP-USDT||2025||isoweek11_1-2000,2,IP-USDT,LIMIT,SELL,0.00155452,OPEN,1741648040.0,5.18174,1.5,7.77261,-1
binance_perpetual-2025-11-1-2000-2025.sqlite,binance-perpetual||RUNE-USDT||IP-USDT||2025||isoweek11_1-2000,2,IP-USDT,LIMIT,SELL,0.00155421,OPEN,1741648036.0,5.18071,1.5,7.771065,-1
binance_perpetual-2025-11-1-2000-2025.sqlite,binance-perpetual||RUNE-USDT||IP-USDT||2025||isoweek11_1-2000,2,IP-USDT,LIMIT,SELL,0.00388701,OPEN,1741648027.0,5.18269,1.5,7.774035,-1
binance_perpetual-2025-11-1-2000-2025.sqlite,binance-perpetual||RUNE-USDT||IP-USDT||2025||isoweek11_1-2000,2,IP-USDT,LIMIT,SELL,0.00155421,OPEN,1741648026.0,5.18071,1.5,7.771065,-1
binance_perpetual-2025-11-1-2000-2025.sqlite,binance-perpetual||RUNE-USDT||IP-USDT||2025||isoweek11_1-2000,2,IP-USDT,LIMIT,SELL,0.00388713,OPEN,1741648006.0,5.18284,1.5,7.77426,-1
binance_perpetual-2025-11-1-2000-2025.sqlite,binance-perpetual||RUNE-USDT||IP-USDT||2025||isoweek11_1-2000,2,IP-USDT,LIMIT,SELL,0.00155431,OPEN,1741648006.0,5.18104,1.5,7.77156,-1
binance_perpetual-2025-11-1-2000-2025.sqlite,binance-perpetual||RUNE-USDT||IP-USDT||2025||isoweek11_1-2000,2,IP-USDT,LIMIT,SELL,0.00155482,OPEN,1741647997.0,5.18274,1.5,7.77411,-1
binance_perpetual-2025-11-1-2000-2025.sqlite,binance-perpetual||RUNE-USDT||IP-USDT||2025||isoweek11_1-2000,2,IP-USDT,LIMIT,SELL,0.00155455,OPEN,1741647990.0,5.18184,1.5,7.77276,-1
binance_perpetual-2025-11-1-2000-2025.sqlite,binance-perpetual||RUNE-USDT||IP-USDT||2025||isoweek11_1-2000,2,IP-USDT,LIMIT,SELL,0.00155513,OPEN,1741647977.0,5.18379,1.5,7.775685,-1
binance_perpetual-2025-11-1-2000-2025.sqlite,binance-perpetual||RUNE-USDT||IP-USDT||2025||isoweek11_1-2000,2,IP-USDT,LIMIT,SELL,0.00155457,OPEN,1741647972.0,5.18193,1.5,7.772895,-1
binance_perpetual-2025-11-1-2000-2025.sqlite,binance-perpetual||RUNE-USDT||IP-USDT||2025||isoweek11_1-2000,2,IP-USDT,LIMIT,SELL,0.00389333,OPEN,1741647966.0,5.19111,1.5,7.786665,-1
binance_perpetual-2025-11-1-2000-2025.sqlite,binance-perpetual||RUNE-USDT||IP-USDT||2025||isoweek11_1-2000,2,IP-USDT,LIMIT,SELL,0.0015549,OPEN,1741647960.0,5.18303,1.5,7.774545,-1
binance_perpetual-2025-11-1-2000-2025.sqlite,binance-perpetual||RUNE-USDT||IP-USDT||2025||isoweek11_1-2000,2,IP-USDT,LIMIT,SELL,0.00155542,OPEN,1741647955.0,5.18474,1.5,7.77711,-1
binance_perpetual-2025-11-1-2000-2025.sqlite,binance-perpetual||RUNE-USDT||IP-USDT||2025||isoweek11_1-2000,2,IP-USDT,LIMIT,SELL,0.00020734,OPEN,1741647953.0,5.18372,0.2,1.036744,-1
binance_perpetual-2025-11-1-2000-2025.sqlite,binance-perpetual||RUNE-USDT||IP-USDT||2025||isoweek11_1-2000,2,IP-USDT,LIMIT,SELL,0.00134776,OPEN,1741647955.0,5.18372,1.3,6.738836,-1
binance_perpetual-2025-11-1-2000-2025.sqlite,binance-perpetual||RUNE-USDT||IP-USDT||2025||isoweek11_1-2000,2,IP-USDT,LIMIT,SELL,0.00155285,OPEN,1741647945.0,5.17617,1.5,7.764255,-1
binance_perpetual-2025-11-1-2000-2025.sqlite,binance-perpetual||RUNE-USDT||IP-USDT||2025||isoweek11_1-2000,2,IP-USDT,LIMIT,SELL,0.00155246,OPEN,1741647942.0,5.17487,1.5,7.762305,-1
binance_perpetual-2025-11-1-2000-2025.sqlite,binance-perpetual||RUNE-USDT||IP-USDT||2025||isoweek11_1-2000,2,IP-USDT,LIMIT,SELL,0.00155153,OPEN,1741647927.0,5.17178,1.5,7.75767,-1
binance_perpetual-2025-11-1-2000-2025.sqlite,binance-perpetual||RUNE-USDT||IP-USDT||2025||isoweek11_1-2000,2,IP-USDT,LIMIT,SELL,0.00155315,OPEN,1741647912.0,5.17717,1.5,7.765755,-1
binance_perpetual-2025-11-1-2000-2025.sqlite,binance-perpetual||RUNE-USDT||IP-USDT||2025||isoweek11_1-2000,2,IP-USDT,LIMIT,SELL,0.00155323,OPEN,1741647906.0,5.17745,1.5,7.766175,-1
binance_perpetual-2025-11-1-2000-2025.sqlite,binance-perpetual||RUNE-USDT||IP-USDT||2025||isoweek11_1-2000,2,IP-USDT,LIMIT,SELL,0.00155591,OPEN,1741647889.0,5.18639,1.5,7.779585,-1
binance_perpetual-2025-11-1-2000-2025.sqlite,binance-perpetual||RUNE-USDT||IP-USDT||2025||isoweek11_1-2000,2,IP-USDT,LIMIT,SELL,0.0015556,OPEN,1741647889.0,5.18536,1.5,7.77804,-1
binance_perpetual-2025-11-1-2000-2025.sqlite,binance-perpetual||RUNE-USDT||IP-USDT||2025||isoweek11_1-2000,2,IP-USDT,LIMIT,SELL,0.00155533,OPEN,1741647884.0,5.18446,1.5,7.77669,-1
binance_perpetual-2025-11-1-2000-2025.sqlite,binance-perpetual||RUNE-USDT||IP-USDT||2025||isoweek11_1-2000,2,IP-USDT,LIMIT,SELL,0.0015554,OPEN,1741647868.0,5.18467,1.5,7.777005,-1
binance_perpetual-2025-11-1-2000-2025.sqlite,binance-perpetual||RUNE-USDT||IP-USDT||2025||isoweek11_1-2000,2,IP-USDT,LIMIT,SELL,0.00155582,OPEN,1741647859.0,5.18607,1.5,7.779105,-1
binance_perpetual-2025-11-1-2000-2025.sqlite,binance-perpetual||RUNE-USDT||IP-USDT||2025||isoweek11_1-2000,2,IP-USDT,LIMIT,SELL,0.00155484,OPEN,1741647849.0,5.1828,1.5,7.7742,-1
binance_perpetual-2025-11-1-2000-2025.sqlite,binance-perpetual||RUNE-USDT||IP-USDT||2025||isoweek11_1-2000,2,IP-USDT,LIMIT,SELL,0.0038877,OPEN,1741647853.0,5.1836,1.5,7.7754,-1
binance_perpetual-2025-11-1-2000-2025.sqlite,binance-perpetual||RUNE-USDT||IP-USDT||2025||isoweek11_1-2000,2,IP-USDT,LIMIT,SELL,0.00155462,OPEN,1741647842.0,5.18209,1.5,7.773135,-1
binance_perpetual-2025-11-1-2000-2025.sqlite,binance-perpetual||RUNE-USDT||IP-USDT||2025||isoweek11_1-2000,2,IP-USDT,LIMIT,SELL,0.00155518,OPEN,1741647829.0,5.18394,1.5,7.77591,-1
binance_perpetual-2025-11-1-2000-2025.sqlite,binance-perpetual||RUNE-USDT||IP-USDT||2025||isoweek11_1-2000,2,IP-USDT,LIMIT,SELL,0.00389428,OPEN,1741647815.0,5.19238,1.5,7.78857,-1
binance_perpetual-2025-11-1-2000-2025.sqlite,binance-perpetual||RUNE-USDT||IP-USDT||2025||isoweek11_1-2000,2,IP-USDT,LIMIT,SELL,0.00155567,OPEN,1741647815.0,5.18558,1.5,7.77837,-1
binance_perpetual-2025-11-1-2000-2025.sqlite,binance-perpetual||RUNE-USDT||IP-USDT||2025||isoweek11_1-2000,2,IP-USDT,LIMIT,SELL,0.00389136,OPEN,1741647805.0,5.18848,1.5,7.78272,-1
binance_perpetual-2025-11-1-2000-2025.sqlite,binance-perpetual||RUNE-USDT||IP-USDT||2025||isoweek11_1-2000,2,IP-USDT,LIMIT,SELL,0.00155481,OPEN,1741647801.0,5.1827,1.5,7.77405,-1
binance_perpetual-2025-11-1-2000-2025.sqlite,binance-perpetual||RUNE-USDT||IP-USDT||2025||isoweek11_1-2000,2,IP-USDT,LIMIT,SELL,0.003889,OPEN,1741647793.0,5.18534,1.5,7.77801,-1
binance_perpetual-2025-11-1-2000-2025.sqlite,binance-perpetual||RUNE-USDT||IP-USDT||2025||isoweek11_1-2000,2,IP-USDT,LIMIT,SELL,0.00155473,OPEN,1741647787.0,5.18246,1.5,7.77369,-1
binance_perpetual-2025-11-1-2000-2025.sqlite,binance-perpetual||RUNE-USDT||IP-USDT||2025||isoweek11_1-2000,2,IP-USDT,LIMIT,SELL,0.0015535,OPEN,1741647776.0,5.17834,1.5,7.76751,-1
binance_perpetual-2025-11-1-2000-2025.sqlite,binance-perpetual||RUNE-USDT||IP-USDT||2025||isoweek11_1-2000,2,IP-USDT,LIMIT,SELL,0.00155354,OPEN,1741647772.0,5.17849,1.5,7.767735,-1
binance_perpetual-2025-11-1-2000-2025.sqlite,binance-perpetual||RUNE-USDT||IP-USDT||2025||isoweek11_1-2000,2,IP-USDT,LIMIT,SELL,0.00155205,OPEN,1741647767.0,5.17353,1.5,7.760295,-1
binance_perpetual-2025-11-1-2000-2025.sqlite,binance-perpetual||RUNE-USDT||IP-USDT||2025||isoweek11_1-2000,2,IP-USDT,MARKET,BUY,0.00257749,CLOSE,1741648500.0,5.15499,1.0,5.15499,-1
binance_perpetual-2025-11-1-2000-2025.sqlite,binance-perpetual||RUNE-USDT||IP-USDT||2025||isoweek11_1-2000,2,IP-USDT,MARKET,BUY,0.00850606,CLOSE,1741648500.0,5.15519,3.3,17.012127,-1
binance_perpetual-2025-11-1-2000-2025.sqlite,binance-perpetual||RUNE-USDT||IP-USDT||2025||isoweek11_1-2000,2,IP-USDT,MARKET,BUY,0.01727042,CLOSE,1741648500.0,5.15535,6.7,34.540845,-1
binance_perpetual-2025-11-1-2000-2025.sqlite,binance-perpetual||RUNE-USDT||IP-USDT||2025||isoweek11_1-2000,2,IP-USDT,MARKET,BUY,0.00850692,CLOSE,1741648500.0,5.15571,3.3,17.013843,-1
binance_perpetual-2025-11-1-2000-2025.sqlite,binance-perpetual||RUNE-USDT||IP-USDT||2025||isoweek11_1-2000,2,IP-USDT,MARKET,BUY,0.002578,CLOSE,1741648500.0,5.156,1.0,5.156,-1
binance_perpetual-2025-11-1-2000-2025.sqlite,binance-perpetual||RUNE-USDT||IP-USDT||2025||isoweek11_1-2000,2,IP-USDT,MARKET,BUY,0.002578,CLOSE,1741648500.0,5.156,1.0,5.156,-1
binance_perpetual-2025-11-1-2000-2025.sqlite,binance-perpetual||RUNE-USDT||IP-USDT||2025||isoweek11_1-2000,2,IP-USDT,MARKET,BUY,0.00257802,CLOSE,1741648500.0,5.15604,1.0,5.15604,-1
binance_perpetual-2025-11-1-2000-2025.sqlite,binance-perpetual||RUNE-USDT||IP-USDT||2025||isoweek11_1-2000,2,IP-USDT,MARKET,BUY,0.00850768,CLOSE,1741648500.0,5.15617,3.3,17.015361,-1
binance_perpetual-2025-11-1-2000-2025.sqlite,binance-perpetual||RUNE-USDT||IP-USDT||2025||isoweek11_1-2000,2,IP-USDT,MARKET,BUY,0.00257809,CLOSE,1741648500.0,5.1562,1.0,5.1562,-1
binance_perpetual-2025-11-1-2000-2025.sqlite,binance-perpetual||RUNE-USDT||IP-USDT||2025||isoweek11_1-2000,2,IP-USDT,MARKET,BUY,0.00850777,CLOSE,1741648500.0,5.15623,3.3,17.015559,-1
binance_perpetual-2025-11-1-2000-2025.sqlite,binance-perpetual||RUNE-USDT||IP-USDT||2025||isoweek11_1-2000,2,IP-USDT,MARKET,BUY,0.0505333,CLOSE,1741648500.0,5.15646,19.6,101.066616,-1
binance_perpetual-2025-11-1-2000-2025.sqlite,binance-perpetual||RUNE-USDT||IP-USDT||2025||isoweek11_1-2000,2,IP-USDT,MARKET,BUY,0.06626102,CLOSE,1741648500.0,5.1565,25.7,132.52205,-1
binance_perpetual-2025-11-1-2000-2025.sqlite,binance-perpetual||RUNE-USDT||IP-USDT||2025||isoweek11_1-2000,2,IP-USDT,MARKET,BUY,0.00257834,CLOSE,1741648500.0,5.15669,1.0,5.15669,-1
binance_perpetual-2025-11-1-2000-2025.sqlite,binance-perpetual||RUNE-USDT||IP-USDT||2025||isoweek11_1-2000,2,IP-USDT,MARKET,BUY,0.00850863,CLOSE,1741648500.0,5.15675,3.3,17.017275,-1
binance_perpetual-2025-11-1-2000-2025.sqlite,binance-perpetual||RUNE-USDT||IP-USDT||2025||isoweek11_1-2000,2,IP-USDT,MARKET,BUY,0.00309411,CLOSE,1741648500.0,5.15685,1.2,6.18822,-1
binance_perpetual-2025-11-1-2000-2025.sqlite,binance-perpetual||RUNE-USDT||IP-USDT||2025||isoweek11_1-2000,2,IP-USDT,MARKET,BUY,0.00206283,CLOSE,1741648500.0,5.1571,0.8,4.12568,-1
binance_perpetual-2025-11-1-2000-2025.sqlite,binance-perpetual||ETHFI-USDT||RED-USDT||2025||isoweek11_1-2000,1,ETHFI-USDT,LIMIT,BUY,0.00391153,OPEN,1741647771.0,0.6574,11.9,7.82306,1
binance_perpetual-2025-11-1-2000-2025.sqlite,binance-perpetual||ETHFI-USDT||RED-USDT||2025||isoweek11_1-2000,1,ETHFI-USDT,MARKET,SELL,0.00392283,CLOSE,1741647787.0,0.6593,11.9,7.84567,1
binance_perpetual-2025-11-1-2000-2025.sqlite,binance-perpetual||ETHFI-USDT||RED-USDT||2025||isoweek11_1-2000,1,ETHFI-USDT,LIMIT,BUY,0.00157152,OPEN,1741647956.0,0.6548,12.0,7.8576,1
binance_perpetual-2025-11-1-2000-2025.sqlite,binance-perpetual||ETHFI-USDT||RED-USDT||2025||isoweek11_1-2000,1,ETHFI-USDT,MARKET,SELL,0.003939,CLOSE,1741648041.0,0.6565,12.0,7.878,1
binance_perpetual-2025-11-1-2000-2025.sqlite,binance-perpetual||ETHFI-USDT||RED-USDT||2025||isoweek11_1-2000,1,ETHFI-USDT,LIMIT,BUY,0.00156199,OPEN,1741647903.0,0.6563,11.9,7.80997,1
binance_perpetual-2025-11-1-2000-2025.sqlite,binance-perpetual||ETHFI-USDT||RED-USDT||2025||isoweek11_1-2000,1,ETHFI-USDT,MARKET,SELL,0.00391569,CLOSE,1741648083.0,0.6581,11.9,7.83139,1
binance_perpetual-2025-11-1-2000-2025.sqlite,binance-perpetual||ETHFI-USDT||RED-USDT||2025||isoweek11_1-2000,1,ETHFI-USDT,LIMIT,BUY,0.00156461,OPEN,1741647841.0,0.6574,11.9,7.82306,1
binance_perpetual-2025-11-1-2000-2025.sqlite,binance-perpetual||ETHFI-USDT||RED-USDT||2025||isoweek11_1-2000,1,ETHFI-USDT,MARKET,SELL,0.00392105,CLOSE,1741648109.0,0.659,11.9,7.8421,1
binance_perpetual-2025-11-1-2000-2025.sqlite,binance-perpetual||ETHFI-USDT||RED-USDT||2025||isoweek11_1-2000,1,ETHFI-USDT,LIMIT,BUY,0.00156461,OPEN,1741648202.0,0.6574,11.9,7.82306,1
binance_perpetual-2025-11-1-2000-2025.sqlite,binance-perpetual||ETHFI-USDT||RED-USDT||2025||isoweek11_1-2000,1,ETHFI-USDT,MARKET,SELL,0.00392223,CLOSE,1741648248.0,0.6592,11.9,7.84448,1
binance_perpetual-2025-11-1-2000-2025.sqlite,binance-perpetual||ETHFI-USDT||RED-USDT||2025||isoweek11_1-2000,1,ETHFI-USDT,LIMIT,BUY,0.00391926,OPEN,1741647784.0,0.6587,11.9,7.83853,1
binance_perpetual-2025-11-1-2000-2025.sqlite,binance-perpetual||ETHFI-USDT||RED-USDT||2025||isoweek11_1-2000,1,ETHFI-USDT,MARKET,SELL,0.00393057,CLOSE,1741648269.0,0.6606,11.9,7.86114,1
binance_perpetual-2025-11-1-2000-2025.sqlite,binance-perpetual||ETHFI-USDT||RED-USDT||2025||isoweek11_1-2000,1,ETHFI-USDT,LIMIT,BUY,0.00156532,OPEN,1741648304.0,0.6577,11.9,7.82663,1
binance_perpetual-2025-11-1-2000-2025.sqlite,binance-perpetual||ETHFI-USDT||RED-USDT||2025||isoweek11_1-2000,1,ETHFI-USDT,MARKET,SELL,0.00392045,CLOSE,1741648356.0,0.6589,11.9,7.84091,1
binance_perpetual-2025-11-1-2000-2025.sqlite,binance-perpetual||ETHFI-USDT||RED-USDT||2025||isoweek11_1-2000,1,ETHFI-USDT,LIMIT,BUY,0.00157421,OPEN,1741648756.0,0.6505,12.1,7.87105,1
binance_perpetual-2025-11-1-2000-2025.sqlite,binance-perpetual||ETHFI-USDT||RED-USDT||2025||isoweek11_1-2000,1,ETHFI-USDT,MARKET,SELL,0.00394399,CLOSE,1741648765.0,0.6519,12.1,7.88799,1
binance_perpetual-2025-11-1-2000-2025.sqlite,binance-perpetual||ETHFI-USDT||RED-USDT||2025||isoweek11_1-2000,1,ETHFI-USDT,LIMIT,BUY,0.00156456,OPEN,1741648695.0,0.6519,12.0,7.8228,1
binance_perpetual-2025-11-1-2000-2025.sqlite,binance-perpetual||ETHFI-USDT||RED-USDT||2025||isoweek11_1-2000,1,ETHFI-USDT,MARKET,SELL,0.0039204,CLOSE,1741648845.0,0.6534,12.0,7.8408,1
binance_perpetual-2025-11-1-2000-2025.sqlite,binance-perpetual||ETHFI-USDT||RED-USDT||2025||isoweek11_1-2000,1,ETHFI-USDT,LIMIT,BUY,0.0039108,OPEN,1741649018.0,0.6518,12.0,7.8216,1
binance_perpetual-2025-11-1-2000-2025.sqlite,binance-perpetual||ETHFI-USDT||RED-USDT||2025||isoweek11_1-2000,1,ETHFI-USDT,MARKET,SELL,0.0039198,CLOSE,1741649067.0,0.6533,12.0,7.8396,1
binance_perpetual-2025-11-1-2000-2025.sqlite,binance-perpetual||ETHFI-USDT||RED-USDT||2025||isoweek11_1-2000,1,ETHFI-USDT,LIMIT,BUY,0.00156456,OPEN,1741649159.0,0.6519,12.0,7.8228,1
binance_perpetual-2025-11-1-2000-2025.sqlite,binance-perpetual||ETHFI-USDT||RED-USDT||2025||isoweek11_1-2000,1,ETHFI-USDT,MARKET,SELL,0.0039198,CLOSE,1741649482.0,0.6533,12.0,7.8396,1
binance_perpetual-2025-11-1-2000-2025.sqlite,binance-perpetual||ETHFI-USDT||RED-USDT||2025||isoweek11_1-2000,1,ETHFI-USDT,LIMIT,BUY,0.00156816,OPEN,1741648568.0,0.6534,12.0,7.8408,1
binance_perpetual-2025-11-1-2000-2025.sqlite,binance-perpetual||ETHFI-USDT||RED-USDT||2025||isoweek11_1-2000,1,ETHFI-USDT,MARKET,SELL,0.00392879,CLOSE,1741649563.0,0.6548,12.0,7.8576,1
binance_perpetual-2025-11-1-2000-2025.sqlite,binance-perpetual||ETHFI-USDT||RED-USDT||2025||isoweek11_1-2000,1,ETHFI-USDT,LIMIT,BUY,0.00157152,OPEN,1741648507.0,0.6548,12.0,7.8576,1
binance_perpetual-2025-11-1-2000-2025.sqlite,binance-perpetual||ETHFI-USDT||RED-USDT||2025||isoweek11_1-2000,1,ETHFI-USDT,MARKET,SELL,0.0039384,CLOSE,1741649600.0,0.6564,12.0,7.8768,1
binance_perpetual-2025-11-1-2000-2025.sqlite,binance-perpetual||ETHFI-USDT||RED-USDT||2025||isoweek11_1-2000,1,ETHFI-USDT,LIMIT,BUY,0.00157464,OPEN,1741648473.0,0.6561,12.0,7.8732,1
binance_perpetual-2025-11-1-2000-2025.sqlite,binance-perpetual||ETHFI-USDT||RED-USDT||2025||isoweek11_1-2000,1,ETHFI-USDT,MARKET,SELL,0.00394559,CLOSE,1741649796.0,0.6576,12.0,7.8912,1
binance_perpetual-2025-11-1-2000-2025.sqlite,binance-perpetual||ETHFI-USDT||RED-USDT||2025||isoweek11_1-2000,1,ETHFI-USDT,LIMIT,BUY,0.00156532,OPEN,1741648406.0,0.6577,11.9,7.82663,1
binance_perpetual-2025-11-1-2000-2025.sqlite,binance-perpetual||ETHFI-USDT||RED-USDT||2025||isoweek11_1-2000,1,ETHFI-USDT,MARKET,SELL,0.00392164,CLOSE,1741649845.0,0.6591,11.9,7.84329,1
binance_perpetual-2025-11-1-2000-2025.sqlite,binance-perpetual||ETHFI-USDT||RED-USDT||2025||isoweek11_1-2000,1,ETHFI-USDT,LIMIT,BUY,0.00156532,OPEN,1741649887.0,0.6577,11.9,7.82663,1
binance_perpetual-2025-11-1-2000-2025.sqlite,binance-perpetual||ETHFI-USDT||RED-USDT||2025||isoweek11_1-2000,1,ETHFI-USDT,MARKET,SELL,0.00392164,CLOSE,1741649937.0,0.6591,11.9,7.84329,1
binance_perpetual-2025-11-1-2000-2025.sqlite,binance-perpetual||ETHFI-USDT||RED-USDT||2025||isoweek11_1-2000,1,ETHFI-USDT,LIMIT,BUY,0.00390406,OPEN,1741651133.0,0.6453,12.1,7.80813,1
binance_perpetual-2025-11-1-2000-2025.sqlite,binance-perpetual||ETHFI-USDT||RED-USDT||2025||isoweek11_1-2000,1,ETHFI-USDT,MARKET,SELL,0.00391858,CLOSE,1741651247.0,0.6477,12.1,7.83717,1
binance_perpetual-2025-11-1-2000-2025.sqlite,binance-perpetual||ETHFI-USDT||RED-USDT||2025||isoweek11_1-2000,1,ETHFI-USDT,LIMIT,BUY,0.00156356,OPEN,1741651304.0,0.6461,12.1,7.81781,1
binance_perpetual-2025-11-1-2000-2025.sqlite,binance-perpetual||ETHFI-USDT||RED-USDT||2025||isoweek11_1-2000,1,ETHFI-USDT,MARKET,SELL,0.00391677,CLOSE,1741651336.0,0.6474,12.1,7.83354,1
binance_perpetual-2025-11-1-2000-2025.sqlite,binance-perpetual||ETHFI-USDT||RED-USDT||2025||isoweek11_1-2000,1,ETHFI-USDT,LIMIT,BUY,0.00391798,OPEN,1741650983.0,0.6476,12.1,7.83596,1
binance_perpetual-2025-11-1-2000-2025.sqlite,binance-perpetual||ETHFI-USDT||RED-USDT||2025||isoweek11_1-2000,1,ETHFI-USDT,MARKET,SELL,0.00392766,CLOSE,1741651371.0,0.6492,12.1,7.85532,1
binance_perpetual-2025-11-1-2000-2025.sqlite,binance-perpetual||ETHFI-USDT||RED-USDT||2025||isoweek11_1-2000,1,ETHFI-USDT,LIMIT,BUY,0.00392645,OPEN,1741650881.0,0.649,12.1,7.8529,1
binance_perpetual-2025-11-1-2000-2025.sqlite,binance-perpetual||ETHFI-USDT||RED-USDT||2025||isoweek11_1-2000,1,ETHFI-USDT,MARKET,SELL,0.00393492,CLOSE,1741651458.0,0.6504,12.1,7.86984,1
binance_perpetual-2025-11-1-2000-2025.sqlite,binance-perpetual||ETHFI-USDT||RED-USDT||2025||isoweek11_1-2000,1,ETHFI-USDT,LIMIT,BUY,0.00157421,OPEN,1741650841.0,0.6505,12.1,7.87105,1
binance_perpetual-2025-11-1-2000-2025.sqlite,binance-perpetual||ETHFI-USDT||RED-USDT||2025||isoweek11_1-2000,1,ETHFI-USDT,MARKET,SELL,0.0039446,CLOSE,1741651538.0,0.652,12.1,7.8892,1
binance_perpetual-2025-11-1-2000-2025.sqlite,binance-perpetual||ETHFI-USDT||RED-USDT||2025||isoweek11_1-2000,1,ETHFI-USDT,LIMIT,BUY,0.00156408,OPEN,1741650746.0,0.6517,12.0,7.8204,1
binance_perpetual-2025-11-1-2000-2025.sqlite,binance-perpetual||ETHFI-USDT||RED-USDT||2025||isoweek11_1-2000,1,ETHFI-USDT,MARKET,SELL,0.0039216,CLOSE,1741651650.0,0.6536,12.0,7.8432,1
binance_perpetual-2025-11-1-2000-2025.sqlite,binance-perpetual||ETHFI-USDT||RED-USDT||2025||isoweek11_1-2000,1,ETHFI-USDT,LIMIT,BUY,0.00156816,OPEN,1741650512.0,0.6534,12.0,7.8408,1
binance_perpetual-2025-11-1-2000-2025.sqlite,binance-perpetual||ETHFI-USDT||RED-USDT||2025||isoweek11_1-2000,1,ETHFI-USDT,MARKET,SELL,0.00393,CLOSE,1741651712.0,0.655,12.0,7.86,1
binance_perpetual-2025-11-1-2000-2025.sqlite,binance-perpetual||ETHFI-USDT||RED-USDT||2025||isoweek11_1-2000,1,ETHFI-USDT,LIMIT,BUY,0.0039114,OPEN,1741651826.0,0.6519,12.0,7.8228,1
binance_perpetual-2025-11-1-2000-2025.sqlite,binance-perpetual||ETHFI-USDT||RED-USDT||2025||isoweek11_1-2000,1,ETHFI-USDT,MARKET,SELL,0.0039204,CLOSE,1741651893.0,0.6534,12.0,7.8408,1
binance_perpetual-2025-11-1-2000-2025.sqlite,binance-perpetual||ETHFI-USDT||RED-USDT||2025||isoweek11_1-2000,1,ETHFI-USDT,LIMIT,BUY,0.00156526,OPEN,1741652303.0,0.6415,12.2,7.8263,1
binance_perpetual-2025-11-1-2000-2025.sqlite,binance-perpetual||ETHFI-USDT||RED-USDT||2025||isoweek11_1-2000,1,ETHFI-USDT,MARKET,SELL,0.00392291,CLOSE,1741652345.0,0.6431,12.2,7.84582,1
binance_perpetual-2025-11-1-2000-2025.sqlite,binance-perpetual||ETHFI-USDT||RED-USDT||2025||isoweek11_1-2000,1,ETHFI-USDT,LIMIT,BUY,0.00156526,OPEN,1741652361.0,0.6415,12.2,7.8263,1
binance_perpetual-2025-11-1-2000-2025.sqlite,binance-perpetual||ETHFI-USDT||RED-USDT||2025||isoweek11_1-2000,1,ETHFI-USDT,MARKET,SELL,0.0039223,CLOSE,1741652400.0,0.643,12.2,7.8446,1
binance_perpetual-2025-11-1-2000-2025.sqlite,binance-perpetual||ETHFI-USDT||RED-USDT||2025||isoweek11_1-2000,1,ETHFI-USDT,LIMIT,BUY,0.00156892,OPEN,1741652182.0,0.643,12.2,7.8446,1
binance_perpetual-2025-11-1-2000-2025.sqlite,binance-perpetual||ETHFI-USDT||RED-USDT||2025||isoweek11_1-2000,1,ETHFI-USDT,MARKET,SELL,0.00393267,CLOSE,1741652447.0,0.6447,12.2,7.86534,1
binance_perpetual-2025-11-1-2000-2025.sqlite,binance-perpetual||ETHFI-USDT||RED-USDT||2025||isoweek11_1-2000,1,ETHFI-USDT,LIMIT,BUY,0.00156934,OPEN,1741652685.0,0.6328,12.4,7.84672,1
binance_perpetual-2025-11-1-2000-2025.sqlite,binance-perpetual||ETHFI-USDT||RED-USDT||2025||isoweek11_1-2000,1,ETHFI-USDT,MARKET,SELL,0.00393204,CLOSE,1741652704.0,0.6342,12.4,7.86408,1
binance_perpetual-2025-11-1-2000-2025.sqlite,binance-perpetual||ETHFI-USDT||RED-USDT||2025||isoweek11_1-2000,1,ETHFI-USDT,LIMIT,BUY,0.00157281,OPEN,1741652625.0,0.6342,12.4,7.86408,1
binance_perpetual-2025-11-1-2000-2025.sqlite,binance-perpetual||ETHFI-USDT||RED-USDT||2025||isoweek11_1-2000,1,ETHFI-USDT,MARKET,SELL,0.0039432,CLOSE,1741652757.0,0.636,12.4,7.8864,1
binance_perpetual-2025-11-1-2000-2025.sqlite,binance-perpetual||ETHFI-USDT||RED-USDT||2025||isoweek11_1-2000,1,ETHFI-USDT,LIMIT,BUY,0.00391078,OPEN,1741652618.0,0.6359,12.3,7.82157,1
binance_perpetual-2025-11-1-2000-2025.sqlite,binance-perpetual||ETHFI-USDT||RED-USDT||2025||isoweek11_1-2000,1,ETHFI-USDT,MARKET,SELL,0.00392369,CLOSE,1741652764.0,0.638,12.3,7.8474,1
binance_perpetual-2025-11-1-2000-2025.sqlite,binance-perpetual||ETHFI-USDT||RED-USDT||2025||isoweek11_1-2000,1,ETHFI-USDT,LIMIT,BUY,0.00156984,OPEN,1741652725.0,0.633,12.4,7.8492,1
binance_perpetual-2025-11-1-2000-2025.sqlite,binance-perpetual||ETHFI-USDT||RED-USDT||2025||isoweek11_1-2000,1,ETHFI-USDT,MARKET,SELL,0.00393514,CLOSE,1741652859.0,0.6347,12.4,7.87028,1
binance_perpetual-2025-11-1-2000-2025.sqlite,binance-perpetual||ETHFI-USDT||RED-USDT||2025||isoweek11_1-2000,1,ETHFI-USDT,LIMIT,BUY,0.00393309,OPEN,1741652997.0,0.6243,12.6,7.86618,1
binance_perpetual-2025-11-1-2000-2025.sqlite,binance-perpetual||ETHFI-USDT||RED-USDT||2025||isoweek11_1-2000,1,ETHFI-USDT,LIMIT,BUY,0.0039075,OPEN,1741652990.0,0.6252,12.5,7.815,1
binance_perpetual-2025-11-1-2000-2025.sqlite,binance-perpetual||ETHFI-USDT||RED-USDT||2025||isoweek11_1-2000,1,ETHFI-USDT,LIMIT,BUY,0.001568,OPEN,1741652984.0,0.6272,12.5,7.84,1
binance_perpetual-2025-11-1-2000-2025.sqlite,binance-perpetual||ETHFI-USDT||RED-USDT||2025||isoweek11_1-2000,1,ETHFI-USDT,LIMIT,BUY,0.00386589,OPEN,1741652952.0,0.6286,12.3,7.73178,1
binance_perpetual-2025-11-1-2000-2025.sqlite,binance-perpetual||ETHFI-USDT||RED-USDT||2025||isoweek11_1-2000,1,ETHFI-USDT,LIMIT,BUY,6.286e-05,OPEN,1741652952.0,0.6286,0.2,0.12572,1
binance_perpetual-2025-11-1-2000-2025.sqlite,binance-perpetual||ETHFI-USDT||RED-USDT||2025||isoweek11_1-2000,1,ETHFI-USDT,LIMIT,BUY,0.00156215,OPEN,1741652898.0,0.6299,12.4,7.81076,1
binance_perpetual-2025-11-1-2000-2025.sqlite,binance-perpetual||ETHFI-USDT||RED-USDT||2025||isoweek11_1-2000,1,ETHFI-USDT,LIMIT,BUY,0.00156562,OPEN,1741652882.0,0.6313,12.4,7.82812,1
binance_perpetual-2025-11-1-2000-2025.sqlite,binance-perpetual||ETHFI-USDT||RED-USDT||2025||isoweek11_1-2000,1,ETHFI-USDT,LIMIT,BUY,0.00392212,OPEN,1741652871.0,0.6326,12.4,7.84424,1
binance_perpetual-2025-11-1-2000-2025.sqlite,binance-perpetual||ETHFI-USDT||RED-USDT||2025||isoweek11_1-2000,1,ETHFI-USDT,LIMIT,BUY,0.00157306,OPEN,1741652861.0,0.6343,12.4,7.86532,1
binance_perpetual-2025-11-1-2000-2025.sqlite,binance-perpetual||ETHFI-USDT||RED-USDT||2025||isoweek11_1-2000,1,ETHFI-USDT,LIMIT,BUY,0.00390955,OPEN,1741652822.0,0.6357,12.3,7.81911,1
binance_perpetual-2025-11-1-2000-2025.sqlite,binance-perpetual||ETHFI-USDT||RED-USDT||2025||isoweek11_1-2000,1,ETHFI-USDT,LIMIT,BUY,0.00391447,OPEN,1741652598.0,0.6365,12.3,7.82895,1
binance_perpetual-2025-11-1-2000-2025.sqlite,binance-perpetual||ETHFI-USDT||RED-USDT||2025||isoweek11_1-2000,1,ETHFI-USDT,LIMIT,BUY,0.00157095,OPEN,1741652572.0,0.6386,12.3,7.85478,1
binance_perpetual-2025-11-1-2000-2025.sqlite,binance-perpetual||ETHFI-USDT||RED-USDT||2025||isoweek11_1-2000,1,ETHFI-USDT,LIMIT,BUY,0.0015744,OPEN,1741652524.0,0.64,12.3,7.872,1
binance_perpetual-2025-11-1-2000-2025.sqlite,binance-perpetual||ETHFI-USDT||RED-USDT||2025||isoweek11_1-2000,1,ETHFI-USDT,LIMIT,BUY,0.00156574,OPEN,1741652508.0,0.6417,12.2,7.82874,1
binance_perpetual-2025-11-1-2000-2025.sqlite,binance-perpetual||ETHFI-USDT||RED-USDT||2025||isoweek11_1-2000,1,ETHFI-USDT,LIMIT,BUY,0.00156867,OPEN,1741652486.0,0.6429,12.2,7.84338,1
binance_perpetual-2025-11-1-2000-2025.sqlite,binance-perpetual||ETHFI-USDT||RED-USDT||2025||isoweek11_1-2000,1,ETHFI-USDT,LIMIT,BUY,0.00393083,OPEN,1741652162.0,0.6444,12.2,7.86168,1
binance_perpetual-2025-11-1-2000-2025.sqlite,binance-perpetual||ETHFI-USDT||RED-USDT||2025||isoweek11_1-2000,1,ETHFI-USDT,LIMIT,BUY,0.00156356,OPEN,1741652121.0,0.6461,12.1,7.81781,1
binance_perpetual-2025-11-1-2000-2025.sqlite,binance-perpetual||ETHFI-USDT||RED-USDT||2025||isoweek11_1-2000,1,ETHFI-USDT,LIMIT,BUY,0.00391495,OPEN,1741652111.0,0.6471,12.1,7.82991,1
binance_perpetual-2025-11-1-2000-2025.sqlite,binance-perpetual||ETHFI-USDT||RED-USDT||2025||isoweek11_1-2000,1,ETHFI-USDT,LIMIT,BUY,0.00157058,OPEN,1741651986.0,0.649,12.1,7.8529,1
binance_perpetual-2025-11-1-2000-2025.sqlite,binance-perpetual||ETHFI-USDT||RED-USDT||2025||isoweek11_1-2000,1,ETHFI-USDT,LIMIT,BUY,0.00157372,OPEN,1741651943.0,0.6503,12.1,7.86863,1
binance_perpetual-2025-11-1-2000-2025.sqlite,binance-perpetual||ETHFI-USDT||RED-USDT||2025||isoweek11_1-2000,1,ETHFI-USDT,LIMIT,BUY,0.00156456,OPEN,1741651914.0,0.6519,12.0,7.8228,1
binance_perpetual-2025-11-1-2000-2025.sqlite,binance-perpetual||ETHFI-USDT||RED-USDT||2025||isoweek11_1-2000,1,ETHFI-USDT,LIMIT,BUY,0.00156816,OPEN,1741651766.0,0.6534,12.0,7.8408,1
binance_perpetual-2025-11-1-2000-2025.sqlite,binance-perpetual||ETHFI-USDT||RED-USDT||2025||isoweek11_1-2000,1,ETHFI-USDT,LIMIT,BUY,0.00157152,OPEN,1741650497.0,0.6548,12.0,7.8576,1
binance_perpetual-2025-11-1-2000-2025.sqlite,binance-perpetual||ETHFI-USDT||RED-USDT||2025||isoweek11_1-2000,1,ETHFI-USDT,LIMIT,BUY,0.00157464,OPEN,1741650390.0,0.6561,12.0,7.8732,1
binance_perpetual-2025-11-1-2000-2025.sqlite,binance-perpetual||ETHFI-USDT||RED-USDT||2025||isoweek11_1-2000,1,ETHFI-USDT,LIMIT,BUY,0.00391212,OPEN,1741650321.0,0.6575,11.9,7.82425,1
binance_perpetual-2025-11-1-2000-2025.sqlite,binance-perpetual||ETHFI-USDT||RED-USDT||2025||isoweek11_1-2000,1,ETHFI-USDT,LIMIT,BUY,0.00392223,OPEN,1741648281.0,0.6592,11.9,7.84448,1
binance_perpetual-2025-11-1-2000-2025.sqlite,binance-perpetual||ETHFI-USDT||RED-USDT||2025||isoweek11_1-2000,1,ETHFI-USDT,LIMIT,BUY,0.0015677,OPEN,1741647799.0,0.6587,11.9,7.83853,1
binance_perpetual-2025-11-1-2000-2025.sqlite,binance-perpetual||ETHFI-USDT||RED-USDT||2025||isoweek11_1-2000,1,ETHFI-USDT,LIMIT,BUY,0.00392045,OPEN,1741647803.0,0.6589,11.9,7.84091,1
binance_perpetual-2025-11-1-2000-2025.sqlite,binance-perpetual||ETHFI-USDT||RED-USDT||2025||isoweek11_1-2000,1,ETHFI-USDT,LIMIT,BUY,0.00156865,OPEN,1741647820.0,0.6591,11.9,7.84329,1
binance_perpetual-2025-11-1-2000-2025.sqlite,binance-perpetual||ETHFI-USDT||RED-USDT||2025||isoweek11_1-2000,1,ETHFI-USDT,LIMIT,BUY,0.00156723,OPEN,1741647826.0,0.6585,11.9,7.83615,1
binance_perpetual-2025-11-1-2000-2025.sqlite,binance-perpetual||ETHFI-USDT||RED-USDT||2025||isoweek11_1-2000,1,ETHFI-USDT,LIMIT,BUY,0.00156699,OPEN,1741647833.0,0.6584,11.9,7.83496,1
binance_perpetual-2025-11-1-2000-2025.sqlite,binance-perpetual||ETHFI-USDT||RED-USDT||2025||isoweek11_1-2000,1,ETHFI-USDT,LIMIT,BUY,0.00156342,OPEN,1741647847.0,0.6569,11.9,7.81711,1
binance_perpetual-2025-11-1-2000-2025.sqlite,binance-perpetual||ETHFI-USDT||RED-USDT||2025||isoweek11_1-2000,1,ETHFI-USDT,LIMIT,BUY,0.00156461,OPEN,1741647876.0,0.6574,11.9,7.82306,1
binance_perpetual-2025-11-1-2000-2025.sqlite,binance-perpetual||ETHFI-USDT||RED-USDT||2025||isoweek11_1-2000,1,ETHFI-USDT,LIMIT,BUY,0.00156318,OPEN,1741647892.0,0.6568,11.9,7.81592,1
binance_perpetual-2025-11-1-2000-2025.sqlite,binance-perpetual||ETHFI-USDT||RED-USDT||2025||isoweek11_1-2000,1,ETHFI-USDT,LIMIT,BUY,0.0015744,OPEN,1741647916.0,0.656,12.0,7.872,1
binance_perpetual-2025-11-1-2000-2025.sqlite,binance-perpetual||ETHFI-USDT||RED-USDT||2025||isoweek11_1-2000,1,ETHFI-USDT,LIMIT,BUY,0.00157368,OPEN,1741647920.0,0.6557,12.0,7.8684,1
binance_perpetual-2025-11-1-2000-2025.sqlite,binance-perpetual||ETHFI-USDT||RED-USDT||2025||isoweek11_1-2000,1,ETHFI-USDT,LIMIT,BUY,0.0039312,OPEN,1741647925.0,0.6552,12.0,7.8624,1
binance_perpetual-2025-11-1-2000-2025.sqlite,binance-perpetual||ETHFI-USDT||RED-USDT||2025||isoweek11_1-2000,1,ETHFI-USDT,LIMIT,BUY,0.00157224,OPEN,1741647936.0,0.6551,12.0,7.8612,1
binance_perpetual-2025-11-1-2000-2025.sqlite,binance-perpetual||ETHFI-USDT||RED-USDT||2025||isoweek11_1-2000,1,ETHFI-USDT,LIMIT,BUY,0.001572,OPEN,1741647951.0,0.655,12.0,7.86,1
binance_perpetual-2025-11-1-2000-2025.sqlite,binance-perpetual||ETHFI-USDT||RED-USDT||2025||isoweek11_1-2000,1,ETHFI-USDT,LIMIT,BUY,0.003927,OPEN,1741647975.0,0.6545,12.0,7.854,1
binance_perpetual-2025-11-1-2000-2025.sqlite,binance-perpetual||ETHFI-USDT||RED-USDT||2025||isoweek11_1-2000,1,ETHFI-USDT,LIMIT,BUY,0.00157032,OPEN,1741647986.0,0.6543,12.0,7.8516,1
binance_perpetual-2025-11-1-2000-2025.sqlite,binance-perpetual||ETHFI-USDT||RED-USDT||2025||isoweek11_1-2000,1,ETHFI-USDT,LIMIT,BUY,0.001572,OPEN,1741648009.0,0.655,12.0,7.86,1
binance_perpetual-2025-11-1-2000-2025.sqlite,binance-perpetual||ETHFI-USDT||RED-USDT||2025||isoweek11_1-2000,1,ETHFI-USDT,LIMIT,BUY,0.00157248,OPEN,1741648009.0,0.6552,12.0,7.8624,1
binance_perpetual-2025-11-1-2000-2025.sqlite,binance-perpetual||ETHFI-USDT||RED-USDT||2025||isoweek11_1-2000,1,ETHFI-USDT,LIMIT,BUY,0.0039324,OPEN,1741648033.0,0.6554,12.0,7.8648,1
binance_perpetual-2025-11-1-2000-2025.sqlite,binance-perpetual||ETHFI-USDT||RED-USDT||2025||isoweek11_1-2000,1,ETHFI-USDT,LIMIT,BUY,0.00156247,OPEN,1741648052.0,0.6565,11.9,7.81235,1
binance_perpetual-2025-11-1-2000-2025.sqlite,binance-perpetual||ETHFI-USDT||RED-USDT||2025||isoweek11_1-2000,1,ETHFI-USDT,LIMIT,BUY,0.00156675,OPEN,1741648091.0,0.6583,11.9,7.83377,1
binance_perpetual-2025-11-1-2000-2025.sqlite,binance-perpetual||ETHFI-USDT||RED-USDT||2025||isoweek11_1-2000,1,ETHFI-USDT,LIMIT,BUY,0.00157008,OPEN,1741648136.0,0.6597,11.9,7.85043,1
binance_perpetual-2025-11-1-2000-2025.sqlite,binance-perpetual||ETHFI-USDT||RED-USDT||2025||isoweek11_1-2000,1,ETHFI-USDT,LIMIT,BUY,0.00156937,OPEN,1741648143.0,0.6594,11.9,7.84686,1
binance_perpetual-2025-11-1-2000-2025.sqlite,binance-perpetual||ETHFI-USDT||RED-USDT||2025||isoweek11_1-2000,1,ETHFI-USDT,LIMIT,BUY,0.00156889,OPEN,1741648148.0,0.6592,11.9,7.84448,1
binance_perpetual-2025-11-1-2000-2025.sqlite,binance-perpetual||ETHFI-USDT||RED-USDT||2025||isoweek11_1-2000,1,ETHFI-USDT,LIMIT,BUY,0.00156842,OPEN,1741648164.0,0.659,11.9,7.8421,1
binance_perpetual-2025-11-1-2000-2025.sqlite,binance-perpetual||ETHFI-USDT||RED-USDT||2025||isoweek11_1-2000,1,ETHFI-USDT,LIMIT,BUY,0.00156746,OPEN,1741648170.0,0.6586,11.9,7.83734,1
binance_perpetual-2025-11-1-2000-2025.sqlite,binance-perpetual||ETHFI-USDT||RED-USDT||2025||isoweek11_1-2000,1,ETHFI-USDT,LIMIT,BUY,0.00156699,OPEN,1741648181.0,0.6584,11.9,7.83496,1
binance_perpetual-2025-11-1-2000-2025.sqlite,binance-perpetual||ETHFI-USDT||RED-USDT||2025||isoweek11_1-2000,1,ETHFI-USDT,LIMIT,BUY,0.00156556,OPEN,1741648194.0,0.6578,11.9,7.82782,1
binance_perpetual-2025-11-1-2000-2025.sqlite,binance-perpetual||ETHFI-USDT||RED-USDT||2025||isoweek11_1-2000,1,ETHFI-USDT,LIMIT,BUY,0.00156604,OPEN,1741648194.0,0.658,11.9,7.8302,1
binance_perpetual-2025-11-1-2000-2025.sqlite,binance-perpetual||ETHFI-USDT||RED-USDT||2025||isoweek11_1-2000,1,ETHFI-USDT,LIMIT,BUY,0.00156675,OPEN,1741648219.0,0.6583,11.9,7.83377,1
binance_perpetual-2025-11-1-2000-2025.sqlite,binance-perpetual||ETHFI-USDT||RED-USDT||2025||isoweek11_1-2000,1,ETHFI-USDT,LIMIT,BUY,0.00156651,OPEN,1741648219.0,0.6582,11.9,7.83258,1
binance_perpetual-2025-11-1-2000-2025.sqlite,binance-perpetual||ETHFI-USDT||RED-USDT||2025||isoweek11_1-2000,1,ETHFI-USDT,LIMIT,BUY,0.0039139,OPEN,1741648230.0,0.6578,11.9,7.82782,1
binance_perpetual-2025-11-1-2000-2025.sqlite,binance-perpetual||ETHFI-USDT||RED-USDT||2025||isoweek11_1-2000,1,ETHFI-USDT,LIMIT,BUY,0.00156675,OPEN,1741648242.0,0.6583,11.9,7.83377,1
binance_perpetual-2025-11-1-2000-2025.sqlite,binance-perpetual||ETHFI-USDT||RED-USDT||2025||isoweek11_1-2000,1,ETHFI-USDT,LIMIT,BUY,0.00157103,OPEN,1741648260.0,0.6601,11.9,7.85519,1
binance_perpetual-2025-11-1-2000-2025.sqlite,binance-perpetual||ETHFI-USDT||RED-USDT||2025||isoweek11_1-2000,1,ETHFI-USDT,LIMIT,BUY,0.00157127,OPEN,1741648264.0,0.6602,11.9,7.85638,1
binance_perpetual-2025-11-1-2000-2025.sqlite,binance-perpetual||ETHFI-USDT||RED-USDT||2025||isoweek11_1-2000,1,ETHFI-USDT,MARKET,SELL,0.2219256,CLOSE,1741652999.0,0.624,711.3,443.8512,1
binance_perpetual-2025-11-1-2000-2025.sqlite,binance-perpetual||ETHFI-USDT||RED-USDT||2025||isoweek11_1-2000,2,RED-USDT,LIMIT,SELL,0.0037888,OPEN,1741647827.0,0.4736,16.0,7.5776,-1
binance_perpetual-2025-11-1-2000-2025.sqlite,binance-perpetual||ETHFI-USDT||RED-USDT||2025||isoweek11_1-2000,2,RED-USDT,MARKET,BUY,0.00378,CLOSE,1741647848.0,0.4725,16.0,7.56,-1
binance_perpetual-2025-11-1-2000-2025.sqlite,binance-perpetual||ETHFI-USDT||RED-USDT||2025||isoweek11_1-2000,2,RED-USDT,LIMIT,SELL,0.00151168,OPEN,1741647783.0,0.4724,16.0,7.5584,-1
binance_perpetual-2025-11-1-2000-2025.sqlite,binance-perpetual||ETHFI-USDT||RED-USDT||2025||isoweek11_1-2000,2,RED-USDT,MARKET,BUY,0.0037696,CLOSE,1741647912.0,0.4712,16.0,7.5392,-1
binance_perpetual-2025-11-1-2000-2025.sqlite,binance-perpetual||ETHFI-USDT||RED-USDT||2025||isoweek11_1-2000,2,RED-USDT,LIMIT,SELL,0.00160412,OPEN,1741647762.0,0.4718,17.0,8.0206,-1
binance_perpetual-2025-11-1-2000-2025.sqlite,binance-perpetual||ETHFI-USDT||RED-USDT||2025||isoweek11_1-2000,2,RED-USDT,MARKET,BUY,0.0039967,CLOSE,1741647925.0,0.4702,17.0,7.9934,-1
binance_perpetual-2025-11-1-2000-2025.sqlite,binance-perpetual||ETHFI-USDT||RED-USDT||2025||isoweek11_1-2000,2,RED-USDT,LIMIT,SELL,0.0037784,OPEN,1741647768.0,0.4723,16.0,7.5568,-1
binance_perpetual-2025-11-1-2000-2025.sqlite,binance-perpetual||ETHFI-USDT||RED-USDT||2025||isoweek11_1-2000,2,RED-USDT,MARKET,BUY,0.003752,CLOSE,1741647942.0,0.469,16.0,7.504,-1
binance_perpetual-2025-11-1-2000-2025.sqlite,binance-perpetual||ETHFI-USDT||RED-USDT||2025||isoweek11_1-2000,2,RED-USDT,LIMIT,SELL,0.0037792,OPEN,1741647777.0,0.4724,16.0,7.5584,-1
binance_perpetual-2025-11-1-2000-2025.sqlite,binance-perpetual||ETHFI-USDT||RED-USDT||2025||isoweek11_1-2000,2,RED-USDT,MARKET,BUY,0.0037384,CLOSE,1741647958.0,0.4673,16.0,7.4768,-1
binance_perpetual-2025-11-1-2000-2025.sqlite,binance-perpetual||ETHFI-USDT||RED-USDT||2025||isoweek11_1-2000,2,RED-USDT,LIMIT,SELL,0.00160174,OPEN,1741648066.0,0.4711,17.0,8.0087,-1
binance_perpetual-2025-11-1-2000-2025.sqlite,binance-perpetual||ETHFI-USDT||RED-USDT||2025||isoweek11_1-2000,2,RED-USDT,MARKET,BUY,0.00399584,CLOSE,1741648195.0,0.4701,17.0,7.9917,-1
binance_perpetual-2025-11-1-2000-2025.sqlite,binance-perpetual||ETHFI-USDT||RED-USDT||2025||isoweek11_1-2000,2,RED-USDT,LIMIT,SELL,0.00399925,OPEN,1741648043.0,0.4705,17.0,7.9985,-1
binance_perpetual-2025-11-1-2000-2025.sqlite,binance-perpetual||ETHFI-USDT||RED-USDT||2025||isoweek11_1-2000,2,RED-USDT,MARKET,BUY,0.00398395,CLOSE,1741648305.0,0.4687,17.0,7.9679,-1
binance_perpetual-2025-11-1-2000-2025.sqlite,binance-perpetual||ETHFI-USDT||RED-USDT||2025||isoweek11_1-2000,2,RED-USDT,LIMIT,SELL,0.001598,OPEN,1741648355.0,0.47,17.0,7.99,-1
binance_perpetual-2025-11-1-2000-2025.sqlite,binance-perpetual||ETHFI-USDT||RED-USDT||2025||isoweek11_1-2000,2,RED-USDT,MARKET,BUY,0.0028134,CLOSE,1741648394.0,0.4689,12.0,5.6268,-1
binance_perpetual-2025-11-1-2000-2025.sqlite,binance-perpetual||ETHFI-USDT||RED-USDT||2025||isoweek11_1-2000,2,RED-USDT,MARKET,BUY,0.00117224,CLOSE,1741648394.0,0.4689,5.0,2.3445,-1
binance_perpetual-2025-11-1-2000-2025.sqlite,binance-perpetual||ETHFI-USDT||RED-USDT||2025||isoweek11_1-2000,2,RED-USDT,LIMIT,SELL,0.00398565,OPEN,1741647996.0,0.4689,17.0,7.9713,-1
binance_perpetual-2025-11-1-2000-2025.sqlite,binance-perpetual||ETHFI-USDT||RED-USDT||2025||isoweek11_1-2000,2,RED-USDT,MARKET,BUY,0.0028056,CLOSE,1741648498.0,0.4676,12.0,5.6112,-1
binance_perpetual-2025-11-1-2000-2025.sqlite,binance-perpetual||ETHFI-USDT||RED-USDT||2025||isoweek11_1-2000,2,RED-USDT,MARKET,BUY,0.00116899,CLOSE,1741648498.0,0.4676,5.0,2.338,-1
binance_perpetual-2025-11-1-2000-2025.sqlite,binance-perpetual||ETHFI-USDT||RED-USDT||2025||isoweek11_1-2000,2,RED-USDT,LIMIT,SELL,0.001512,OPEN,1741647789.0,0.4725,16.0,7.56,-1
binance_perpetual-2025-11-1-2000-2025.sqlite,binance-perpetual||ETHFI-USDT||RED-USDT||2025||isoweek11_1-2000,2,RED-USDT,MARKET,BUY,0.0037336,CLOSE,1741648579.0,0.4667,16.0,7.4672,-1
binance_perpetual-2025-11-1-2000-2025.sqlite,binance-perpetual||ETHFI-USDT||RED-USDT||2025||isoweek11_1-2000,2,RED-USDT,LIMIT,SELL,0.00159018,OPEN,1741648628.0,0.4677,17.0,7.9509,-1
binance_perpetual-2025-11-1-2000-2025.sqlite,binance-perpetual||ETHFI-USDT||RED-USDT||2025||isoweek11_1-2000,2,RED-USDT,MARKET,BUY,0.0039661,CLOSE,1741648719.0,0.4666,17.0,7.9322,-1
binance_perpetual-2025-11-1-2000-2025.sqlite,binance-perpetual||ETHFI-USDT||RED-USDT||2025||isoweek11_1-2000,2,RED-USDT,LIMIT,SELL,0.00159392,OPEN,1741648853.0,0.4688,17.0,7.9696,-1
binance_perpetual-2025-11-1-2000-2025.sqlite,binance-perpetual||ETHFI-USDT||RED-USDT||2025||isoweek11_1-2000,2,RED-USDT,MARKET,BUY,0.0039763,CLOSE,1741648915.0,0.4678,17.0,7.9526,-1
binance_perpetual-2025-11-1-2000-2025.sqlite,binance-perpetual||ETHFI-USDT||RED-USDT||2025||isoweek11_1-2000,2,RED-USDT,LIMIT,SELL,0.00159426,OPEN,1741648955.0,0.4689,17.0,7.9713,-1
binance_perpetual-2025-11-1-2000-2025.sqlite,binance-perpetual||ETHFI-USDT||RED-USDT||2025||isoweek11_1-2000,2,RED-USDT,MARKET,BUY,0.0039763,CLOSE,1741648970.0,0.4678,17.0,7.9526,-1
binance_perpetual-2025-11-1-2000-2025.sqlite,binance-perpetual||ETHFI-USDT||RED-USDT||2025||isoweek11_1-2000,2,RED-USDT,LIMIT,SELL,0.00151328,OPEN,1741647795.0,0.4729,16.0,7.5664,-1
binance_perpetual-2025-11-1-2000-2025.sqlite,binance-perpetual||ETHFI-USDT||RED-USDT||2025||isoweek11_1-2000,2,RED-USDT,MARKET,BUY,0.0037224,CLOSE,1741649025.0,0.4653,16.0,7.4448,-1
binance_perpetual-2025-11-1-2000-2025.sqlite,binance-perpetual||ETHFI-USDT||RED-USDT||2025||isoweek11_1-2000,2,RED-USDT,LIMIT,SELL,0.00160378,OPEN,1741647818.0,0.4717,17.0,8.0189,-1
binance_perpetual-2025-11-1-2000-2025.sqlite,binance-perpetual||ETHFI-USDT||RED-USDT||2025||isoweek11_1-2000,2,RED-USDT,MARKET,BUY,0.0039372,CLOSE,1741649115.0,0.4632,17.0,7.8744,-1
binance_perpetual-2025-11-1-2000-2025.sqlite,binance-perpetual||ETHFI-USDT||RED-USDT||2025||isoweek11_1-2000,2,RED-USDT,LIMIT,SELL,0.00151296,OPEN,1741647838.0,0.4728,16.0,7.5648,-1
binance_perpetual-2025-11-1-2000-2025.sqlite,binance-perpetual||ETHFI-USDT||RED-USDT||2025||isoweek11_1-2000,2,RED-USDT,MARKET,BUY,0.0036872,CLOSE,1741649125.0,0.4609,16.0,7.3744,-1
binance_perpetual-2025-11-1-2000-2025.sqlite,binance-perpetual||ETHFI-USDT||RED-USDT||2025||isoweek11_1-2000,2,RED-USDT,LIMIT,SELL,0.00160378,OPEN,1741647825.0,0.4717,17.0,8.0189,-1
binance_perpetual-2025-11-1-2000-2025.sqlite,binance-perpetual||ETHFI-USDT||RED-USDT||2025||isoweek11_1-2000,2,RED-USDT,MARKET,BUY,0.0039287,CLOSE,1741649129.0,0.4622,17.0,7.8574,-1
binance_perpetual-2025-11-1-2000-2025.sqlite,binance-perpetual||ETHFI-USDT||RED-USDT||2025||isoweek11_1-2000,2,RED-USDT,LIMIT,SELL,0.00066052,OPEN,1741647810.0,0.4718,7.0,3.3026,-1
binance_perpetual-2025-11-1-2000-2025.sqlite,binance-perpetual||ETHFI-USDT||RED-USDT||2025||isoweek11_1-2000,2,RED-USDT,LIMIT,SELL,0.0009436,OPEN,1741647810.0,0.4718,10.0,4.718,-1
binance_perpetual-2025-11-1-2000-2025.sqlite,binance-perpetual||ETHFI-USDT||RED-USDT||2025||isoweek11_1-2000,2,RED-USDT,MARKET,BUY,0.0039457,CLOSE,1741649177.0,0.4642,17.0,7.8914,-1
binance_perpetual-2025-11-1-2000-2025.sqlite,binance-perpetual||ETHFI-USDT||RED-USDT||2025||isoweek11_1-2000,2,RED-USDT,LIMIT,SELL,0.00157828,OPEN,1741649177.0,0.4642,17.0,7.8914,-1
binance_perpetual-2025-11-1-2000-2025.sqlite,binance-perpetual||ETHFI-USDT||RED-USDT||2025||isoweek11_1-2000,2,RED-USDT,MARKET,BUY,0.0039372,CLOSE,1741649263.0,0.4632,17.0,7.8744,-1
binance_perpetual-2025-11-1-2000-2025.sqlite,binance-perpetual||ETHFI-USDT||RED-USDT||2025||isoweek11_1-2000,2,RED-USDT,LIMIT,SELL,0.00157828,OPEN,1741649332.0,0.4642,17.0,7.8914,-1
binance_perpetual-2025-11-1-2000-2025.sqlite,binance-perpetual||ETHFI-USDT||RED-USDT||2025||isoweek11_1-2000,2,RED-USDT,MARKET,BUY,0.00393635,CLOSE,1741649445.0,0.4631,17.0,7.8727,-1
binance_perpetual-2025-11-1-2000-2025.sqlite,binance-perpetual||ETHFI-USDT||RED-USDT||2025||isoweek11_1-2000,2,RED-USDT,LIMIT,SELL,0.00392785,OPEN,1741649129.0,0.4621,17.0,7.8557,-1
binance_perpetual-2025-11-1-2000-2025.sqlite,binance-perpetual||ETHFI-USDT||RED-USDT||2025||isoweek11_1-2000,2,RED-USDT,MARKET,BUY,0.00391765,CLOSE,1741649448.0,0.4609,17.0,7.8353,-1
binance_perpetual-2025-11-1-2000-2025.sqlite,binance-perpetual||ETHFI-USDT||RED-USDT||2025||isoweek11_1-2000,2,RED-USDT,LIMIT,SELL,0.0039457,OPEN,1741649472.0,0.4642,17.0,7.8914,-1
binance_perpetual-2025-11-1-2000-2025.sqlite,binance-perpetual||ETHFI-USDT||RED-USDT||2025||isoweek11_1-2000,2,RED-USDT,MARKET,BUY,0.00393635,CLOSE,1741649496.0,0.4631,17.0,7.8727,-1
binance_perpetual-2025-11-1-2000-2025.sqlite,binance-perpetual||ETHFI-USDT||RED-USDT||2025||isoweek11_1-2000,2,RED-USDT,LIMIT,SELL,0.00159018,OPEN,1741648769.0,0.4677,17.0,7.9509,-1
binance_perpetual-2025-11-1-2000-2025.sqlite,binance-perpetual||ETHFI-USDT||RED-USDT||2025||isoweek11_1-2000,2,RED-USDT,MARKET,BUY,0.0023325,CLOSE,1741649708.0,0.4665,10.0,4.665,-1
binance_perpetual-2025-11-1-2000-2025.sqlite,binance-perpetual||ETHFI-USDT||RED-USDT||2025||isoweek11_1-2000,2,RED-USDT,MARKET,BUY,0.00163275,CLOSE,1741649708.0,0.4665,7.0,3.2655,-1
binance_perpetual-2025-11-1-2000-2025.sqlite,binance-perpetual||ETHFI-USDT||RED-USDT||2025||isoweek11_1-2000,2,RED-USDT,LIMIT,SELL,0.0015861,OPEN,1741649710.0,0.4665,17.0,7.9305,-1
binance_perpetual-2025-11-1-2000-2025.sqlite,binance-perpetual||ETHFI-USDT||RED-USDT||2025||isoweek11_1-2000,2,RED-USDT,MARKET,BUY,0.0039559,CLOSE,1741649728.0,0.4654,17.0,7.9118,-1
binance_perpetual-2025-11-1-2000-2025.sqlite,binance-perpetual||ETHFI-USDT||RED-USDT||2025||isoweek11_1-2000,2,RED-USDT,LIMIT,SELL,0.0015861,OPEN,1741649750.0,0.4665,17.0,7.9305,-1
binance_perpetual-2025-11-1-2000-2025.sqlite,binance-perpetual||ETHFI-USDT||RED-USDT||2025||isoweek11_1-2000,2,RED-USDT,MARKET,BUY,0.00395675,CLOSE,1741649900.0,0.4655,17.0,7.9135,-1
binance_perpetual-2025-11-1-2000-2025.sqlite,binance-perpetual||ETHFI-USDT||RED-USDT||2025||isoweek11_1-2000,2,RED-USDT,LIMIT,SELL,0.0015861,OPEN,1741649935.0,0.4665,17.0,7.9305,-1
binance_perpetual-2025-11-1-2000-2025.sqlite,binance-perpetual||ETHFI-USDT||RED-USDT||2025||isoweek11_1-2000,2,RED-USDT,MARKET,BUY,0.00395675,CLOSE,1741649969.0,0.4655,17.0,7.9135,-1
binance_perpetual-2025-11-1-2000-2025.sqlite,binance-perpetual||ETHFI-USDT||RED-USDT||2025||isoweek11_1-2000,2,RED-USDT,LIMIT,SELL,0.0039559,OPEN,1741649617.0,0.4654,17.0,7.9118,-1
binance_perpetual-2025-11-1-2000-2025.sqlite,binance-perpetual||ETHFI-USDT||RED-USDT||2025||isoweek11_1-2000,2,RED-USDT,MARKET,BUY,0.0039457,CLOSE,1741650084.0,0.4642,17.0,7.8914,-1
binance_perpetual-2025-11-1-2000-2025.sqlite,binance-perpetual||ETHFI-USDT||RED-USDT||2025||isoweek11_1-2000,2,RED-USDT,LIMIT,SELL,0.00396779,OPEN,1741650291.0,0.4668,17.0,7.9356,-1
binance_perpetual-2025-11-1-2000-2025.sqlite,binance-perpetual||ETHFI-USDT||RED-USDT||2025||isoweek11_1-2000,2,RED-USDT,MARKET,BUY,0.00395675,CLOSE,1741650325.0,0.4655,17.0,7.9135,-1
binance_perpetual-2025-11-1-2000-2025.sqlite,binance-perpetual||ETHFI-USDT||RED-USDT||2025||isoweek11_1-2000,2,RED-USDT,LIMIT,SELL,0.00395675,OPEN,1741650229.0,0.4655,17.0,7.9135,-1
binance_perpetual-2025-11-1-2000-2025.sqlite,binance-perpetual||ETHFI-USDT||RED-USDT||2025||isoweek11_1-2000,2,RED-USDT,MARKET,BUY,0.00394315,CLOSE,1741650512.0,0.4639,17.0,7.8863,-1
binance_perpetual-2025-11-1-2000-2025.sqlite,binance-perpetual||ETHFI-USDT||RED-USDT||2025||isoweek11_1-2000,2,RED-USDT,LIMIT,SELL,0.00157828,OPEN,1741649572.0,0.4642,17.0,7.8914,-1
binance_perpetual-2025-11-1-2000-2025.sqlite,binance-perpetual||ETHFI-USDT||RED-USDT||2025||isoweek11_1-2000,2,RED-USDT,MARKET,BUY,0.00393635,CLOSE,1741650518.0,0.4631,17.0,7.8727,-1
binance_perpetual-2025-11-1-2000-2025.sqlite,binance-perpetual||ETHFI-USDT||RED-USDT||2025||isoweek11_1-2000,2,RED-USDT,LIMIT,SELL,0.00158236,OPEN,1741650761.0,0.4654,17.0,7.9118,-1
binance_perpetual-2025-11-1-2000-2025.sqlite,binance-perpetual||ETHFI-USDT||RED-USDT||2025||isoweek11_1-2000,2,RED-USDT,MARKET,BUY,0.00394655,CLOSE,1741650833.0,0.4643,17.0,7.8931,-1
binance_perpetual-2025-11-1-2000-2025.sqlite,binance-perpetual||ETHFI-USDT||RED-USDT||2025||isoweek11_1-2000,2,RED-USDT,LIMIT,SELL,0.00157862,OPEN,1741650595.0,0.4643,17.0,7.8931,-1
binance_perpetual-2025-11-1-2000-2025.sqlite,binance-perpetual||ETHFI-USDT||RED-USDT||2025||isoweek11_1-2000,2,RED-USDT,MARKET,BUY,0.0039372,CLOSE,1741650845.0,0.4632,17.0,7.8744,-1
binance_perpetual-2025-11-1-2000-2025.sqlite,binance-perpetual||ETHFI-USDT||RED-USDT||2025||isoweek11_1-2000,2,RED-USDT,LIMIT,SELL,0.00157454,OPEN,1741649145.0,0.4631,17.0,7.8727,-1
binance_perpetual-2025-11-1-2000-2025.sqlite,binance-perpetual||ETHFI-USDT||RED-USDT||2025||isoweek11_1-2000,2,RED-USDT,MARKET,BUY,0.00392785,CLOSE,1741650882.0,0.4621,17.0,7.8557,-1
binance_perpetual-2025-11-1-2000-2025.sqlite,binance-perpetual||ETHFI-USDT||RED-USDT||2025||isoweek11_1-2000,2,RED-USDT,LIMIT,SELL,0.00392785,OPEN,1741649454.0,0.4621,17.0,7.8557,-1
binance_perpetual-2025-11-1-2000-2025.sqlite,binance-perpetual||ETHFI-USDT||RED-USDT||2025||isoweek11_1-2000,2,RED-USDT,MARKET,BUY,0.00391765,CLOSE,1741651116.0,0.4609,17.0,7.8353,-1
binance_perpetual-2025-11-1-2000-2025.sqlite,binance-perpetual||ETHFI-USDT||RED-USDT||2025||isoweek11_1-2000,2,RED-USDT,LIMIT,SELL,0.00393805,OPEN,1741651260.0,0.4633,17.0,7.8761,-1
binance_perpetual-2025-11-1-2000-2025.sqlite,binance-perpetual||ETHFI-USDT||RED-USDT||2025||isoweek11_1-2000,2,RED-USDT,MARKET,BUY,0.00392785,CLOSE,1741651309.0,0.4621,17.0,7.8557,-1
binance_perpetual-2025-11-1-2000-2025.sqlite,binance-perpetual||ETHFI-USDT||RED-USDT||2025||isoweek11_1-2000,2,RED-USDT,LIMIT,SELL,0.00160208,OPEN,1741651529.0,0.4712,17.0,8.0104,-1
binance_perpetual-2025-11-1-2000-2025.sqlite,binance-perpetual||ETHFI-USDT||RED-USDT||2025||isoweek11_1-2000,2,RED-USDT,MARKET,BUY,0.00282,CLOSE,1741651537.0,0.47,12.0,5.64,-1
binance_perpetual-2025-11-1-2000-2025.sqlite,binance-perpetual||ETHFI-USDT||RED-USDT||2025||isoweek11_1-2000,2,RED-USDT,MARKET,BUY,0.00117525,CLOSE,1741651537.0,0.4701,5.0,2.3505,-1
binance_perpetual-2025-11-1-2000-2025.sqlite,binance-perpetual||ETHFI-USDT||RED-USDT||2025||isoweek11_1-2000,2,RED-USDT,LIMIT,SELL,0.00399755,OPEN,1741651516.0,0.4703,17.0,7.9951,-1
binance_perpetual-2025-11-1-2000-2025.sqlite,binance-perpetual||ETHFI-USDT||RED-USDT||2025||isoweek11_1-2000,2,RED-USDT,MARKET,BUY,0.00398565,CLOSE,1741651584.0,0.4689,17.0,7.9713,-1
binance_perpetual-2025-11-1-2000-2025.sqlite,binance-perpetual||ETHFI-USDT||RED-USDT||2025||isoweek11_1-2000,2,RED-USDT,LIMIT,SELL,0.003978,OPEN,1741651499.0,0.468,17.0,7.956,-1
binance_perpetual-2025-11-1-2000-2025.sqlite,binance-perpetual||ETHFI-USDT||RED-USDT||2025||isoweek11_1-2000,2,RED-USDT,MARKET,BUY,0.00396355,CLOSE,1741651734.0,0.4663,17.0,7.9271,-1
binance_perpetual-2025-11-1-2000-2025.sqlite,binance-perpetual||ETHFI-USDT||RED-USDT||2025||isoweek11_1-2000,2,RED-USDT,LIMIT,SELL,0.00159392,OPEN,1741651509.0,0.4688,17.0,7.9696,-1
binance_perpetual-2025-11-1-2000-2025.sqlite,binance-perpetual||ETHFI-USDT||RED-USDT||2025||isoweek11_1-2000,2,RED-USDT,MARKET,BUY,0.0039746,CLOSE,1741651776.0,0.4676,17.0,7.9492,-1
binance_perpetual-2025-11-1-2000-2025.sqlite,binance-perpetual||ETHFI-USDT||RED-USDT||2025||isoweek11_1-2000,2,RED-USDT,LIMIT,SELL,0.00159018,OPEN,1741651885.0,0.4677,17.0,7.9509,-1
binance_perpetual-2025-11-1-2000-2025.sqlite,binance-perpetual||ETHFI-USDT||RED-USDT||2025||isoweek11_1-2000,2,RED-USDT,MARKET,BUY,0.0039661,CLOSE,1741652048.0,0.4666,17.0,7.9322,-1
binance_perpetual-2025-11-1-2000-2025.sqlite,binance-perpetual||ETHFI-USDT||RED-USDT||2025||isoweek11_1-2000,2,RED-USDT,LIMIT,SELL,0.0008397,OPEN,1741651471.0,0.4665,9.0,4.1985,-1
binance_perpetual-2025-11-1-2000-2025.sqlite,binance-perpetual||ETHFI-USDT||RED-USDT||2025||isoweek11_1-2000,2,RED-USDT,LIMIT,SELL,0.0007464,OPEN,1741651472.0,0.4665,8.0,3.732,-1
binance_perpetual-2025-11-1-2000-2025.sqlite,binance-perpetual||ETHFI-USDT||RED-USDT||2025||isoweek11_1-2000,2,RED-USDT,MARKET,BUY,0.0039559,CLOSE,1741652133.0,0.4654,17.0,7.9118,-1
binance_perpetual-2025-11-1-2000-2025.sqlite,binance-perpetual||ETHFI-USDT||RED-USDT||2025||isoweek11_1-2000,2,RED-USDT,LIMIT,SELL,0.00158236,OPEN,1741651376.0,0.4654,17.0,7.9118,-1
binance_perpetual-2025-11-1-2000-2025.sqlite,binance-perpetual||ETHFI-USDT||RED-USDT||2025||isoweek11_1-2000,2,RED-USDT,MARKET,BUY,0.0039457,CLOSE,1741652263.0,0.4642,17.0,7.8914,-1
binance_perpetual-2025-11-1-2000-2025.sqlite,binance-perpetual||ETHFI-USDT||RED-USDT||2025||isoweek11_1-2000,2,RED-USDT,LIMIT,SELL,0.00158236,OPEN,1741652405.0,0.4654,17.0,7.9118,-1
binance_perpetual-2025-11-1-2000-2025.sqlite,binance-perpetual||ETHFI-USDT||RED-USDT||2025||isoweek11_1-2000,2,RED-USDT,MARKET,BUY,0.0039457,CLOSE,1741652515.0,0.4642,17.0,7.8914,-1
binance_perpetual-2025-11-1-2000-2025.sqlite,binance-perpetual||ETHFI-USDT||RED-USDT||2025||isoweek11_1-2000,2,RED-USDT,LIMIT,SELL,0.0039457,OPEN,1741651345.0,0.4642,17.0,7.8914,-1
binance_perpetual-2025-11-1-2000-2025.sqlite,binance-perpetual||ETHFI-USDT||RED-USDT||2025||isoweek11_1-2000,2,RED-USDT,MARKET,BUY,0.00393635,CLOSE,1741652578.0,0.4631,17.0,7.8727,-1
binance_perpetual-2025-11-1-2000-2025.sqlite,binance-perpetual||ETHFI-USDT||RED-USDT||2025||isoweek11_1-2000,2,RED-USDT,LIMIT,SELL,0.00157454,OPEN,1741651337.0,0.4631,17.0,7.8727,-1
binance_perpetual-2025-11-1-2000-2025.sqlite,binance-perpetual||ETHFI-USDT||RED-USDT||2025||isoweek11_1-2000,2,RED-USDT,MARKET,BUY,0.00392955,CLOSE,1741652596.0,0.4623,17.0,7.8591,-1
binance_perpetual-2025-11-1-2000-2025.sqlite,binance-perpetual||ETHFI-USDT||RED-USDT||2025||isoweek11_1-2000,2,RED-USDT,LIMIT,SELL,0.00157114,OPEN,1741651208.0,0.4621,17.0,7.8557,-1
binance_perpetual-2025-11-1-2000-2025.sqlite,binance-perpetual||ETHFI-USDT||RED-USDT||2025||isoweek11_1-2000,2,RED-USDT,MARKET,BUY,0.0039151,CLOSE,1741652646.0,0.4606,17.0,7.8302,-1
binance_perpetual-2025-11-1-2000-2025.sqlite,binance-perpetual||ETHFI-USDT||RED-USDT||2025||isoweek11_1-2000,2,RED-USDT,LIMIT,SELL,0.00151232,OPEN,1741647845.0,0.4726,16.0,7.5616,-1
binance_perpetual-2025-11-1-2000-2025.sqlite,binance-perpetual||ETHFI-USDT||RED-USDT||2025||isoweek11_1-2000,2,RED-USDT,MARKET,BUY,0.0036776,CLOSE,1741652650.0,0.4597,16.0,7.3552,-1
binance_perpetual-2025-11-1-2000-2025.sqlite,binance-perpetual||ETHFI-USDT||RED-USDT||2025||isoweek11_1-2000,2,RED-USDT,LIMIT,SELL,0.0037792,OPEN,1741647848.0,0.4724,16.0,7.5584,-1
binance_perpetual-2025-11-1-2000-2025.sqlite,binance-perpetual||ETHFI-USDT||RED-USDT||2025||isoweek11_1-2000,2,RED-USDT,MARKET,BUY,0.003668,CLOSE,1741652684.0,0.4585,16.0,7.336,-1
binance_perpetual-2025-11-1-2000-2025.sqlite,binance-perpetual||ETHFI-USDT||RED-USDT||2025||isoweek11_1-2000,2,RED-USDT,LIMIT,SELL,0.00392785,OPEN,1741652732.0,0.4621,17.0,7.8557,-1
binance_perpetual-2025-11-1-2000-2025.sqlite,binance-perpetual||ETHFI-USDT||RED-USDT||2025||isoweek11_1-2000,2,RED-USDT,MARKET,BUY,0.00391765,CLOSE,1741652744.0,0.4609,17.0,7.8353,-1
binance_perpetual-2025-11-1-2000-2025.sqlite,binance-perpetual||ETHFI-USDT||RED-USDT||2025||isoweek11_1-2000,2,RED-USDT,LIMIT,SELL,0.0015708,OPEN,1741652756.0,0.462,17.0,7.854,-1
binance_perpetual-2025-11-1-2000-2025.sqlite,binance-perpetual||ETHFI-USDT||RED-USDT||2025||isoweek11_1-2000,2,RED-USDT,MARKET,BUY,0.0039185,CLOSE,1741652883.0,0.461,17.0,7.837,-1
binance_perpetual-2025-11-1-2000-2025.sqlite,binance-perpetual||ETHFI-USDT||RED-USDT||2025||isoweek11_1-2000,2,RED-USDT,LIMIT,SELL,0.00157012,OPEN,1741652715.0,0.4618,17.0,7.8506,-1
binance_perpetual-2025-11-1-2000-2025.sqlite,binance-perpetual||ETHFI-USDT||RED-USDT||2025||isoweek11_1-2000,2,RED-USDT,MARKET,BUY,0.00390745,CLOSE,1741652922.0,0.4597,17.0,7.8149,-1
binance_perpetual-2025-11-1-2000-2025.sqlite,binance-perpetual||ETHFI-USDT||RED-USDT||2025||isoweek11_1-2000,2,RED-USDT,LIMIT,SELL,0.00156298,OPEN,1741652703.0,0.4597,17.0,7.8149,-1
binance_perpetual-2025-11-1-2000-2025.sqlite,binance-perpetual||ETHFI-USDT||RED-USDT||2025||isoweek11_1-2000,2,RED-USDT,MARKET,BUY,0.0038981,CLOSE,1741652952.0,0.4586,17.0,7.7962,-1
binance_perpetual-2025-11-1-2000-2025.sqlite,binance-perpetual||ETHFI-USDT||RED-USDT||2025||isoweek11_1-2000,2,RED-USDT,LIMIT,SELL,0.0015136,OPEN,1741647865.0,0.473,16.0,7.568,-1
binance_perpetual-2025-11-1-2000-2025.sqlite,binance-perpetual||ETHFI-USDT||RED-USDT||2025||isoweek11_1-2000,2,RED-USDT,MARKET,BUY,0.0036464,CLOSE,1741652992.0,0.4558,16.0,7.2928,-1
binance_perpetual-2025-11-1-2000-2025.sqlite,binance-perpetual||ETHFI-USDT||RED-USDT||2025||isoweek11_1-2000,2,RED-USDT,LIMIT,SELL,0.00159698,OPEN,1741648038.0,0.4697,17.0,7.9849,-1
binance_perpetual-2025-11-1-2000-2025.sqlite,binance-perpetual||ETHFI-USDT||RED-USDT||2025||isoweek11_1-2000,2,RED-USDT,LIMIT,SELL,0.00399245,OPEN,1741648024.0,0.4697,17.0,7.9849,-1
binance_perpetual-2025-11-1-2000-2025.sqlite,binance-perpetual||ETHFI-USDT||RED-USDT||2025||isoweek11_1-2000,2,RED-USDT,LIMIT,SELL,0.00159494,OPEN,1741648019.0,0.4691,17.0,7.9747,-1
binance_perpetual-2025-11-1-2000-2025.sqlite,binance-perpetual||ETHFI-USDT||RED-USDT||2025||isoweek11_1-2000,2,RED-USDT,LIMIT,SELL,0.00159494,OPEN,1741648019.0,0.4691,17.0,7.9747,-1
binance_perpetual-2025-11-1-2000-2025.sqlite,binance-perpetual||ETHFI-USDT||RED-USDT||2025||isoweek11_1-2000,2,RED-USDT,LIMIT,SELL,0.0039933,OPEN,1741648007.0,0.4698,17.0,7.9866,-1
binance_perpetual-2025-11-1-2000-2025.sqlite,binance-perpetual||ETHFI-USDT||RED-USDT||2025||isoweek11_1-2000,2,RED-USDT,LIMIT,SELL,0.0015963,OPEN,1741648002.0,0.4695,17.0,7.9815,-1
binance_perpetual-2025-11-1-2000-2025.sqlite,binance-perpetual||ETHFI-USDT||RED-USDT||2025||isoweek11_1-2000,2,RED-USDT,LIMIT,SELL,0.0039848,OPEN,1741647983.0,0.4688,17.0,7.9696,-1
binance_perpetual-2025-11-1-2000-2025.sqlite,binance-perpetual||ETHFI-USDT||RED-USDT||2025||isoweek11_1-2000,2,RED-USDT,LIMIT,SELL,0.00159188,OPEN,1741647980.0,0.4682,17.0,7.9594,-1
binance_perpetual-2025-11-1-2000-2025.sqlite,binance-perpetual||ETHFI-USDT||RED-USDT||2025||isoweek11_1-2000,2,RED-USDT,LIMIT,SELL,0.00159256,OPEN,1741647974.0,0.4684,17.0,7.9628,-1
binance_perpetual-2025-11-1-2000-2025.sqlite,binance-perpetual||ETHFI-USDT||RED-USDT||2025||isoweek11_1-2000,2,RED-USDT,LIMIT,SELL,0.00159256,OPEN,1741647966.0,0.4684,17.0,7.9628,-1
binance_perpetual-2025-11-1-2000-2025.sqlite,binance-perpetual||ETHFI-USDT||RED-USDT||2025||isoweek11_1-2000,2,RED-USDT,LIMIT,SELL,0.00158848,OPEN,1741647959.0,0.4672,17.0,7.9424,-1
binance_perpetual-2025-11-1-2000-2025.sqlite,binance-perpetual||ETHFI-USDT||RED-USDT||2025||isoweek11_1-2000,2,RED-USDT,LIMIT,SELL,0.00159324,OPEN,1741647945.0,0.4686,17.0,7.9662,-1
binance_perpetual-2025-11-1-2000-2025.sqlite,binance-perpetual||ETHFI-USDT||RED-USDT||2025||isoweek11_1-2000,2,RED-USDT,LIMIT,SELL,0.00398224,OPEN,1741647937.0,0.4685,17.0,7.9645,-1
binance_perpetual-2025-11-1-2000-2025.sqlite,binance-perpetual||ETHFI-USDT||RED-USDT||2025||isoweek11_1-2000,2,RED-USDT,LIMIT,SELL,0.00159834,OPEN,1741647927.0,0.4701,17.0,7.9917,-1
binance_perpetual-2025-11-1-2000-2025.sqlite,binance-perpetual||ETHFI-USDT||RED-USDT||2025||isoweek11_1-2000,2,RED-USDT,LIMIT,SELL,0.0015997,OPEN,1741647921.0,0.4705,17.0,7.9985,-1
binance_perpetual-2025-11-1-2000-2025.sqlite,binance-perpetual||ETHFI-USDT||RED-USDT||2025||isoweek11_1-2000,2,RED-USDT,LIMIT,SELL,0.0040052,OPEN,1741647913.0,0.4712,17.0,8.0104,-1
binance_perpetual-2025-11-1-2000-2025.sqlite,binance-perpetual||ETHFI-USDT||RED-USDT||2025||isoweek11_1-2000,2,RED-USDT,LIMIT,SELL,0.0016031,OPEN,1741647909.0,0.4715,17.0,8.0155,-1
binance_perpetual-2025-11-1-2000-2025.sqlite,binance-perpetual||ETHFI-USDT||RED-USDT||2025||isoweek11_1-2000,2,RED-USDT,LIMIT,SELL,0.00401029,OPEN,1741647903.0,0.4718,17.0,8.0206,-1
binance_perpetual-2025-11-1-2000-2025.sqlite,binance-perpetual||ETHFI-USDT||RED-USDT||2025||isoweek11_1-2000,2,RED-USDT,LIMIT,SELL,0.0037792,OPEN,1741647896.0,0.4724,16.0,7.5584,-1
binance_perpetual-2025-11-1-2000-2025.sqlite,binance-perpetual||ETHFI-USDT||RED-USDT||2025||isoweek11_1-2000,2,RED-USDT,LIMIT,SELL,0.0037888,OPEN,1741647878.0,0.4736,16.0,7.5776,-1
binance_perpetual-2025-11-1-2000-2025.sqlite,binance-perpetual||ETHFI-USDT||RED-USDT||2025||isoweek11_1-2000,2,RED-USDT,LIMIT,SELL,0.0015136,OPEN,1741647874.0,0.473,16.0,7.568,-1
binance_perpetual-2025-11-1-2000-2025.sqlite,binance-perpetual||ETHFI-USDT||RED-USDT||2025||isoweek11_1-2000,2,RED-USDT,LIMIT,SELL,0.00151296,OPEN,1741647870.0,0.4728,16.0,7.5648,-1
binance_perpetual-2025-11-1-2000-2025.sqlite,binance-perpetual||ETHFI-USDT||RED-USDT||2025||isoweek11_1-2000,2,RED-USDT,LIMIT,SELL,0.0015136,OPEN,1741647865.0,0.473,16.0,7.568,-1
binance_perpetual-2025-11-1-2000-2025.sqlite,binance-perpetual||ETHFI-USDT||RED-USDT||2025||isoweek11_1-2000,2,RED-USDT,LIMIT,SELL,0.00151264,OPEN,1741647853.0,0.4727,16.0,7.5632,-1
binance_perpetual-2025-11-1-2000-2025.sqlite,binance-perpetual||ETHFI-USDT||RED-USDT||2025||isoweek11_1-2000,2,RED-USDT,MARKET,BUY,0.0916962,CLOSE,1741652999.0,0.4562,402.0,183.3924,-1
binance_perpetual-2025-11-1-1830-2025.sqlite,binance-perpetual||NEIRO-USDT||SHELL-USDT||2025||isoweek11_1-1830,1,NEIRO-USDT,LIMIT,BUY,0.00158621,OPEN,1741643396.0,0.0002337,33937.0,7.9310769,1
binance_perpetual-2025-11-1-1830-2025.sqlite,binance-perpetual||NEIRO-USDT||SHELL-USDT||2025||isoweek11_1-1830,1,NEIRO-USDT,MARKET,SELL,0.00397911,CLOSE,1741643554.0,0.0002345,33937.0,7.9582265,1
binance_perpetual-2025-11-1-1830-2025.sqlite,binance-perpetual||NEIRO-USDT||SHELL-USDT||2025||isoweek11_1-1830,1,NEIRO-USDT,LIMIT,BUY,0.00396389,OPEN,1741643661.0,0.0002335,33952.0,7.927792,1
binance_perpetual-2025-11-1-1830-2025.sqlite,binance-perpetual||NEIRO-USDT||SHELL-USDT||2025||isoweek11_1-1830,1,NEIRO-USDT,MARKET,SELL,0.00398087,CLOSE,1741643926.0,0.0002345,33952.0,7.961744,1
binance_perpetual-2025-11-1-1830-2025.sqlite,binance-perpetual||NEIRO-USDT||SHELL-USDT||2025||isoweek11_1-1830,1,NEIRO-USDT,LIMIT,BUY,0.00158623,OPEN,1741643248.0,0.0002344,33836.0,7.9311584,1
binance_perpetual-2025-11-1-1830-2025.sqlite,binance-perpetual||NEIRO-USDT||SHELL-USDT||2025||isoweek11_1-1830,1,NEIRO-USDT,MARKET,SELL,0.00397911,CLOSE,1741644221.0,0.0002352,33836.0,7.9582272,1
binance_perpetual-2025-11-1-1830-2025.sqlite,binance-perpetual||NEIRO-USDT||SHELL-USDT||2025||isoweek11_1-1830,1,NEIRO-USDT,LIMIT,BUY,0.00396554,OPEN,1741644512.0,0.000233,34039.0,7.931087,1
binance_perpetual-2025-11-1-1830-2025.sqlite,binance-perpetual||NEIRO-USDT||SHELL-USDT||2025||isoweek11_1-1830,1,NEIRO-USDT,MARKET,SELL,0.00397915,CLOSE,1741644758.0,0.0002338,34039.0,7.9583182,1
binance_perpetual-2025-11-1-1830-2025.sqlite,binance-perpetual||NEIRO-USDT||SHELL-USDT||2025||isoweek11_1-1830,1,NEIRO-USDT,LIMIT,BUY,0.00158623,OPEN,1741645073.0,0.0002329,34054.0,7.9311766,1
binance_perpetual-2025-11-1-1830-2025.sqlite,binance-perpetual||NEIRO-USDT||SHELL-USDT||2025||isoweek11_1-1830,1,NEIRO-USDT,MARKET,SELL,0.00398431,CLOSE,1741645342.0,0.000234,34054.0,7.968636,1
binance_perpetual-2025-11-1-1830-2025.sqlite,binance-perpetual||NEIRO-USDT||SHELL-USDT||2025||isoweek11_1-1830,1,NEIRO-USDT,LIMIT,BUY,0.00158621,OPEN,1741644378.0,0.0002337,33937.0,7.9310769,1
binance_perpetual-2025-11-1-1830-2025.sqlite,binance-perpetual||NEIRO-USDT||SHELL-USDT||2025||isoweek11_1-1830,1,NEIRO-USDT,MARKET,SELL,0.0039825,CLOSE,1741645417.0,0.0002347,33937.0,7.9650139,1
binance_perpetual-2025-11-1-1830-2025.sqlite,binance-perpetual||NEIRO-USDT||SHELL-USDT||2025||isoweek11_1-1830,1,NEIRO-USDT,LIMIT,BUY,0.00158623,OPEN,1741644293.0,0.0002344,33836.0,7.9311584,1
binance_perpetual-2025-11-1-1830-2025.sqlite,binance-perpetual||NEIRO-USDT||SHELL-USDT||2025||isoweek11_1-1830,1,NEIRO-USDT,MARKET,SELL,0.00397911,CLOSE,1741645572.0,0.0002352,33836.0,7.9582272,1
binance_perpetual-2025-11-1-1830-2025.sqlite,binance-perpetual||NEIRO-USDT||SHELL-USDT||2025||isoweek11_1-1830,1,NEIRO-USDT,LIMIT,BUY,0.00158621,OPEN,1741643046.0,0.0002351,33735.0,7.9310985,1
binance_perpetual-2025-11-1-1830-2025.sqlite,binance-perpetual||NEIRO-USDT||SHELL-USDT||2025||isoweek11_1-1830,1,NEIRO-USDT,MARKET,SELL,0.00397904,CLOSE,1741645651.0,0.0002359,33735.0,7.9580865,1
binance_perpetual-2025-11-1-1830-2025.sqlite,binance-perpetual||NEIRO-USDT||SHELL-USDT||2025||isoweek11_1-1830,1,NEIRO-USDT,LIMIT,BUY,0.00158623,OPEN,1741645764.0,0.0002349,33764.0,7.9311636,1
binance_perpetual-2025-11-1-1830-2025.sqlite,binance-perpetual||NEIRO-USDT||SHELL-USDT||2025||isoweek11_1-1830,1,NEIRO-USDT,MARKET,SELL,0.00398246,CLOSE,1741645824.0,0.0002359,33764.0,7.9649276,1
binance_perpetual-2025-11-1-1830-2025.sqlite,binance-perpetual||NEIRO-USDT||SHELL-USDT||2025||isoweek11_1-1830,1,NEIRO-USDT,LIMIT,BUY,0.00158621,OPEN,1741645998.0,0.0002343,33850.0,7.931055,1
binance_perpetual-2025-11-1-1830-2025.sqlite,binance-perpetual||NEIRO-USDT||SHELL-USDT||2025||isoweek11_1-1830,1,NEIRO-USDT,LIMIT,BUY,0.00158621,OPEN,1741645965.0,0.0002351,33735.0,7.9310985,1
binance_perpetual-2025-11-1-1830-2025.sqlite,binance-perpetual||NEIRO-USDT||SHELL-USDT||2025||isoweek11_1-1830,1,NEIRO-USDT,LIMIT,BUY,0.00158624,OPEN,1741642690.0,0.0002347,33793.0,7.9312171,1
binance_perpetual-2025-11-1-1830-2025.sqlite,binance-perpetual||NEIRO-USDT||SHELL-USDT||2025||isoweek11_1-1830,1,NEIRO-USDT,LIMIT,BUY,0.00158625,OPEN,1741642724.0,0.0002353,33707.0,7.9312571,1
binance_perpetual-2025-11-1-1830-2025.sqlite,binance-perpetual||NEIRO-USDT||SHELL-USDT||2025||isoweek11_1-1830,1,NEIRO-USDT,LIMIT,BUY,0.00158623,OPEN,1741642740.0,0.0002355,33678.0,7.931169,1
binance_perpetual-2025-11-1-1830-2025.sqlite,binance-perpetual||NEIRO-USDT||SHELL-USDT||2025||isoweek11_1-1830,1,NEIRO-USDT,LIMIT,BUY,0.00158623,OPEN,1741642744.0,0.0002352,33721.0,7.9311792,1
binance_perpetual-2025-11-1-1830-2025.sqlite,binance-perpetual||NEIRO-USDT||SHELL-USDT||2025||isoweek11_1-1830,1,NEIRO-USDT,LIMIT,BUY,0.00158623,OPEN,1741642770.0,0.0002352,33721.0,7.9311792,1
binance_perpetual-2025-11-1-1830-2025.sqlite,binance-perpetual||NEIRO-USDT||SHELL-USDT||2025||isoweek11_1-1830,1,NEIRO-USDT,LIMIT,BUY,0.00396562,OPEN,1741642800.0,0.0002353,33707.0,7.9312571,1
binance_perpetual-2025-11-1-1830-2025.sqlite,binance-perpetual||NEIRO-USDT||SHELL-USDT||2025||isoweek11_1-1830,1,NEIRO-USDT,LIMIT,BUY,0.00158623,OPEN,1741642819.0,0.0002355,33678.0,7.931169,1
binance_perpetual-2025-11-1-1830-2025.sqlite,binance-perpetual||NEIRO-USDT||SHELL-USDT||2025||isoweek11_1-1830,1,NEIRO-USDT,LIMIT,BUY,0.00158625,OPEN,1741642827.0,0.0002353,33707.0,7.9312571,1
binance_perpetual-2025-11-1-1830-2025.sqlite,binance-perpetual||NEIRO-USDT||SHELL-USDT||2025||isoweek11_1-1830,1,NEIRO-USDT,LIMIT,BUY,0.00158624,OPEN,1741642849.0,0.0002356,33664.0,7.9312384,1
binance_perpetual-2025-11-1-1830-2025.sqlite,binance-perpetual||NEIRO-USDT||SHELL-USDT||2025||isoweek11_1-1830,1,NEIRO-USDT,LIMIT,BUY,0.00158624,OPEN,1741642862.0,0.0002356,33664.0,7.9312384,1
binance_perpetual-2025-11-1-1830-2025.sqlite,binance-perpetual||NEIRO-USDT||SHELL-USDT||2025||isoweek11_1-1830,1,NEIRO-USDT,LIMIT,BUY,0.00158623,OPEN,1741642875.0,0.0002352,33721.0,7.9311792,1
binance_perpetual-2025-11-1-1830-2025.sqlite,binance-perpetual||NEIRO-USDT||SHELL-USDT||2025||isoweek11_1-1830,1,NEIRO-USDT,LIMIT,BUY,0.00158621,OPEN,1741642891.0,0.0002354,33692.0,7.9310968,1
binance_perpetual-2025-11-1-1830-2025.sqlite,binance-perpetual||NEIRO-USDT||SHELL-USDT||2025||isoweek11_1-1830,1,NEIRO-USDT,LIMIT,BUY,0.00158622,OPEN,1741643001.0,0.0002358,33635.0,7.931133,1
binance_perpetual-2025-11-1-1830-2025.sqlite,binance-perpetual||NEIRO-USDT||SHELL-USDT||2025||isoweek11_1-1830,1,NEIRO-USDT,LIMIT,BUY,0.00158625,OPEN,1741643012.0,0.0002353,33707.0,7.9312571,1
binance_perpetual-2025-11-1-1830-2025.sqlite,binance-perpetual||NEIRO-USDT||SHELL-USDT||2025||isoweek11_1-1830,1,NEIRO-USDT,LIMIT,BUY,0.00158621,OPEN,1741643072.0,0.0002348,33778.0,7.9310744,1
binance_perpetual-2025-11-1-1830-2025.sqlite,binance-perpetual||NEIRO-USDT||SHELL-USDT||2025||isoweek11_1-1830,1,NEIRO-USDT,LIMIT,BUY,0.00158622,OPEN,1741643091.0,0.0002346,33807.0,7.9311222,1
binance_perpetual-2025-11-1-1830-2025.sqlite,binance-perpetual||NEIRO-USDT||SHELL-USDT||2025||isoweek11_1-1830,1,NEIRO-USDT,LIMIT,BUY,0.00158625,OPEN,1741643120.0,0.0002345,33822.0,7.931259,1
binance_perpetual-2025-11-1-1830-2025.sqlite,binance-perpetual||NEIRO-USDT||SHELL-USDT||2025||isoweek11_1-1830,1,NEIRO-USDT,LIMIT,BUY,0.00158625,OPEN,1741643247.0,0.0002345,33822.0,7.931259,1
binance_perpetual-2025-11-1-1830-2025.sqlite,binance-perpetual||NEIRO-USDT||SHELL-USDT||2025||isoweek11_1-1830,1,NEIRO-USDT,LIMIT,BUY,0.00023297,OPEN,1741643282.0,0.0002341,4976.0,1.1648816,1
binance_perpetual-2025-11-1-1830-2025.sqlite,binance-perpetual||NEIRO-USDT||SHELL-USDT||2025||isoweek11_1-1830,1,NEIRO-USDT,LIMIT,BUY,0.00135323,OPEN,1741643282.0,0.0002341,28903.0,6.7661923,1
binance_perpetual-2025-11-1-1830-2025.sqlite,binance-perpetual||NEIRO-USDT||SHELL-USDT||2025||isoweek11_1-1830,1,NEIRO-USDT,LIMIT,BUY,0.00396557,OPEN,1741643609.0,0.0002344,33836.0,7.9311584,1
binance_perpetual-2025-11-1-1830-2025.sqlite,binance-perpetual||NEIRO-USDT||SHELL-USDT||2025||isoweek11_1-1830,1,NEIRO-USDT,LIMIT,BUY,0.00158622,OPEN,1741643606.0,0.0002346,33807.0,7.9311222,1
binance_perpetual-2025-11-1-1830-2025.sqlite,binance-perpetual||NEIRO-USDT||SHELL-USDT||2025||isoweek11_1-1830,1,NEIRO-USDT,LIMIT,BUY,0.00058,OPEN,1741643644.0,0.0002341,12388.0,2.9000308,1
binance_perpetual-2025-11-1-1830-2025.sqlite,binance-perpetual||NEIRO-USDT||SHELL-USDT||2025||isoweek11_1-1830,1,NEIRO-USDT,LIMIT,BUY,0.0010062,OPEN,1741643645.0,0.0002341,21491.0,5.0310431,1
binance_perpetual-2025-11-1-1830-2025.sqlite,binance-perpetual||NEIRO-USDT||SHELL-USDT||2025||isoweek11_1-1830,1,NEIRO-USDT,LIMIT,BUY,0.00158623,OPEN,1741643651.0,0.000234,33894.0,7.931196,1
binance_perpetual-2025-11-1-1830-2025.sqlite,binance-perpetual||NEIRO-USDT||SHELL-USDT||2025||isoweek11_1-1830,1,NEIRO-USDT,LIMIT,BUY,0.00396559,OPEN,1741643652.0,0.0002338,33923.0,7.9311974,1
binance_perpetual-2025-11-1-1830-2025.sqlite,binance-perpetual||NEIRO-USDT||SHELL-USDT||2025||isoweek11_1-1830,1,NEIRO-USDT,LIMIT,BUY,0.00158623,OPEN,1741643943.0,0.0002344,33836.0,7.9311584,1
binance_perpetual-2025-11-1-1830-2025.sqlite,binance-perpetual||NEIRO-USDT||SHELL-USDT||2025||isoweek11_1-1830,1,NEIRO-USDT,LIMIT,BUY,0.00158623,OPEN,1741643731.0,0.0002336,33952.0,7.9311872,1
binance_perpetual-2025-11-1-1830-2025.sqlite,binance-perpetual||NEIRO-USDT||SHELL-USDT||2025||isoweek11_1-1830,1,NEIRO-USDT,LIMIT,BUY,0.00158621,OPEN,1741643948.0,0.0002339,33908.0,7.9310812,1
binance_perpetual-2025-11-1-1830-2025.sqlite,binance-perpetual||NEIRO-USDT||SHELL-USDT||2025||isoweek11_1-1830,1,NEIRO-USDT,LIMIT,BUY,0.00158621,OPEN,1741643970.0,0.0002339,33908.0,7.9310812,1
binance_perpetual-2025-11-1-1830-2025.sqlite,binance-perpetual||NEIRO-USDT||SHELL-USDT||2025||isoweek11_1-1830,1,NEIRO-USDT,LIMIT,BUY,0.00158621,OPEN,1741644020.0,0.0002343,33850.0,7.931055,1
binance_perpetual-2025-11-1-1830-2025.sqlite,binance-perpetual||NEIRO-USDT||SHELL-USDT||2025||isoweek11_1-1830,1,NEIRO-USDT,LIMIT,BUY,0.00158625,OPEN,1741644060.0,0.0002345,33822.0,7.931259,1
binance_perpetual-2025-11-1-1830-2025.sqlite,binance-perpetual||NEIRO-USDT||SHELL-USDT||2025||isoweek11_1-1830,1,NEIRO-USDT,LIMIT,BUY,0.00158625,OPEN,1741644076.0,0.000235,33750.0,7.93125,1
binance_perpetual-2025-11-1-1830-2025.sqlite,binance-perpetual||NEIRO-USDT||SHELL-USDT||2025||isoweek11_1-1830,1,NEIRO-USDT,LIMIT,BUY,0.00158621,OPEN,1741644083.0,0.0002348,33778.0,7.9310744,1
binance_perpetual-2025-11-1-1830-2025.sqlite,binance-perpetual||NEIRO-USDT||SHELL-USDT||2025||isoweek11_1-1830,1,NEIRO-USDT,LIMIT,BUY,0.00158621,OPEN,1741644114.0,0.0002343,33850.0,7.931055,1
binance_perpetual-2025-11-1-1830-2025.sqlite,binance-perpetual||NEIRO-USDT||SHELL-USDT||2025||isoweek11_1-1830,1,NEIRO-USDT,LIMIT,BUY,0.00158623,OPEN,1741644125.0,0.000234,33894.0,7.931196,1
binance_perpetual-2025-11-1-1830-2025.sqlite,binance-perpetual||NEIRO-USDT||SHELL-USDT||2025||isoweek11_1-1830,1,NEIRO-USDT,LIMIT,BUY,0.00158621,OPEN,1741644148.0,0.0002341,33879.0,7.9310739,1
binance_perpetual-2025-11-1-1830-2025.sqlite,binance-perpetual||NEIRO-USDT||SHELL-USDT||2025||isoweek11_1-1830,1,NEIRO-USDT,LIMIT,BUY,0.00158623,OPEN,1741644185.0,0.0002349,33764.0,7.9311636,1
binance_perpetual-2025-11-1-1830-2025.sqlite,binance-perpetual||NEIRO-USDT||SHELL-USDT||2025||isoweek11_1-1830,1,NEIRO-USDT,LIMIT,BUY,0.00158623,OPEN,1741644200.0,0.0002349,33764.0,7.9311636,1
binance_perpetual-2025-11-1-1830-2025.sqlite,binance-perpetual||NEIRO-USDT||SHELL-USDT||2025||isoweek11_1-1830,1,NEIRO-USDT,MARKET,SELL,0.02954981,CLOSE,1741646138.0,0.0002345,252024.0,59.099628,1
binance_perpetual-2025-11-1-1830-2025.sqlite,binance-perpetual||NEIRO-USDT||SHELL-USDT||2025||isoweek11_1-1830,1,NEIRO-USDT,MARKET,SELL,0.12496012,CLOSE,1741646138.0,0.0002345,1065758.0,249.920251,1
binance_perpetual-2025-11-1-1830-2025.sqlite,binance-perpetual||NEIRO-USDT||SHELL-USDT||2025||isoweek11_1-1830,2,SHELL-USDT,LIMIT,SELL,0.003926,OPEN,1741643146.0,0.302,26.0,7.852,-1
binance_perpetual-2025-11-1-1830-2025.sqlite,binance-perpetual||NEIRO-USDT||SHELL-USDT||2025||isoweek11_1-1830,2,SHELL-USDT,MARKET,BUY,0.0034132,CLOSE,1741643185.0,0.2968,23.0,6.8264,-1
binance_perpetual-2025-11-1-1830-2025.sqlite,binance-perpetual||NEIRO-USDT||SHELL-USDT||2025||isoweek11_1-1830,2,SHELL-USDT,MARKET,BUY,0.0004452,CLOSE,1741643185.0,0.2968,3.0,0.8904,-1
binance_perpetual-2025-11-1-1830-2025.sqlite,binance-perpetual||NEIRO-USDT||SHELL-USDT||2025||isoweek11_1-1830,2,SHELL-USDT,LIMIT,SELL,0.0034316,OPEN,1741642809.0,0.2984,23.0,6.8632,-1
binance_perpetual-2025-11-1-1830-2025.sqlite,binance-perpetual||NEIRO-USDT||SHELL-USDT||2025||isoweek11_1-1830,2,SHELL-USDT,LIMIT,SELL,0.0004476,OPEN,1741642809.0,0.2984,3.0,0.8952,-1
binance_perpetual-2025-11-1-1830-2025.sqlite,binance-perpetual||NEIRO-USDT||SHELL-USDT||2025||isoweek11_1-1830,2,SHELL-USDT,MARKET,BUY,0.0038402,CLOSE,1741643372.0,0.2954,26.0,7.6804,-1
binance_perpetual-2025-11-1-1830-2025.sqlite,binance-perpetual||NEIRO-USDT||SHELL-USDT||2025||isoweek11_1-1830,2,SHELL-USDT,LIMIT,SELL,0.00153868,OPEN,1741642707.0,0.2959,26.0,7.6934,-1
binance_perpetual-2025-11-1-1830-2025.sqlite,binance-perpetual||NEIRO-USDT||SHELL-USDT||2025||isoweek11_1-1830,2,SHELL-USDT,MARKET,BUY,0.00337985,CLOSE,1741643464.0,0.2939,23.0,6.7597,-1
binance_perpetual-2025-11-1-1830-2025.sqlite,binance-perpetual||NEIRO-USDT||SHELL-USDT||2025||isoweek11_1-1830,2,SHELL-USDT,MARKET,BUY,0.00044085,CLOSE,1741643464.0,0.2939,3.0,0.8817,-1
binance_perpetual-2025-11-1-1830-2025.sqlite,binance-perpetual||NEIRO-USDT||SHELL-USDT||2025||isoweek11_1-1830,2,SHELL-USDT,LIMIT,SELL,0.00159408,OPEN,1741642671.0,0.2952,27.0,7.9704,-1
binance_perpetual-2025-11-1-1830-2025.sqlite,binance-perpetual||NEIRO-USDT||SHELL-USDT||2025||isoweek11_1-1830,2,SHELL-USDT,MARKET,BUY,0.00394875,CLOSE,1741644327.0,0.2925,27.0,7.8975,-1
binance_perpetual-2025-11-1-1830-2025.sqlite,binance-perpetual||NEIRO-USDT||SHELL-USDT||2025||isoweek11_1-1830,2,SHELL-USDT,LIMIT,SELL,0.00158868,OPEN,1741644843.0,0.2942,27.0,7.9434,-1
binance_perpetual-2025-11-1-1830-2025.sqlite,binance-perpetual||NEIRO-USDT||SHELL-USDT||2025||isoweek11_1-1830,2,SHELL-USDT,MARKET,BUY,0.0033626,CLOSE,1741645318.0,0.2924,23.0,6.7252,-1
binance_perpetual-2025-11-1-1830-2025.sqlite,binance-perpetual||NEIRO-USDT||SHELL-USDT||2025||isoweek11_1-1830,2,SHELL-USDT,MARKET,BUY,0.0005848,CLOSE,1741645318.0,0.2924,4.0,1.1696,-1
binance_perpetual-2025-11-1-1830-2025.sqlite,binance-perpetual||NEIRO-USDT||SHELL-USDT||2025||isoweek11_1-1830,2,SHELL-USDT,LIMIT,SELL,0.00159408,OPEN,1741642671.0,0.2952,27.0,7.9704,-1
binance_perpetual-2025-11-1-1830-2025.sqlite,binance-perpetual||NEIRO-USDT||SHELL-USDT||2025||isoweek11_1-1830,2,SHELL-USDT,MARKET,BUY,0.00392715,CLOSE,1741645489.0,0.2909,27.0,7.8543,-1
binance_perpetual-2025-11-1-1830-2025.sqlite,binance-perpetual||NEIRO-USDT||SHELL-USDT||2025||isoweek11_1-1830,2,SHELL-USDT,LIMIT,SELL,0.00159408,OPEN,1741642671.0,0.2952,27.0,7.9704,-1
binance_perpetual-2025-11-1-1830-2025.sqlite,binance-perpetual||NEIRO-USDT||SHELL-USDT||2025||isoweek11_1-1830,2,SHELL-USDT,MARKET,BUY,0.002316,CLOSE,1741645873.0,0.2895,16.0,4.632,-1
binance_perpetual-2025-11-1-1830-2025.sqlite,binance-perpetual||NEIRO-USDT||SHELL-USDT||2025||isoweek11_1-1830,2,SHELL-USDT,MARKET,BUY,0.00159225,CLOSE,1741645873.0,0.2895,11.0,3.1845,-1
binance_perpetual-2025-11-1-1830-2025.sqlite,binance-perpetual||NEIRO-USDT||SHELL-USDT||2025||isoweek11_1-1830,2,SHELL-USDT,LIMIT,SELL,0.00153608,OPEN,1741642680.0,0.2954,26.0,7.6804,-1
binance_perpetual-2025-11-1-1830-2025.sqlite,binance-perpetual||NEIRO-USDT||SHELL-USDT||2025||isoweek11_1-1830,2,SHELL-USDT,MARKET,BUY,0.00331085,CLOSE,1741646024.0,0.2879,23.0,6.6217,-1
binance_perpetual-2025-11-1-1830-2025.sqlite,binance-perpetual||NEIRO-USDT||SHELL-USDT||2025||isoweek11_1-1830,2,SHELL-USDT,MARKET,BUY,0.00043185,CLOSE,1741646024.0,0.2879,3.0,0.8637,-1
binance_perpetual-2025-11-1-1830-2025.sqlite,binance-perpetual||NEIRO-USDT||SHELL-USDT||2025||isoweek11_1-1830,2,SHELL-USDT,LIMIT,SELL,0.00153868,OPEN,1741643027.0,0.2959,26.0,7.6934,-1
binance_perpetual-2025-11-1-1830-2025.sqlite,binance-perpetual||NEIRO-USDT||SHELL-USDT||2025||isoweek11_1-1830,2,SHELL-USDT,LIMIT,SELL,0.0038519,OPEN,1741642989.0,0.2963,26.0,7.7038,-1
binance_perpetual-2025-11-1-1830-2025.sqlite,binance-perpetual||NEIRO-USDT||SHELL-USDT||2025||isoweek11_1-1830,2,SHELL-USDT,LIMIT,SELL,0.0038545,OPEN,1741642973.0,0.2965,26.0,7.709,-1
binance_perpetual-2025-11-1-1830-2025.sqlite,binance-perpetual||NEIRO-USDT||SHELL-USDT||2025||isoweek11_1-1830,2,SHELL-USDT,LIMIT,SELL,0.0015418,OPEN,1741642973.0,0.2965,26.0,7.709,-1
binance_perpetual-2025-11-1-1830-2025.sqlite,binance-perpetual||NEIRO-USDT||SHELL-USDT||2025||isoweek11_1-1830,2,SHELL-USDT,LIMIT,SELL,0.0015418,OPEN,1741642973.0,0.2965,26.0,7.709,-1
binance_perpetual-2025-11-1-1830-2025.sqlite,binance-perpetual||NEIRO-USDT||SHELL-USDT||2025||isoweek11_1-1830,2,SHELL-USDT,LIMIT,SELL,0.0015418,OPEN,1741642960.0,0.2965,26.0,7.709,-1
binance_perpetual-2025-11-1-1830-2025.sqlite,binance-perpetual||NEIRO-USDT||SHELL-USDT||2025||isoweek11_1-1830,2,SHELL-USDT,LIMIT,SELL,0.0015418,OPEN,1741642965.0,0.2965,26.0,7.709,-1
binance_perpetual-2025-11-1-1830-2025.sqlite,binance-perpetual||NEIRO-USDT||SHELL-USDT||2025||isoweek11_1-1830,2,SHELL-USDT,LIMIT,SELL,0.0015418,OPEN,1741642960.0,0.2965,26.0,7.709,-1
binance_perpetual-2025-11-1-1830-2025.sqlite,binance-perpetual||NEIRO-USDT||SHELL-USDT||2025||isoweek11_1-1830,2,SHELL-USDT,LIMIT,SELL,0.00154128,OPEN,1741642938.0,0.2964,26.0,7.7064,-1
binance_perpetual-2025-11-1-1830-2025.sqlite,binance-perpetual||NEIRO-USDT||SHELL-USDT||2025||isoweek11_1-1830,2,SHELL-USDT,LIMIT,SELL,0.003861,OPEN,1741642923.0,0.297,26.0,7.722,-1
binance_perpetual-2025-11-1-1830-2025.sqlite,binance-perpetual||NEIRO-USDT||SHELL-USDT||2025||isoweek11_1-1830,2,SHELL-USDT,LIMIT,SELL,0.00154804,OPEN,1741642877.0,0.2977,26.0,7.7402,-1
binance_perpetual-2025-11-1-1830-2025.sqlite,binance-perpetual||NEIRO-USDT||SHELL-USDT||2025||isoweek11_1-1830,2,SHELL-USDT,LIMIT,SELL,0.0015522,OPEN,1741642842.0,0.2985,26.0,7.761,-1
binance_perpetual-2025-11-1-1830-2025.sqlite,binance-perpetual||NEIRO-USDT||SHELL-USDT||2025||isoweek11_1-1830,2,SHELL-USDT,LIMIT,SELL,0.00155272,OPEN,1741642834.0,0.2986,26.0,7.7636,-1
binance_perpetual-2025-11-1-1830-2025.sqlite,binance-perpetual||NEIRO-USDT||SHELL-USDT||2025||isoweek11_1-1830,2,SHELL-USDT,LIMIT,SELL,0.00154908,OPEN,1741642829.0,0.2979,26.0,7.7454,-1
binance_perpetual-2025-11-1-1830-2025.sqlite,binance-perpetual||NEIRO-USDT||SHELL-USDT||2025||isoweek11_1-1830,2,SHELL-USDT,LIMIT,SELL,0.0015444,OPEN,1741642805.0,0.297,26.0,7.722,-1
binance_perpetual-2025-11-1-1830-2025.sqlite,binance-perpetual||NEIRO-USDT||SHELL-USDT||2025||isoweek11_1-1830,2,SHELL-USDT,LIMIT,SELL,0.0034247,OPEN,1741642797.0,0.2978,23.0,6.8494,-1
binance_perpetual-2025-11-1-1830-2025.sqlite,binance-perpetual||NEIRO-USDT||SHELL-USDT||2025||isoweek11_1-1830,2,SHELL-USDT,LIMIT,SELL,0.0004467,OPEN,1741642797.0,0.2978,3.0,0.8934,-1
binance_perpetual-2025-11-1-1830-2025.sqlite,binance-perpetual||NEIRO-USDT||SHELL-USDT||2025||isoweek11_1-1830,2,SHELL-USDT,LIMIT,SELL,0.0015392,OPEN,1741642783.0,0.296,26.0,7.696,-1
binance_perpetual-2025-11-1-1830-2025.sqlite,binance-perpetual||NEIRO-USDT||SHELL-USDT||2025||isoweek11_1-1830,2,SHELL-USDT,LIMIT,SELL,0.0015392,OPEN,1741642783.0,0.296,26.0,7.696,-1
binance_perpetual-2025-11-1-1830-2025.sqlite,binance-perpetual||NEIRO-USDT||SHELL-USDT||2025||isoweek11_1-1830,2,SHELL-USDT,LIMIT,SELL,0.0015392,OPEN,1741642772.0,0.296,26.0,7.696,-1
binance_perpetual-2025-11-1-1830-2025.sqlite,binance-perpetual||NEIRO-USDT||SHELL-USDT||2025||isoweek11_1-1830,2,SHELL-USDT,LIMIT,SELL,0.0038519,OPEN,1741642761.0,0.2963,26.0,7.7038,-1
binance_perpetual-2025-11-1-1830-2025.sqlite,binance-perpetual||NEIRO-USDT||SHELL-USDT||2025||isoweek11_1-1830,2,SHELL-USDT,LIMIT,SELL,0.00154076,OPEN,1741642761.0,0.2963,26.0,7.7038,-1
binance_perpetual-2025-11-1-1830-2025.sqlite,binance-perpetual||NEIRO-USDT||SHELL-USDT||2025||isoweek11_1-1830,2,SHELL-USDT,LIMIT,SELL,0.00154076,OPEN,1741642751.0,0.2963,26.0,7.7038,-1
binance_perpetual-2025-11-1-1830-2025.sqlite,binance-perpetual||NEIRO-USDT||SHELL-USDT||2025||isoweek11_1-1830,2,SHELL-USDT,LIMIT,SELL,0.00154336,OPEN,1741642739.0,0.2968,26.0,7.7168,-1
binance_perpetual-2025-11-1-1830-2025.sqlite,binance-perpetual||NEIRO-USDT||SHELL-USDT||2025||isoweek11_1-1830,2,SHELL-USDT,LIMIT,SELL,0.00153972,OPEN,1741642734.0,0.2961,26.0,7.6986,-1
binance_perpetual-2025-11-1-1830-2025.sqlite,binance-perpetual||NEIRO-USDT||SHELL-USDT||2025||isoweek11_1-1830,2,SHELL-USDT,LIMIT,SELL,0.00153868,OPEN,1741642732.0,0.2959,26.0,7.6934,-1
binance_perpetual-2025-11-1-1830-2025.sqlite,binance-perpetual||NEIRO-USDT||SHELL-USDT||2025||isoweek11_1-1830,2,SHELL-USDT,LIMIT,SELL,0.00153868,OPEN,1741642721.0,0.2959,26.0,7.6934,-1
binance_perpetual-2025-11-1-1830-2025.sqlite,binance-perpetual||NEIRO-USDT||SHELL-USDT||2025||isoweek11_1-1830,2,SHELL-USDT,LIMIT,SELL,0.00153764,OPEN,1741642714.0,0.2957,26.0,7.6882,-1
binance_perpetual-2025-11-1-1830-2025.sqlite,binance-perpetual||NEIRO-USDT||SHELL-USDT||2025||isoweek11_1-1830,2,SHELL-USDT,LIMIT,SELL,0.0038415,OPEN,1741642701.0,0.2955,26.0,7.683,-1
binance_perpetual-2025-11-1-1830-2025.sqlite,binance-perpetual||NEIRO-USDT||SHELL-USDT||2025||isoweek11_1-1830,2,SHELL-USDT,LIMIT,SELL,0.00153608,OPEN,1741642700.0,0.2954,26.0,7.6804,-1
binance_perpetual-2025-11-1-1830-2025.sqlite,binance-perpetual||NEIRO-USDT||SHELL-USDT||2025||isoweek11_1-1830,2,SHELL-USDT,LIMIT,SELL,0.00153712,OPEN,1741642686.0,0.2956,26.0,7.6856,-1
binance_perpetual-2025-11-1-1830-2025.sqlite,binance-perpetual||NEIRO-USDT||SHELL-USDT||2025||isoweek11_1-1830,2,SHELL-USDT,LIMIT,SELL,0.00153608,OPEN,1741642680.0,0.2954,26.0,7.6804,-1
binance_perpetual-2025-11-1-1830-2025.sqlite,binance-perpetual||NEIRO-USDT||SHELL-USDT||2025||isoweek11_1-1830,2,SHELL-USDT,MARKET,BUY,0.0151305,CLOSE,1741646138.0,0.2882,105.0,30.261,-1
binance_perpetual-2025-11-1-1830-2025.sqlite,binance-perpetual||NEIRO-USDT||SHELL-USDT||2025||isoweek11_1-1830,2,SHELL-USDT,MARKET,BUY,0.0249293,CLOSE,1741646138.0,0.2882,173.0,49.8586,-1
binance_perpetual-2025-11-1-1830-2025.sqlite,binance-perpetual||NEIRO-USDT||SHELL-USDT||2025||isoweek11_1-1830,2,SHELL-USDT,MARKET,BUY,0.0027379,CLOSE,1741646138.0,0.2882,19.0,5.4758,-1
binance_perpetual-2025-11-1-1830-2025.sqlite,binance-perpetual||NEIRO-USDT||SHELL-USDT||2025||isoweek11_1-1830,2,SHELL-USDT,MARKET,BUY,0.0083578,CLOSE,1741646138.0,0.2882,58.0,16.7156,-1
binance_perpetual-2025-11-1-1830-2025.sqlite,binance-perpetual||NEIRO-USDT||SHELL-USDT||2025||isoweek11_1-1830,2,SHELL-USDT,MARKET,BUY,0.0148423,CLOSE,1741646138.0,0.2882,103.0,29.6846,-1
binance_perpetual-2025-11-1-1830-2025.sqlite,binance-perpetual||NEIRO-USDT||SHELL-USDT||2025||isoweek11_1-1830,2,SHELL-USDT,MARKET,BUY,0.00331545,CLOSE,1741646138.0,0.2883,23.0,6.6309,-1
binance_perpetual-2025-11-1-1830-2025.sqlite,binance-perpetual||NEIRO-USDT||SHELL-USDT||2025||isoweek11_1-1830,2,SHELL-USDT,MARKET,BUY,0.00331545,CLOSE,1741646138.0,0.2883,23.0,6.6309,-1
binance_perpetual-2025-11-1-1830-2025.sqlite,binance-perpetual||NEIRO-USDT||SHELL-USDT||2025||isoweek11_1-1830,2,SHELL-USDT,MARKET,BUY,0.00302715,CLOSE,1741646138.0,0.2883,21.0,6.0543,-1
binance_perpetual-2025-11-1-1830-2025.sqlite,binance-perpetual||NEIRO-USDT||SHELL-USDT||2025||isoweek11_1-1830,2,SHELL-USDT,MARKET,BUY,0.00331545,CLOSE,1741646138.0,0.2883,23.0,6.6309,-1
binance_perpetual-2025-11-1-1830-2025.sqlite,binance-perpetual||NEIRO-USDT||SHELL-USDT||2025||isoweek11_1-1830,2,SHELL-USDT,MARKET,BUY,0.00331545,CLOSE,1741646138.0,0.2883,23.0,6.6309,-1
binance_perpetual-2025-11-1-1830-2025.sqlite,binance-perpetual||NEIRO-USDT||SHELL-USDT||2025||isoweek11_1-1830,2,SHELL-USDT,MARKET,BUY,0.00331545,CLOSE,1741646138.0,0.2883,23.0,6.6309,-1
binance_perpetual-2025-11-1-1830-2025.sqlite,binance-perpetual||NEIRO-USDT||SHELL-USDT||2025||isoweek11_1-1830,2,SHELL-USDT,MARKET,BUY,0.01484745,CLOSE,1741646138.0,0.2883,103.0,29.6949,-1
binance_perpetual-2025-11-1-1830-2025.sqlite,binance-perpetual||NEIRO-USDT||SHELL-USDT||2025||isoweek11_1-1830,2,SHELL-USDT,MARKET,BUY,0.0083607,CLOSE,1741646138.0,0.2883,58.0,16.7214,-1
binance_perpetual-2025-11-1-1830-2025.sqlite,binance-perpetual||NEIRO-USDT||SHELL-USDT||2025||isoweek11_1-1830,2,SHELL-USDT,MARKET,BUY,0.00735165,CLOSE,1741646138.0,0.2883,51.0,14.7033,-1
binance_perpetual-2025-11-1-1830-2025.sqlite,binance-perpetual||SEI-USDT||COW-USDT||2025||isoweek11_1-1830,1,SEI-USDT,LIMIT,BUY,0.00157552,OPEN,1741643248.0,0.1832,43.0,7.8776,1
binance_perpetual-2025-11-1-1830-2025.sqlite,binance-perpetual||SEI-USDT||COW-USDT||2025||isoweek11_1-1830,1,SEI-USDT,MARKET,SELL,0.00395385,CLOSE,1741644241.0,0.1839,43.0,7.9077,1
binance_perpetual-2025-11-1-1830-2025.sqlite,binance-perpetual||SEI-USDT||COW-USDT||2025||isoweek11_1-1830,1,SEI-USDT,LIMIT,BUY,0.00156262,OPEN,1741645059.0,0.1817,43.0,7.8131,1
binance_perpetual-2025-11-1-1830-2025.sqlite,binance-perpetual||SEI-USDT||COW-USDT||2025||isoweek11_1-1830,1,SEI-USDT,MARKET,SELL,0.00391944,CLOSE,1741645453.0,0.1823,43.0,7.8389,1
binance_perpetual-2025-11-1-1830-2025.sqlite,binance-perpetual||SEI-USDT||COW-USDT||2025||isoweek11_1-1830,1,SEI-USDT,LIMIT,BUY,0.00156348,OPEN,1741645988.0,0.1818,43.0,7.8174,1
binance_perpetual-2025-11-1-1830-2025.sqlite,binance-perpetual||SEI-USDT||COW-USDT||2025||isoweek11_1-1830,1,SEI-USDT,MARKET,SELL,0.0039216,CLOSE,1741646339.0,0.1824,43.0,7.8432,1
binance_perpetual-2025-11-1-1830-2025.sqlite,binance-perpetual||SEI-USDT||COW-USDT||2025||isoweek11_1-1830,1,SEI-USDT,LIMIT,BUY,0.00156348,OPEN,1741646700.0,0.1818,43.0,7.8174,1
binance_perpetual-2025-11-1-1830-2025.sqlite,binance-perpetual||SEI-USDT||COW-USDT||2025||isoweek11_1-1830,1,SEI-USDT,MARKET,SELL,0.0039216,CLOSE,1741646808.0,0.1824,43.0,7.8432,1
binance_perpetual-2025-11-1-1830-2025.sqlite,binance-perpetual||SEI-USDT||COW-USDT||2025||isoweek11_1-1830,1,SEI-USDT,LIMIT,BUY,0.00156778,OPEN,1741644437.0,0.1823,43.0,7.8389,1
binance_perpetual-2025-11-1-1830-2025.sqlite,binance-perpetual||SEI-USDT||COW-USDT||2025||isoweek11_1-1830,1,SEI-USDT,MARKET,SELL,0.00393235,CLOSE,1741647191.0,0.1829,43.0,7.8647,1
binance_perpetual-2025-11-1-1830-2025.sqlite,binance-perpetual||SEI-USDT||COW-USDT||2025||isoweek11_1-1830,1,SEI-USDT,LIMIT,BUY,0.00157122,OPEN,1741644383.0,0.1827,43.0,7.8561,1
binance_perpetual-2025-11-1-1830-2025.sqlite,binance-perpetual||SEI-USDT||COW-USDT||2025||isoweek11_1-1830,1,SEI-USDT,LIMIT,BUY,0.00157466,OPEN,1741644326.0,0.1831,43.0,7.8733,1
binance_perpetual-2025-11-1-1830-2025.sqlite,binance-perpetual||SEI-USDT||COW-USDT||2025||isoweek11_1-1830,1,SEI-USDT,LIMIT,BUY,0.00157982,OPEN,1741643091.0,0.1837,43.0,7.8991,1
binance_perpetual-2025-11-1-1830-2025.sqlite,binance-perpetual||SEI-USDT||COW-USDT||2025||isoweek11_1-1830,1,SEI-USDT,LIMIT,BUY,0.00158498,OPEN,1741642800.0,0.1843,43.0,7.9249,1
binance_perpetual-2025-11-1-1830-2025.sqlite,binance-perpetual||SEI-USDT||COW-USDT||2025||isoweek11_1-1830,1,SEI-USDT,LIMIT,BUY,0.00154896,OPEN,1741642690.0,0.1844,42.0,7.7448,1
binance_perpetual-2025-11-1-1830-2025.sqlite,binance-perpetual||SEI-USDT||COW-USDT||2025||isoweek11_1-1830,1,SEI-USDT,LIMIT,BUY,0.00154896,OPEN,1741642749.0,0.1844,42.0,7.7448,1
binance_perpetual-2025-11-1-1830-2025.sqlite,binance-perpetual||SEI-USDT||COW-USDT||2025||isoweek11_1-1830,1,SEI-USDT,LIMIT,BUY,0.00154896,OPEN,1741642892.0,0.1844,42.0,7.7448,1
binance_perpetual-2025-11-1-1830-2025.sqlite,binance-perpetual||SEI-USDT||COW-USDT||2025||isoweek11_1-1830,1,SEI-USDT,LIMIT,BUY,0.00155064,OPEN,1741642999.0,0.1846,42.0,7.7532,1
binance_perpetual-2025-11-1-1830-2025.sqlite,binance-perpetual||SEI-USDT||COW-USDT||2025||isoweek11_1-1830,1,SEI-USDT,LIMIT,BUY,0.00158498,OPEN,1741643031.0,0.1843,43.0,7.9249,1
binance_perpetual-2025-11-1-1830-2025.sqlite,binance-perpetual||SEI-USDT||COW-USDT||2025||isoweek11_1-1830,1,SEI-USDT,LIMIT,BUY,0.00158412,OPEN,1741643033.0,0.1842,43.0,7.9206,1
binance_perpetual-2025-11-1-1830-2025.sqlite,binance-perpetual||SEI-USDT||COW-USDT||2025||isoweek11_1-1830,1,SEI-USDT,LIMIT,BUY,0.00158326,OPEN,1741643039.0,0.1841,43.0,7.9163,1
binance_perpetual-2025-11-1-1830-2025.sqlite,binance-perpetual||SEI-USDT||COW-USDT||2025||isoweek11_1-1830,1,SEI-USDT,LIMIT,BUY,0.0015824,OPEN,1741643068.0,0.184,43.0,7.912,1
binance_perpetual-2025-11-1-1830-2025.sqlite,binance-perpetual||SEI-USDT||COW-USDT||2025||isoweek11_1-1830,1,SEI-USDT,LIMIT,BUY,0.00157896,OPEN,1741643110.0,0.1836,43.0,7.8948,1
binance_perpetual-2025-11-1-1830-2025.sqlite,binance-perpetual||SEI-USDT||COW-USDT||2025||isoweek11_1-1830,1,SEI-USDT,LIMIT,BUY,0.0015738,OPEN,1741643327.0,0.183,43.0,7.869,1
binance_perpetual-2025-11-1-1830-2025.sqlite,binance-perpetual||SEI-USDT||COW-USDT||2025||isoweek11_1-1830,1,SEI-USDT,LIMIT,BUY,0.00157552,OPEN,1741643650.0,0.1832,43.0,7.8776,1
binance_perpetual-2025-11-1-1830-2025.sqlite,binance-perpetual||SEI-USDT||COW-USDT||2025||isoweek11_1-1830,1,SEI-USDT,LIMIT,BUY,0.00157466,OPEN,1741643652.0,0.1831,43.0,7.8733,1
binance_perpetual-2025-11-1-1830-2025.sqlite,binance-perpetual||SEI-USDT||COW-USDT||2025||isoweek11_1-1830,1,SEI-USDT,LIMIT,BUY,0.00157896,OPEN,1741643942.0,0.1836,43.0,7.8948,1
binance_perpetual-2025-11-1-1830-2025.sqlite,binance-perpetual||SEI-USDT||COW-USDT||2025||isoweek11_1-1830,1,SEI-USDT,LIMIT,BUY,0.00157724,OPEN,1741643944.0,0.1834,43.0,7.8862,1
binance_perpetual-2025-11-1-1830-2025.sqlite,binance-perpetual||SEI-USDT||COW-USDT||2025||isoweek11_1-1830,1,SEI-USDT,LIMIT,BUY,0.00157294,OPEN,1741644051.0,0.1829,43.0,7.8647,1
binance_perpetual-2025-11-1-1830-2025.sqlite,binance-perpetual||SEI-USDT||COW-USDT||2025||isoweek11_1-1830,1,SEI-USDT,LIMIT,BUY,0.00157294,OPEN,1741644123.0,0.1829,43.0,7.8647,1
binance_perpetual-2025-11-1-1830-2025.sqlite,binance-perpetual||SEI-USDT||COW-USDT||2025||isoweek11_1-1830,1,SEI-USDT,LIMIT,BUY,0.00158068,OPEN,1741644244.0,0.1838,43.0,7.9034,1
binance_perpetual-2025-11-1-1830-2025.sqlite,binance-perpetual||SEI-USDT||COW-USDT||2025||isoweek11_1-1830,1,SEI-USDT,LIMIT,BUY,0.00157724,OPEN,1741644305.0,0.1834,43.0,7.8862,1
binance_perpetual-2025-11-1-1830-2025.sqlite,binance-perpetual||SEI-USDT||COW-USDT||2025||isoweek11_1-1830,1,SEI-USDT,LIMIT,BUY,0.00157294,OPEN,1741644377.0,0.1829,43.0,7.8647,1
binance_perpetual-2025-11-1-1830-2025.sqlite,binance-perpetual||SEI-USDT||COW-USDT||2025||isoweek11_1-1830,1,SEI-USDT,LIMIT,BUY,0.00157466,OPEN,1741644356.0,0.1831,43.0,7.8733,1
binance_perpetual-2025-11-1-1830-2025.sqlite,binance-perpetual||SEI-USDT||COW-USDT||2025||isoweek11_1-1830,1,SEI-USDT,LIMIT,BUY,0.0015695,OPEN,1741644424.0,0.1825,43.0,7.8475,1
binance_perpetual-2025-11-1-1830-2025.sqlite,binance-perpetual||SEI-USDT||COW-USDT||2025||isoweek11_1-1830,1,SEI-USDT,LIMIT,BUY,0.00156864,OPEN,1741644436.0,0.1824,43.0,7.8432,1
binance_perpetual-2025-11-1-1830-2025.sqlite,binance-perpetual||SEI-USDT||COW-USDT||2025||isoweek11_1-1830,1,SEI-USDT,LIMIT,BUY,0.00156864,OPEN,1741644499.0,0.1824,43.0,7.8432,1
binance_perpetual-2025-11-1-1830-2025.sqlite,binance-perpetual||SEI-USDT||COW-USDT||2025||isoweek11_1-1830,1,SEI-USDT,LIMIT,BUY,0.00156692,OPEN,1741644510.0,0.1822,43.0,7.8346,1
binance_perpetual-2025-11-1-1830-2025.sqlite,binance-perpetual||SEI-USDT||COW-USDT||2025||isoweek11_1-1830,1,SEI-USDT,LIMIT,BUY,0.00156606,OPEN,1741644574.0,0.1821,43.0,7.8303,1
binance_perpetual-2025-11-1-1830-2025.sqlite,binance-perpetual||SEI-USDT||COW-USDT||2025||isoweek11_1-1830,1,SEI-USDT,LIMIT,BUY,0.0015652,OPEN,1741644578.0,0.182,43.0,7.826,1
binance_perpetual-2025-11-1-1830-2025.sqlite,binance-perpetual||SEI-USDT||COW-USDT||2025||isoweek11_1-1830,1,SEI-USDT,LIMIT,BUY,0.00156606,OPEN,1741644693.0,0.1821,43.0,7.8303,1
binance_perpetual-2025-11-1-1830-2025.sqlite,binance-perpetual||SEI-USDT||COW-USDT||2025||isoweek11_1-1830,1,SEI-USDT,LIMIT,BUY,0.00156692,OPEN,1741644861.0,0.1822,43.0,7.8346,1
binance_perpetual-2025-11-1-1830-2025.sqlite,binance-perpetual||SEI-USDT||COW-USDT||2025||isoweek11_1-1830,1,SEI-USDT,LIMIT,BUY,0.00156606,OPEN,1741644919.0,0.1821,43.0,7.8303,1
binance_perpetual-2025-11-1-1830-2025.sqlite,binance-perpetual||SEI-USDT||COW-USDT||2025||isoweek11_1-1830,1,SEI-USDT,LIMIT,BUY,0.0015652,OPEN,1741644929.0,0.182,43.0,7.826,1
binance_perpetual-2025-11-1-1830-2025.sqlite,binance-perpetual||SEI-USDT||COW-USDT||2025||isoweek11_1-1830,1,SEI-USDT,LIMIT,BUY,0.0015652,OPEN,1741645039.0,0.182,43.0,7.826,1
binance_perpetual-2025-11-1-1830-2025.sqlite,binance-perpetual||SEI-USDT||COW-USDT||2025||isoweek11_1-1830,1,SEI-USDT,LIMIT,BUY,0.00156176,OPEN,1741645078.0,0.1816,43.0,7.8088,1
binance_perpetual-2025-11-1-1830-2025.sqlite,binance-perpetual||SEI-USDT||COW-USDT||2025||isoweek11_1-1830,1,SEI-USDT,LIMIT,BUY,0.00156262,OPEN,1741645119.0,0.1817,43.0,7.8131,1
binance_perpetual-2025-11-1-1830-2025.sqlite,binance-perpetual||SEI-USDT||COW-USDT||2025||isoweek11_1-1830,1,SEI-USDT,LIMIT,BUY,0.00156434,OPEN,1741645274.0,0.1819,43.0,7.8217,1
binance_perpetual-2025-11-1-1830-2025.sqlite,binance-perpetual||SEI-USDT||COW-USDT||2025||isoweek11_1-1830,1,SEI-USDT,LIMIT,BUY,0.0015652,OPEN,1741645269.0,0.182,43.0,7.826,1
binance_perpetual-2025-11-1-1830-2025.sqlite,binance-perpetual||SEI-USDT||COW-USDT||2025||isoweek11_1-1830,1,SEI-USDT,LIMIT,BUY,0.00156262,OPEN,1741645293.0,0.1817,43.0,7.8131,1
binance_perpetual-2025-11-1-1830-2025.sqlite,binance-perpetual||SEI-USDT||COW-USDT||2025||isoweek11_1-1830,1,SEI-USDT,LIMIT,BUY,0.00156692,OPEN,1741645355.0,0.1822,43.0,7.8346,1
binance_perpetual-2025-11-1-1830-2025.sqlite,binance-perpetual||SEI-USDT||COW-USDT||2025||isoweek11_1-1830,1,SEI-USDT,LIMIT,BUY,0.0015652,OPEN,1741645373.0,0.182,43.0,7.826,1
binance_perpetual-2025-11-1-1830-2025.sqlite,binance-perpetual||SEI-USDT||COW-USDT||2025||isoweek11_1-1830,1,SEI-USDT,LIMIT,BUY,0.00156778,OPEN,1741645456.0,0.1823,43.0,7.8389,1
binance_perpetual-2025-11-1-1830-2025.sqlite,binance-perpetual||SEI-USDT||COW-USDT||2025||isoweek11_1-1830,1,SEI-USDT,LIMIT,BUY,0.00138396,OPEN,1741645507.0,0.1821,38.0,6.9198,1
binance_perpetual-2025-11-1-1830-2025.sqlite,binance-perpetual||SEI-USDT||COW-USDT||2025||isoweek11_1-1830,1,SEI-USDT,LIMIT,BUY,0.0001821,OPEN,1741645507.0,0.1821,5.0,0.9105,1
binance_perpetual-2025-11-1-1830-2025.sqlite,binance-perpetual||SEI-USDT||COW-USDT||2025||isoweek11_1-1830,1,SEI-USDT,LIMIT,BUY,0.00156692,OPEN,1741645477.0,0.1822,43.0,7.8346,1
binance_perpetual-2025-11-1-1830-2025.sqlite,binance-perpetual||SEI-USDT||COW-USDT||2025||isoweek11_1-1830,1,SEI-USDT,LIMIT,BUY,0.0015652,OPEN,1741645510.0,0.182,43.0,7.826,1
binance_perpetual-2025-11-1-1830-2025.sqlite,binance-perpetual||SEI-USDT||COW-USDT||2025||isoweek11_1-1830,1,SEI-USDT,LIMIT,BUY,0.00156778,OPEN,1741645658.0,0.1823,43.0,7.8389,1
binance_perpetual-2025-11-1-1830-2025.sqlite,binance-perpetual||SEI-USDT||COW-USDT||2025||isoweek11_1-1830,1,SEI-USDT,MARKET,SELL,0.18445465,CLOSE,1741647700.0,0.1829,2017.0,368.9093,1
binance_perpetual-2025-11-1-1830-2025.sqlite,binance-perpetual||SEI-USDT||COW-USDT||2025||isoweek11_1-1830,2,COW-USDT,LIMIT,SELL,0.0015522,OPEN,1741642798.0,0.2587,30.0,7.761,-1
binance_perpetual-2025-11-1-1830-2025.sqlite,binance-perpetual||SEI-USDT||COW-USDT||2025||isoweek11_1-1830,2,COW-USDT,MARKET,BUY,0.0038685,CLOSE,1741643048.0,0.2579,30.0,7.737,-1
binance_perpetual-2025-11-1-1830-2025.sqlite,binance-perpetual||SEI-USDT||COW-USDT||2025||isoweek11_1-1830,2,COW-USDT,LIMIT,SELL,0.001548,OPEN,1741642717.0,0.258,30.0,7.74,-1
binance_perpetual-2025-11-1-1830-2025.sqlite,binance-perpetual||SEI-USDT||COW-USDT||2025||isoweek11_1-1830,2,COW-USDT,MARKET,BUY,0.003858,CLOSE,1741643154.0,0.2572,30.0,7.716,-1
binance_perpetual-2025-11-1-1830-2025.sqlite,binance-perpetual||SEI-USDT||COW-USDT||2025||isoweek11_1-1830,2,COW-USDT,LIMIT,SELL,0.001548,OPEN,1741643910.0,0.258,30.0,7.74,-1
binance_perpetual-2025-11-1-1830-2025.sqlite,binance-perpetual||SEI-USDT||COW-USDT||2025||isoweek11_1-1830,2,COW-USDT,MARKET,BUY,0.003858,CLOSE,1741643982.0,0.2572,30.0,7.716,-1
binance_perpetual-2025-11-1-1830-2025.sqlite,binance-perpetual||SEI-USDT||COW-USDT||2025||isoweek11_1-1830,2,COW-USDT,LIMIT,SELL,0.00159774,OPEN,1741642671.0,0.2577,31.0,7.9887,-1
binance_perpetual-2025-11-1-1830-2025.sqlite,binance-perpetual||SEI-USDT||COW-USDT||2025||isoweek11_1-1830,2,COW-USDT,MARKET,BUY,0.0039742,CLOSE,1741644153.0,0.2564,31.0,7.9484,-1
binance_perpetual-2025-11-1-1830-2025.sqlite,binance-perpetual||SEI-USDT||COW-USDT||2025||isoweek11_1-1830,2,COW-USDT,LIMIT,SELL,0.00159464,OPEN,1741644203.0,0.2572,31.0,7.9732,-1
binance_perpetual-2025-11-1-1830-2025.sqlite,binance-perpetual||SEI-USDT||COW-USDT||2025||isoweek11_1-1830,2,COW-USDT,MARKET,BUY,0.0039742,CLOSE,1741644362.0,0.2564,31.0,7.9484,-1
binance_perpetual-2025-11-1-1830-2025.sqlite,binance-perpetual||SEI-USDT||COW-USDT||2025||isoweek11_1-1830,2,COW-USDT,LIMIT,SELL,0.00159774,OPEN,1741642671.0,0.2577,31.0,7.9887,-1
binance_perpetual-2025-11-1-1830-2025.sqlite,binance-perpetual||SEI-USDT||COW-USDT||2025||isoweek11_1-1830,2,COW-USDT,MARKET,BUY,0.00396179,CLOSE,1741644494.0,0.2556,31.0,7.9236,-1
binance_perpetual-2025-11-1-1830-2025.sqlite,binance-perpetual||SEI-USDT||COW-USDT||2025||isoweek11_1-1830,2,COW-USDT,LIMIT,SELL,0.00159774,OPEN,1741642671.0,0.2577,31.0,7.9887,-1
binance_perpetual-2025-11-1-1830-2025.sqlite,binance-perpetual||SEI-USDT||COW-USDT||2025||isoweek11_1-1830,2,COW-USDT,MARKET,BUY,0.00394939,CLOSE,1741644981.0,0.2548,31.0,7.8988,-1
binance_perpetual-2025-11-1-1830-2025.sqlite,binance-perpetual||SEI-USDT||COW-USDT||2025||isoweek11_1-1830,2,COW-USDT,LIMIT,SELL,0.0015965,OPEN,1741642701.0,0.2575,31.0,7.9825,-1
binance_perpetual-2025-11-1-1830-2025.sqlite,binance-perpetual||SEI-USDT||COW-USDT||2025||isoweek11_1-1830,2,COW-USDT,MARKET,BUY,0.00393855,CLOSE,1741645037.0,0.2541,31.0,7.8771,-1
binance_perpetual-2025-11-1-1830-2025.sqlite,binance-perpetual||SEI-USDT||COW-USDT||2025||isoweek11_1-1830,2,COW-USDT,LIMIT,SELL,0.0015965,OPEN,1741642701.0,0.2575,31.0,7.9825,-1
binance_perpetual-2025-11-1-1830-2025.sqlite,binance-perpetual||SEI-USDT||COW-USDT||2025||isoweek11_1-1830,2,COW-USDT,MARKET,BUY,0.0039246,CLOSE,1741645081.0,0.2532,31.0,7.8492,-1
binance_perpetual-2025-11-1-1830-2025.sqlite,binance-perpetual||SEI-USDT||COW-USDT||2025||isoweek11_1-1830,2,COW-USDT,LIMIT,SELL,0.00158038,OPEN,1741645452.0,0.2549,31.0,7.9019,-1
binance_perpetual-2025-11-1-1830-2025.sqlite,binance-perpetual||SEI-USDT||COW-USDT||2025||isoweek11_1-1830,2,COW-USDT,MARKET,BUY,0.00393855,CLOSE,1741645743.0,0.2541,31.0,7.8771,-1
binance_perpetual-2025-11-1-1830-2025.sqlite,binance-perpetual||SEI-USDT||COW-USDT||2025||isoweek11_1-1830,2,COW-USDT,LIMIT,SELL,0.001581,OPEN,1741645831.0,0.255,31.0,7.905,-1
binance_perpetual-2025-11-1-1830-2025.sqlite,binance-perpetual||SEI-USDT||COW-USDT||2025||isoweek11_1-1830,2,COW-USDT,MARKET,BUY,0.00393855,CLOSE,1741645988.0,0.2541,31.0,7.8771,-1
binance_perpetual-2025-11-1-1830-2025.sqlite,binance-perpetual||SEI-USDT||COW-USDT||2025||isoweek11_1-1830,2,COW-USDT,LIMIT,SELL,0.00157542,OPEN,1741645327.0,0.2541,31.0,7.8771,-1
binance_perpetual-2025-11-1-1830-2025.sqlite,binance-perpetual||SEI-USDT||COW-USDT||2025||isoweek11_1-1830,2,COW-USDT,MARKET,BUY,0.00392615,CLOSE,1741646675.0,0.2533,31.0,7.8523,-1
binance_perpetual-2025-11-1-1830-2025.sqlite,binance-perpetual||SEI-USDT||COW-USDT||2025||isoweek11_1-1830,2,COW-USDT,LIMIT,SELL,0.001581,OPEN,1741646937.0,0.255,31.0,7.905,-1
binance_perpetual-2025-11-1-1830-2025.sqlite,binance-perpetual||SEI-USDT||COW-USDT||2025||isoweek11_1-1830,2,COW-USDT,MARKET,BUY,0.003937,CLOSE,1741647497.0,0.254,31.0,7.874,-1
binance_perpetual-2025-11-1-1830-2025.sqlite,binance-perpetual||SEI-USDT||COW-USDT||2025||isoweek11_1-1830,2,COW-USDT,LIMIT,SELL,0.00113211,OPEN,1741643126.0,0.2573,22.0,5.6606,-1
binance_perpetual-2025-11-1-1830-2025.sqlite,binance-perpetual||SEI-USDT||COW-USDT||2025||isoweek11_1-1830,2,COW-USDT,LIMIT,SELL,0.00046314,OPEN,1741643127.0,0.2573,9.0,2.3157,-1
binance_perpetual-2025-11-1-1830-2025.sqlite,binance-perpetual||SEI-USDT||COW-USDT||2025||isoweek11_1-1830,2,COW-USDT,LIMIT,SELL,0.00159588,OPEN,1741643093.0,0.2574,31.0,7.9794,-1
binance_perpetual-2025-11-1-1830-2025.sqlite,binance-perpetual||SEI-USDT||COW-USDT||2025||isoweek11_1-1830,2,COW-USDT,LIMIT,SELL,0.001551,OPEN,1741642990.0,0.2585,30.0,7.755,-1
binance_perpetual-2025-11-1-1830-2025.sqlite,binance-perpetual||SEI-USDT||COW-USDT||2025||isoweek11_1-1830,2,COW-USDT,LIMIT,SELL,0.001551,OPEN,1741642990.0,0.2585,30.0,7.755,-1
binance_perpetual-2025-11-1-1830-2025.sqlite,binance-perpetual||SEI-USDT||COW-USDT||2025||isoweek11_1-1830,2,COW-USDT,LIMIT,SELL,0.001551,OPEN,1741642981.0,0.2585,30.0,7.755,-1
binance_perpetual-2025-11-1-1830-2025.sqlite,binance-perpetual||SEI-USDT||COW-USDT||2025||isoweek11_1-1830,2,COW-USDT,LIMIT,SELL,0.001551,OPEN,1741642981.0,0.2585,30.0,7.755,-1
binance_perpetual-2025-11-1-1830-2025.sqlite,binance-perpetual||SEI-USDT||COW-USDT||2025||isoweek11_1-1830,2,COW-USDT,LIMIT,SELL,0.001551,OPEN,1741642974.0,0.2585,30.0,7.755,-1
binance_perpetual-2025-11-1-1830-2025.sqlite,binance-perpetual||SEI-USDT||COW-USDT||2025||isoweek11_1-1830,2,COW-USDT,LIMIT,SELL,0.001551,OPEN,1741642974.0,0.2585,30.0,7.755,-1
binance_perpetual-2025-11-1-1830-2025.sqlite,binance-perpetual||SEI-USDT||COW-USDT||2025||isoweek11_1-1830,2,COW-USDT,LIMIT,SELL,0.003876,OPEN,1741642948.0,0.2584,30.0,7.752,-1
binance_perpetual-2025-11-1-1830-2025.sqlite,binance-perpetual||SEI-USDT||COW-USDT||2025||isoweek11_1-1830,2,COW-USDT,LIMIT,SELL,0.001551,OPEN,1741642974.0,0.2585,30.0,7.755,-1
binance_perpetual-2025-11-1-1830-2025.sqlite,binance-perpetual||SEI-USDT||COW-USDT||2025||isoweek11_1-1830,2,COW-USDT,LIMIT,SELL,0.0015504,OPEN,1741642942.0,0.2584,30.0,7.752,-1
binance_perpetual-2025-11-1-1830-2025.sqlite,binance-perpetual||SEI-USDT||COW-USDT||2025||isoweek11_1-1830,2,COW-USDT,LIMIT,SELL,0.00067184,OPEN,1741642939.0,0.2584,13.0,3.3592,-1
binance_perpetual-2025-11-1-1830-2025.sqlite,binance-perpetual||SEI-USDT||COW-USDT||2025||isoweek11_1-1830,2,COW-USDT,LIMIT,SELL,0.00087856,OPEN,1741642942.0,0.2584,17.0,4.3928,-1
binance_perpetual-2025-11-1-1830-2025.sqlite,binance-perpetual||SEI-USDT||COW-USDT||2025||isoweek11_1-1830,2,COW-USDT,LIMIT,SELL,0.0015498,OPEN,1741642929.0,0.2583,30.0,7.749,-1
binance_perpetual-2025-11-1-1830-2025.sqlite,binance-perpetual||SEI-USDT||COW-USDT||2025||isoweek11_1-1830,2,COW-USDT,LIMIT,SELL,0.0015498,OPEN,1741642929.0,0.2583,30.0,7.749,-1
binance_perpetual-2025-11-1-1830-2025.sqlite,binance-perpetual||SEI-USDT||COW-USDT||2025||isoweek11_1-1830,2,COW-USDT,LIMIT,SELL,0.001551,OPEN,1741642883.0,0.2585,30.0,7.755,-1
binance_perpetual-2025-11-1-1830-2025.sqlite,binance-perpetual||SEI-USDT||COW-USDT||2025||isoweek11_1-1830,2,COW-USDT,LIMIT,SELL,0.0003102,OPEN,1741642882.0,0.2585,6.0,1.551,-1
binance_perpetual-2025-11-1-1830-2025.sqlite,binance-perpetual||SEI-USDT||COW-USDT||2025||isoweek11_1-1830,2,COW-USDT,LIMIT,SELL,0.0012408,OPEN,1741642883.0,0.2585,24.0,6.204,-1
binance_perpetual-2025-11-1-1830-2025.sqlite,binance-perpetual||SEI-USDT||COW-USDT||2025||isoweek11_1-1830,2,COW-USDT,LIMIT,SELL,0.0015516,OPEN,1741642835.0,0.2586,30.0,7.758,-1
binance_perpetual-2025-11-1-1830-2025.sqlite,binance-perpetual||SEI-USDT||COW-USDT||2025||isoweek11_1-1830,2,COW-USDT,LIMIT,SELL,0.001551,OPEN,1741642791.0,0.2585,30.0,7.755,-1
binance_perpetual-2025-11-1-1830-2025.sqlite,binance-perpetual||SEI-USDT||COW-USDT||2025||isoweek11_1-1830,2,COW-USDT,LIMIT,SELL,0.0015504,OPEN,1741642788.0,0.2584,30.0,7.752,-1
binance_perpetual-2025-11-1-1830-2025.sqlite,binance-perpetual||SEI-USDT||COW-USDT||2025||isoweek11_1-1830,2,COW-USDT,LIMIT,SELL,0.0015504,OPEN,1741642788.0,0.2584,30.0,7.752,-1
binance_perpetual-2025-11-1-1830-2025.sqlite,binance-perpetual||SEI-USDT||COW-USDT||2025||isoweek11_1-1830,2,COW-USDT,LIMIT,SELL,0.0015504,OPEN,1741642788.0,0.2584,30.0,7.752,-1
binance_perpetual-2025-11-1-1830-2025.sqlite,binance-perpetual||SEI-USDT||COW-USDT||2025||isoweek11_1-1830,2,COW-USDT,LIMIT,SELL,0.0015498,OPEN,1741642762.0,0.2583,30.0,7.749,-1
binance_perpetual-2025-11-1-1830-2025.sqlite,binance-perpetual||SEI-USDT||COW-USDT||2025||isoweek11_1-1830,2,COW-USDT,LIMIT,SELL,0.003873,OPEN,1741642757.0,0.2582,30.0,7.746,-1
binance_perpetual-2025-11-1-1830-2025.sqlite,binance-perpetual||SEI-USDT||COW-USDT||2025||isoweek11_1-1830,2,COW-USDT,LIMIT,SELL,0.0015492,OPEN,1741642756.0,0.2582,30.0,7.746,-1
binance_perpetual-2025-11-1-1830-2025.sqlite,binance-perpetual||SEI-USDT||COW-USDT||2025||isoweek11_1-1830,2,COW-USDT,LIMIT,SELL,0.0015492,OPEN,1741642732.0,0.2582,30.0,7.746,-1
binance_perpetual-2025-11-1-1830-2025.sqlite,binance-perpetual||SEI-USDT||COW-USDT||2025||isoweek11_1-1830,2,COW-USDT,LIMIT,SELL,0.0015486,OPEN,1741642730.0,0.2581,30.0,7.743,-1
binance_perpetual-2025-11-1-1830-2025.sqlite,binance-perpetual||SEI-USDT||COW-USDT||2025||isoweek11_1-1830,2,COW-USDT,LIMIT,SELL,0.001548,OPEN,1741642717.0,0.258,30.0,7.74,-1
binance_perpetual-2025-11-1-1830-2025.sqlite,binance-perpetual||SEI-USDT||COW-USDT||2025||isoweek11_1-1830,2,COW-USDT,LIMIT,SELL,0.00159774,OPEN,1741642704.0,0.2577,31.0,7.9887,-1
binance_perpetual-2025-11-1-1830-2025.sqlite,binance-perpetual||SEI-USDT||COW-USDT||2025||isoweek11_1-1830,2,COW-USDT,LIMIT,SELL,0.00157542,OPEN,1741646783.0,0.2541,31.0,7.8771,-1
binance_perpetual-2025-11-1-1830-2025.sqlite,binance-perpetual||SEI-USDT||COW-USDT||2025||isoweek11_1-1830,2,COW-USDT,MARKET,BUY,0.1098144,CLOSE,1741647700.0,0.2542,864.0,219.6288,-1
binance_perpetual-2025-11-1-1830-2025.sqlite,binance-perpetual||SEI-USDT||COW-USDT||2025||isoweek11_1-1830,2,COW-USDT,MARKET,BUY,0.001271,CLOSE,1741647700.0,0.2542,10.0,2.542,-1
binance_perpetual-2025-11-1-2300-2025.sqlite,binance-perpetual||ARB-USDT||CRV-USDT||2025||isoweek11_1-2300,1,ARB-USDT,LIMIT,BUY,0.00158372,OPEN,1741658432.0,0.3193,24.8,7.91864,1
binance_perpetual-2025-11-1-2300-2025.sqlite,binance-perpetual||ARB-USDT||CRV-USDT||2025||isoweek11_1-2300,1,ARB-USDT,MARKET,SELL,0.00398288,CLOSE,1741659457.0,0.3212,24.8,7.96576,1
binance_perpetual-2025-11-1-2300-2025.sqlite,binance-perpetual||ARB-USDT||CRV-USDT||2025||isoweek11_1-2300,1,ARB-USDT,LIMIT,BUY,0.00158372,OPEN,1741660547.0,0.3193,24.8,7.91864,1
binance_perpetual-2025-11-1-2300-2025.sqlite,binance-perpetual||ARB-USDT||CRV-USDT||2025||isoweek11_1-2300,1,ARB-USDT,MARKET,SELL,0.00398288,CLOSE,1741661097.0,0.3212,24.8,7.96576,1
binance_perpetual-2025-11-1-2300-2025.sqlite,binance-perpetual||ARB-USDT||CRV-USDT||2025||isoweek11_1-2300,1,ARB-USDT,LIMIT,BUY,0.00157931,OPEN,1741658465.0,0.3197,24.7,7.89659,1
binance_perpetual-2025-11-1-2300-2025.sqlite,binance-perpetual||ARB-USDT||CRV-USDT||2025||isoweek11_1-2300,1,ARB-USDT,MARKET,SELL,0.00399028,CLOSE,1741662159.0,0.3231,24.7,7.98057,1
binance_perpetual-2025-11-1-2300-2025.sqlite,binance-perpetual||ARB-USDT||CRV-USDT||2025||isoweek11_1-2300,1,ARB-USDT,LIMIT,BUY,0.00158372,OPEN,1741658468.0,0.3193,24.8,7.91864,1
binance_perpetual-2025-11-1-2300-2025.sqlite,binance-perpetual||ARB-USDT||CRV-USDT||2025||isoweek11_1-2300,1,ARB-USDT,LIMIT,BUY,0.00158174,OPEN,1741658474.0,0.3189,24.8,7.90872,1
binance_perpetual-2025-11-1-2300-2025.sqlite,binance-perpetual||ARB-USDT||CRV-USDT||2025||isoweek11_1-2300,1,ARB-USDT,LIMIT,BUY,0.00395683,OPEN,1741658494.0,0.3191,24.8,7.91368,1
binance_perpetual-2025-11-1-2300-2025.sqlite,binance-perpetual||ARB-USDT||CRV-USDT||2025||isoweek11_1-2300,1,ARB-USDT,LIMIT,BUY,0.00157882,OPEN,1741658509.0,0.3196,24.7,7.89412,1
binance_perpetual-2025-11-1-2300-2025.sqlite,binance-perpetual||ARB-USDT||CRV-USDT||2025||isoweek11_1-2300,1,ARB-USDT,LIMIT,BUY,0.00157931,OPEN,1741658533.0,0.3197,24.7,7.89659,1
binance_perpetual-2025-11-1-2300-2025.sqlite,binance-perpetual||ARB-USDT||CRV-USDT||2025||isoweek11_1-2300,1,ARB-USDT,LIMIT,BUY,0.0015803,OPEN,1741658540.0,0.3199,24.7,7.90153,1
binance_perpetual-2025-11-1-2300-2025.sqlite,binance-perpetual||ARB-USDT||CRV-USDT||2025||isoweek11_1-2300,1,ARB-USDT,LIMIT,BUY,0.00158178,OPEN,1741658553.0,0.3202,24.7,7.90894,1
binance_perpetual-2025-11-1-2300-2025.sqlite,binance-perpetual||ARB-USDT||CRV-USDT||2025||isoweek11_1-2300,1,ARB-USDT,LIMIT,BUY,0.00157833,OPEN,1741658562.0,0.3195,24.7,7.89165,1
binance_perpetual-2025-11-1-2300-2025.sqlite,binance-perpetual||ARB-USDT||CRV-USDT||2025||isoweek11_1-2300,1,ARB-USDT,LIMIT,BUY,0.00158129,OPEN,1741658577.0,0.3201,24.7,7.90647,1
binance_perpetual-2025-11-1-2300-2025.sqlite,binance-perpetual||ARB-USDT||CRV-USDT||2025||isoweek11_1-2300,1,ARB-USDT,LIMIT,BUY,0.00157981,OPEN,1741658582.0,0.3198,24.7,7.89906,1
binance_perpetual-2025-11-1-2300-2025.sqlite,binance-perpetual||ARB-USDT||CRV-USDT||2025||isoweek11_1-2300,1,ARB-USDT,LIMIT,BUY,0.00394582,OPEN,1741658586.0,0.3195,24.7,7.89165,1
binance_perpetual-2025-11-1-2300-2025.sqlite,binance-perpetual||ARB-USDT||CRV-USDT||2025||isoweek11_1-2300,1,ARB-USDT,LIMIT,BUY,0.00158273,OPEN,1741658597.0,0.3191,24.8,7.91368,1
binance_perpetual-2025-11-1-2300-2025.sqlite,binance-perpetual||ARB-USDT||CRV-USDT||2025||isoweek11_1-2300,1,ARB-USDT,LIMIT,BUY,0.00158323,OPEN,1741658615.0,0.3192,24.8,7.91616,1
binance_perpetual-2025-11-1-2300-2025.sqlite,binance-perpetual||ARB-USDT||CRV-USDT||2025||isoweek11_1-2300,1,ARB-USDT,LIMIT,BUY,0.00158273,OPEN,1741658628.0,0.3191,24.8,7.91368,1
binance_perpetual-2025-11-1-2300-2025.sqlite,binance-perpetual||ARB-USDT||CRV-USDT||2025||isoweek11_1-2300,1,ARB-USDT,LIMIT,BUY,0.00158372,OPEN,1741658635.0,0.3193,24.8,7.91864,1
binance_perpetual-2025-11-1-2300-2025.sqlite,binance-perpetual||ARB-USDT||CRV-USDT||2025||isoweek11_1-2300,1,ARB-USDT,LIMIT,BUY,0.00158224,OPEN,1741658649.0,0.319,24.8,7.9112,1
binance_perpetual-2025-11-1-2300-2025.sqlite,binance-perpetual||ARB-USDT||CRV-USDT||2025||isoweek11_1-2300,1,ARB-USDT,LIMIT,BUY,0.00158174,OPEN,1741658661.0,0.3189,24.8,7.90872,1
binance_perpetual-2025-11-1-2300-2025.sqlite,binance-perpetual||ARB-USDT||CRV-USDT||2025||isoweek11_1-2300,1,ARB-USDT,LIMIT,BUY,0.00158075,OPEN,1741658669.0,0.3187,24.8,7.90376,1
binance_perpetual-2025-11-1-2300-2025.sqlite,binance-perpetual||ARB-USDT||CRV-USDT||2025||isoweek11_1-2300,1,ARB-USDT,LIMIT,BUY,0.00395187,OPEN,1741658679.0,0.3187,24.8,7.90376,1
binance_perpetual-2025-11-1-2300-2025.sqlite,binance-perpetual||ARB-USDT||CRV-USDT||2025||isoweek11_1-2300,1,ARB-USDT,LIMIT,BUY,0.00158174,OPEN,1741658691.0,0.3189,24.8,7.90872,1
binance_perpetual-2025-11-1-2300-2025.sqlite,binance-perpetual||ARB-USDT||CRV-USDT||2025||isoweek11_1-2300,1,ARB-USDT,LIMIT,BUY,0.00158124,OPEN,1741658697.0,0.3188,24.8,7.90624,1
binance_perpetual-2025-11-1-2300-2025.sqlite,binance-perpetual||ARB-USDT||CRV-USDT||2025||isoweek11_1-2300,1,ARB-USDT,LIMIT,BUY,0.00395064,OPEN,1741658700.0,0.3186,24.8,7.90128,1
binance_perpetual-2025-11-1-2300-2025.sqlite,binance-perpetual||ARB-USDT||CRV-USDT||2025||isoweek11_1-2300,1,ARB-USDT,LIMIT,BUY,0.00158075,OPEN,1741658717.0,0.3187,24.8,7.90376,1
binance_perpetual-2025-11-1-2300-2025.sqlite,binance-perpetual||ARB-USDT||CRV-USDT||2025||isoweek11_1-2300,1,ARB-USDT,LIMIT,BUY,0.00157976,OPEN,1741658721.0,0.3185,24.8,7.8988,1
binance_perpetual-2025-11-1-2300-2025.sqlite,binance-perpetual||ARB-USDT||CRV-USDT||2025||isoweek11_1-2300,1,ARB-USDT,LIMIT,BUY,0.00157827,OPEN,1741658727.0,0.3182,24.8,7.89136,1
binance_perpetual-2025-11-1-2300-2025.sqlite,binance-perpetual||ARB-USDT||CRV-USDT||2025||isoweek11_1-2300,1,ARB-USDT,LIMIT,BUY,0.00157876,OPEN,1741658741.0,0.3183,24.8,7.89384,1
binance_perpetual-2025-11-1-2300-2025.sqlite,binance-perpetual||ARB-USDT||CRV-USDT||2025||isoweek11_1-2300,1,ARB-USDT,LIMIT,BUY,0.0015803,OPEN,1741658785.0,0.3199,24.7,7.90153,1
binance_perpetual-2025-11-1-2300-2025.sqlite,binance-perpetual||ARB-USDT||CRV-USDT||2025||isoweek11_1-2300,1,ARB-USDT,LIMIT,BUY,0.00157931,OPEN,1741658805.0,0.3197,24.7,7.89659,1
binance_perpetual-2025-11-1-2300-2025.sqlite,binance-perpetual||ARB-USDT||CRV-USDT||2025||isoweek11_1-2300,1,ARB-USDT,LIMIT,BUY,0.00157931,OPEN,1741658818.0,0.3197,24.7,7.89659,1
binance_perpetual-2025-11-1-2300-2025.sqlite,binance-perpetual||ARB-USDT||CRV-USDT||2025||isoweek11_1-2300,1,ARB-USDT,LIMIT,BUY,0.00394582,OPEN,1741658823.0,0.3195,24.7,7.89165,1
binance_perpetual-2025-11-1-2300-2025.sqlite,binance-perpetual||ARB-USDT||CRV-USDT||2025||isoweek11_1-2300,1,ARB-USDT,LIMIT,BUY,0.00158129,OPEN,1741658839.0,0.3201,24.7,7.90647,1
binance_perpetual-2025-11-1-2300-2025.sqlite,binance-perpetual||ARB-USDT||CRV-USDT||2025||isoweek11_1-2300,1,ARB-USDT,LIMIT,BUY,0.00158129,OPEN,1741658848.0,0.3201,24.7,7.90647,1
binance_perpetual-2025-11-1-2300-2025.sqlite,binance-perpetual||ARB-USDT||CRV-USDT||2025||isoweek11_1-2300,1,ARB-USDT,LIMIT,BUY,0.00158178,OPEN,1741658864.0,0.3202,24.7,7.90894,1
binance_perpetual-2025-11-1-2300-2025.sqlite,binance-perpetual||ARB-USDT||CRV-USDT||2025||isoweek11_1-2300,1,ARB-USDT,LIMIT,BUY,0.00158228,OPEN,1741658887.0,0.3203,24.7,7.91141,1
binance_perpetual-2025-11-1-2300-2025.sqlite,binance-perpetual||ARB-USDT||CRV-USDT||2025||isoweek11_1-2300,1,ARB-USDT,LIMIT,BUY,0.00158129,OPEN,1741658896.0,0.3201,24.7,7.90647,1
binance_perpetual-2025-11-1-2300-2025.sqlite,binance-perpetual||ARB-USDT||CRV-USDT||2025||isoweek11_1-2300,1,ARB-USDT,LIMIT,BUY,0.00158129,OPEN,1741658902.0,0.3201,24.7,7.90647,1
binance_perpetual-2025-11-1-2300-2025.sqlite,binance-perpetual||ARB-USDT||CRV-USDT||2025||isoweek11_1-2300,1,ARB-USDT,LIMIT,BUY,0.00158228,OPEN,1741658927.0,0.3203,24.7,7.91141,1
binance_perpetual-2025-11-1-2300-2025.sqlite,binance-perpetual||ARB-USDT||CRV-USDT||2025||isoweek11_1-2300,1,ARB-USDT,LIMIT,BUY,0.00157784,OPEN,1741658940.0,0.3207,24.6,7.88922,1
binance_perpetual-2025-11-1-2300-2025.sqlite,binance-perpetual||ARB-USDT||CRV-USDT||2025||isoweek11_1-2300,1,ARB-USDT,LIMIT,BUY,0.00158277,OPEN,1741658944.0,0.3204,24.7,7.91388,1
binance_perpetual-2025-11-1-2300-2025.sqlite,binance-perpetual||ARB-USDT||CRV-USDT||2025||isoweek11_1-2300,1,ARB-USDT,LIMIT,BUY,0.0015803,OPEN,1741658957.0,0.3199,24.7,7.90153,1
binance_perpetual-2025-11-1-2300-2025.sqlite,binance-perpetual||ARB-USDT||CRV-USDT||2025||isoweek11_1-2300,1,ARB-USDT,LIMIT,BUY,0.0015808,OPEN,1741658974.0,0.32,24.7,7.904,1
binance_perpetual-2025-11-1-2300-2025.sqlite,binance-perpetual||ARB-USDT||CRV-USDT||2025||isoweek11_1-2300,1,ARB-USDT,MARKET,SELL,0.16387632,CLOSE,1741662227.0,0.3231,1014.4,327.75264,1
binance_perpetual-2025-11-1-2300-2025.sqlite,binance-perpetual||ARB-USDT||CRV-USDT||2025||isoweek11_1-2300,2,CRV-USDT,LIMIT,SELL,0.0015836,OPEN,1741659393.0,0.37,21.4,7.918,-1
binance_perpetual-2025-11-1-2300-2025.sqlite,binance-perpetual||ARB-USDT||CRV-USDT||2025||isoweek11_1-2300,2,CRV-USDT,LIMIT,SELL,0.0015836,OPEN,1741659367.0,0.37,21.4,7.918,-1
binance_perpetual-2025-11-1-2300-2025.sqlite,binance-perpetual||ARB-USDT||CRV-USDT||2025||isoweek11_1-2300,2,CRV-USDT,LIMIT,SELL,0.003959,OPEN,1741659350.0,0.37,21.4,7.918,-1
binance_perpetual-2025-11-1-2300-2025.sqlite,binance-perpetual||ARB-USDT||CRV-USDT||2025||isoweek11_1-2300,2,CRV-USDT,LIMIT,SELL,0.003959,OPEN,1741659345.0,0.37,21.4,7.918,-1
binance_perpetual-2025-11-1-2300-2025.sqlite,binance-perpetual||ARB-USDT||CRV-USDT||2025||isoweek11_1-2300,2,CRV-USDT,LIMIT,SELL,0.0015836,OPEN,1741659256.0,0.37,21.4,7.918,-1
binance_perpetual-2025-11-1-2300-2025.sqlite,binance-perpetual||ARB-USDT||CRV-USDT||2025||isoweek11_1-2300,2,CRV-USDT,LIMIT,SELL,0.0015836,OPEN,1741659188.0,0.37,21.4,7.918,-1
binance_perpetual-2025-11-1-2300-2025.sqlite,binance-perpetual||ARB-USDT||CRV-USDT||2025||isoweek11_1-2300,2,CRV-USDT,LIMIT,SELL,0.0015836,OPEN,1741659148.0,0.37,21.4,7.918,-1
binance_perpetual-2025-11-1-2300-2025.sqlite,binance-perpetual||ARB-USDT||CRV-USDT||2025||isoweek11_1-2300,2,CRV-USDT,LIMIT,SELL,0.0015836,OPEN,1741659139.0,0.37,21.4,7.918,-1
binance_perpetual-2025-11-1-2300-2025.sqlite,binance-perpetual||ARB-USDT||CRV-USDT||2025||isoweek11_1-2300,2,CRV-USDT,LIMIT,SELL,0.0015836,OPEN,1741659047.0,0.37,21.4,7.918,-1
binance_perpetual-2025-11-1-2300-2025.sqlite,binance-perpetual||ARB-USDT||CRV-USDT||2025||isoweek11_1-2300,2,CRV-USDT,LIMIT,SELL,0.003959,OPEN,1741659024.0,0.37,21.4,7.918,-1
binance_perpetual-2025-11-1-2300-2025.sqlite,binance-perpetual||ARB-USDT||CRV-USDT||2025||isoweek11_1-2300,2,CRV-USDT,LIMIT,SELL,0.003959,OPEN,1741659019.0,0.37,21.4,7.918,-1
binance_perpetual-2025-11-1-2300-2025.sqlite,binance-perpetual||ARB-USDT||CRV-USDT||2025||isoweek11_1-2300,2,CRV-USDT,LIMIT,SELL,0.003959,OPEN,1741659014.0,0.37,21.4,7.918,-1
binance_perpetual-2025-11-1-2300-2025.sqlite,binance-perpetual||ARB-USDT||CRV-USDT||2025||isoweek11_1-2300,2,CRV-USDT,LIMIT,SELL,0.00158046,OPEN,1741659000.0,0.371,21.3,7.9023,-1
binance_perpetual-2025-11-1-2300-2025.sqlite,binance-perpetual||ARB-USDT||CRV-USDT||2025||isoweek11_1-2300,2,CRV-USDT,LIMIT,SELL,0.0015836,OPEN,1741658984.0,0.37,21.4,7.918,-1
binance_perpetual-2025-11-1-2300-2025.sqlite,binance-perpetual||ARB-USDT||CRV-USDT||2025||isoweek11_1-2300,2,CRV-USDT,LIMIT,SELL,0.00395114,OPEN,1741658929.0,0.371,21.3,7.9023,-1
binance_perpetual-2025-11-1-2300-2025.sqlite,binance-perpetual||ARB-USDT||CRV-USDT||2025||isoweek11_1-2300,2,CRV-USDT,LIMIT,SELL,0.00158046,OPEN,1741658920.0,0.371,21.3,7.9023,-1
binance_perpetual-2025-11-1-2300-2025.sqlite,binance-perpetual||ARB-USDT||CRV-USDT||2025||isoweek11_1-2300,2,CRV-USDT,LIMIT,SELL,0.00158046,OPEN,1741658881.0,0.371,21.3,7.9023,-1
binance_perpetual-2025-11-1-2300-2025.sqlite,binance-perpetual||ARB-USDT||CRV-USDT||2025||isoweek11_1-2300,2,CRV-USDT,LIMIT,SELL,0.00395114,OPEN,1741658867.0,0.371,21.3,7.9023,-1
binance_perpetual-2025-11-1-2300-2025.sqlite,binance-perpetual||ARB-USDT||CRV-USDT||2025||isoweek11_1-2300,2,CRV-USDT,LIMIT,SELL,0.00158046,OPEN,1741658857.0,0.371,21.3,7.9023,-1
binance_perpetual-2025-11-1-2300-2025.sqlite,binance-perpetual||ARB-USDT||CRV-USDT||2025||isoweek11_1-2300,2,CRV-USDT,LIMIT,SELL,0.00395114,OPEN,1741658851.0,0.371,21.3,7.9023,-1
binance_perpetual-2025-11-1-2300-2025.sqlite,binance-perpetual||ARB-USDT||CRV-USDT||2025||isoweek11_1-2300,2,CRV-USDT,LIMIT,SELL,0.00158046,OPEN,1741658846.0,0.371,21.3,7.9023,-1
binance_perpetual-2025-11-1-2300-2025.sqlite,binance-perpetual||ARB-USDT||CRV-USDT||2025||isoweek11_1-2300,2,CRV-USDT,LIMIT,SELL,0.00158046,OPEN,1741658817.0,0.371,21.3,7.9023,-1
binance_perpetual-2025-11-1-2300-2025.sqlite,binance-perpetual||ARB-USDT||CRV-USDT||2025||isoweek11_1-2300,2,CRV-USDT,LIMIT,SELL,0.00158046,OPEN,1741658766.0,0.371,21.3,7.9023,-1
binance_perpetual-2025-11-1-2300-2025.sqlite,binance-perpetual||ARB-USDT||CRV-USDT||2025||isoweek11_1-2300,2,CRV-USDT,LIMIT,SELL,0.0015836,OPEN,1741658755.0,0.37,21.4,7.918,-1
binance_perpetual-2025-11-1-2300-2025.sqlite,binance-perpetual||ARB-USDT||CRV-USDT||2025||isoweek11_1-2300,2,CRV-USDT,LIMIT,SELL,0.0015836,OPEN,1741658702.0,0.37,21.4,7.918,-1
binance_perpetual-2025-11-1-2300-2025.sqlite,binance-perpetual||ARB-USDT||CRV-USDT||2025||isoweek11_1-2300,2,CRV-USDT,LIMIT,SELL,0.00158472,OPEN,1741658572.0,0.372,21.3,7.9236,-1
binance_perpetual-2025-11-1-2300-2025.sqlite,binance-perpetual||ARB-USDT||CRV-USDT||2025||isoweek11_1-2300,2,CRV-USDT,LIMIT,SELL,0.00158472,OPEN,1741658524.0,0.372,21.3,7.9236,-1
binance_perpetual-2025-11-1-2300-2025.sqlite,binance-perpetual||ARB-USDT||CRV-USDT||2025||isoweek11_1-2300,2,CRV-USDT,LIMIT,SELL,0.00158472,OPEN,1741658502.0,0.372,21.3,7.9236,-1
binance_perpetual-2025-11-1-2300-2025.sqlite,binance-perpetual||ARB-USDT||CRV-USDT||2025||isoweek11_1-2300,2,CRV-USDT,LIMIT,SELL,0.00396179,OPEN,1741658459.0,0.372,21.3,7.9236,-1
binance_perpetual-2025-11-1-2300-2025.sqlite,binance-perpetual||ARB-USDT||CRV-USDT||2025||isoweek11_1-2300,2,CRV-USDT,LIMIT,SELL,0.00396179,OPEN,1741658455.0,0.372,21.3,7.9236,-1
binance_perpetual-2025-11-1-2300-2025.sqlite,binance-perpetual||ARB-USDT||CRV-USDT||2025||isoweek11_1-2300,2,CRV-USDT,LIMIT,SELL,0.00396179,OPEN,1741658456.0,0.372,21.3,7.9236,-1
binance_perpetual-2025-11-1-2300-2025.sqlite,binance-perpetual||ARB-USDT||CRV-USDT||2025||isoweek11_1-2300,2,CRV-USDT,MARKET,BUY,0.1230948,CLOSE,1741662227.0,0.372,661.8,246.1896,-1
binance_perpetual-2025-11-2-0420-2025.sqlite,binance-perpetual||ARB-USDT||CRV-USDT||2025||isoweek11_2-0420,1,ARB-USDT,LIMIT,BUY,0.0015816,OPEN,1741678290.0,0.3295,24.0,7.908,1
binance_perpetual-2025-11-2-0420-2025.sqlite,binance-perpetual||ARB-USDT||CRV-USDT||2025||isoweek11_2-0420,1,ARB-USDT,MARKET,SELL,0.003978,CLOSE,1741679299.0,0.3315,24.0,7.956,1
binance_perpetual-2025-11-2-0420-2025.sqlite,binance-perpetual||ARB-USDT||CRV-USDT||2025||isoweek11_2-0420,1,ARB-USDT,LIMIT,BUY,0.0039528,OPEN,1741680075.0,0.3294,24.0,7.9056,1
binance_perpetual-2025-11-2-0420-2025.sqlite,binance-perpetual||ARB-USDT||CRV-USDT||2025||isoweek11_2-0420,1,ARB-USDT,MARKET,SELL,0.0039816,CLOSE,1741680453.0,0.3318,24.0,7.9632,1
binance_perpetual-2025-11-2-0420-2025.sqlite,binance-perpetual||ARB-USDT||CRV-USDT||2025||isoweek11_2-0420,1,ARB-USDT,LIMIT,BUY,0.0015816,OPEN,1741682210.0,0.3295,24.0,7.908,1
binance_perpetual-2025-11-2-0420-2025.sqlite,binance-perpetual||ARB-USDT||CRV-USDT||2025||isoweek11_2-0420,1,ARB-USDT,MARKET,SELL,0.0039756,CLOSE,1741682763.0,0.3313,24.0,7.9512,1
binance_perpetual-2025-11-2-0420-2025.sqlite,binance-perpetual||ARB-USDT||CRV-USDT||2025||isoweek11_2-0420,1,ARB-USDT,LIMIT,BUY,0.00158112,OPEN,1741683451.0,0.3294,24.0,7.9056,1
binance_perpetual-2025-11-2-0420-2025.sqlite,binance-perpetual||ARB-USDT||CRV-USDT||2025||isoweek11_2-0420,1,ARB-USDT,MARKET,SELL,0.003978,CLOSE,1741683833.0,0.3315,24.0,7.956,1
binance_perpetual-2025-11-2-0420-2025.sqlite,binance-perpetual||ARB-USDT||CRV-USDT||2025||isoweek11_2-0420,1,ARB-USDT,LIMIT,BUY,0.00157746,OPEN,1741677877.0,0.3314,23.8,7.88732,1
binance_perpetual-2025-11-2-0420-2025.sqlite,binance-perpetual||ARB-USDT||CRV-USDT||2025||isoweek11_2-0420,1,ARB-USDT,MARKET,SELL,0.00396865,CLOSE,1741685300.0,0.3335,23.8,7.9373,1
binance_perpetual-2025-11-2-0420-2025.sqlite,binance-perpetual||ARB-USDT||CRV-USDT||2025||isoweek11_2-0420,1,ARB-USDT,LIMIT,BUY,0.00394247,OPEN,1741686507.0,0.3313,23.8,7.88494,1
binance_perpetual-2025-11-2-0420-2025.sqlite,binance-perpetual||ARB-USDT||CRV-USDT||2025||isoweek11_2-0420,1,ARB-USDT,MARKET,SELL,0.00396746,CLOSE,1741689969.0,0.3334,23.8,7.93492,1
binance_perpetual-2025-11-2-0420-2025.sqlite,binance-perpetual||ARB-USDT||CRV-USDT||2025||isoweek11_2-0420,1,ARB-USDT,LIMIT,BUY,0.00158208,OPEN,1741691377.0,0.3296,24.0,7.9104,1
binance_perpetual-2025-11-2-0420-2025.sqlite,binance-perpetual||ARB-USDT||CRV-USDT||2025||isoweek11_2-0420,1,ARB-USDT,MARKET,SELL,0.00397919,CLOSE,1741691884.0,0.3316,24.0,7.9584,1
binance_perpetual-2025-11-2-0420-2025.sqlite,binance-perpetual||ARB-USDT||CRV-USDT||2025||isoweek11_2-0420,1,ARB-USDT,LIMIT,BUY,0.00157746,OPEN,1741690290.0,0.3314,23.8,7.88732,1
binance_perpetual-2025-11-2-0420-2025.sqlite,binance-perpetual||ARB-USDT||CRV-USDT||2025||isoweek11_2-0420,1,ARB-USDT,MARKET,SELL,0.00396746,CLOSE,1741692724.0,0.3334,23.8,7.93492,1
binance_perpetual-2025-11-2-0420-2025.sqlite,binance-perpetual||ARB-USDT||CRV-USDT||2025||isoweek11_2-0420,1,ARB-USDT,LIMIT,BUY,0.00158317,OPEN,1741677766.0,0.3326,23.8,7.91588,1
binance_perpetual-2025-11-2-0420-2025.sqlite,binance-perpetual||ARB-USDT||CRV-USDT||2025||isoweek11_2-0420,1,ARB-USDT,LIMIT,BUY,0.00264019,OPEN,1741677796.0,0.3321,15.9,5.28039,1
binance_perpetual-2025-11-2-0420-2025.sqlite,binance-perpetual||ARB-USDT||CRV-USDT||2025||isoweek11_2-0420,1,ARB-USDT,LIMIT,BUY,0.00131179,OPEN,1741677796.0,0.3321,7.9,2.62359,1
binance_perpetual-2025-11-2-0420-2025.sqlite,binance-perpetual||ARB-USDT||CRV-USDT||2025||isoweek11_2-0420,1,ARB-USDT,LIMIT,BUY,0.00157936,OPEN,1741677831.0,0.3318,23.8,7.89684,1
binance_perpetual-2025-11-2-0420-2025.sqlite,binance-perpetual||ARB-USDT||CRV-USDT||2025||isoweek11_2-0420,1,ARB-USDT,LIMIT,BUY,0.00394603,OPEN,1741677844.0,0.3316,23.8,7.89208,1
binance_perpetual-2025-11-2-0420-2025.sqlite,binance-perpetual||ARB-USDT||CRV-USDT||2025||isoweek11_2-0420,1,ARB-USDT,LIMIT,BUY,0.00157841,OPEN,1741677903.0,0.3316,23.8,7.89208,1
binance_perpetual-2025-11-2-0420-2025.sqlite,binance-perpetual||ARB-USDT||CRV-USDT||2025||isoweek11_2-0420,1,ARB-USDT,LIMIT,BUY,0.00157746,OPEN,1741677916.0,0.3314,23.8,7.88732,1
binance_perpetual-2025-11-2-0420-2025.sqlite,binance-perpetual||ARB-USDT||CRV-USDT||2025||isoweek11_2-0420,1,ARB-USDT,LIMIT,BUY,0.00395784,OPEN,1741677931.0,0.3312,23.9,7.91568,1
binance_perpetual-2025-11-2-0420-2025.sqlite,binance-perpetual||ARB-USDT||CRV-USDT||2025||isoweek11_2-0420,1,ARB-USDT,LIMIT,BUY,0.00158313,OPEN,1741677968.0,0.3312,23.9,7.91568,1
binance_perpetual-2025-11-2-0420-2025.sqlite,binance-perpetual||ARB-USDT||CRV-USDT||2025||isoweek11_2-0420,1,ARB-USDT,LIMIT,BUY,0.00158218,OPEN,1741677977.0,0.331,23.9,7.9109,1
binance_perpetual-2025-11-2-0420-2025.sqlite,binance-perpetual||ARB-USDT||CRV-USDT||2025||isoweek11_2-0420,1,ARB-USDT,LIMIT,BUY,0.0015817,OPEN,1741678007.0,0.3309,23.9,7.90851,1
binance_perpetual-2025-11-2-0420-2025.sqlite,binance-perpetual||ARB-USDT||CRV-USDT||2025||isoweek11_2-0420,1,ARB-USDT,LIMIT,BUY,0.00158122,OPEN,1741678008.0,0.3308,23.9,7.90612,1
binance_perpetual-2025-11-2-0420-2025.sqlite,binance-perpetual||ARB-USDT||CRV-USDT||2025||isoweek11_2-0420,1,ARB-USDT,LIMIT,BUY,0.00158026,OPEN,1741678080.0,0.3306,23.9,7.90134,1
binance_perpetual-2025-11-2-0420-2025.sqlite,binance-perpetual||ARB-USDT||CRV-USDT||2025||isoweek11_2-0420,1,ARB-USDT,LIMIT,BUY,0.00157979,OPEN,1741678133.0,0.3305,23.9,7.89895,1
binance_perpetual-2025-11-2-0420-2025.sqlite,binance-perpetual||ARB-USDT||CRV-USDT||2025||isoweek11_2-0420,1,ARB-USDT,LIMIT,BUY,0.00157979,OPEN,1741678198.0,0.3305,23.9,7.89895,1
binance_perpetual-2025-11-2-0420-2025.sqlite,binance-perpetual||ARB-USDT||CRV-USDT||2025||isoweek11_2-0420,1,ARB-USDT,LIMIT,BUY,0.00157931,OPEN,1741678212.0,0.3304,23.9,7.89656,1
binance_perpetual-2025-11-2-0420-2025.sqlite,binance-perpetual||ARB-USDT||CRV-USDT||2025||isoweek11_2-0420,1,ARB-USDT,LIMIT,BUY,0.00157787,OPEN,1741678243.0,0.3301,23.9,7.88939,1
binance_perpetual-2025-11-2-0420-2025.sqlite,binance-perpetual||ARB-USDT||CRV-USDT||2025||isoweek11_2-0420,1,ARB-USDT,LIMIT,BUY,0.00158304,OPEN,1741678266.0,0.3298,24.0,7.9152,1
binance_perpetual-2025-11-2-0420-2025.sqlite,binance-perpetual||ARB-USDT||CRV-USDT||2025||isoweek11_2-0420,1,ARB-USDT,LIMIT,BUY,0.00158208,OPEN,1741678311.0,0.3296,24.0,7.9104,1
binance_perpetual-2025-11-2-0420-2025.sqlite,binance-perpetual||ARB-USDT||CRV-USDT||2025||isoweek11_2-0420,1,ARB-USDT,LIMIT,BUY,0.00158064,OPEN,1741678323.0,0.3293,24.0,7.9032,1
binance_perpetual-2025-11-2-0420-2025.sqlite,binance-perpetual||ARB-USDT||CRV-USDT||2025||isoweek11_2-0420,1,ARB-USDT,LIMIT,BUY,0.00157692,OPEN,1741678386.0,0.3299,23.9,7.88461,1
binance_perpetual-2025-11-2-0420-2025.sqlite,binance-perpetual||ARB-USDT||CRV-USDT||2025||isoweek11_2-0420,1,ARB-USDT,LIMIT,BUY,0.00157931,OPEN,1741678468.0,0.3304,23.9,7.89656,1
binance_perpetual-2025-11-2-0420-2025.sqlite,binance-perpetual||ARB-USDT||CRV-USDT||2025||isoweek11_2-0420,1,ARB-USDT,LIMIT,BUY,0.00157835,OPEN,1741678509.0,0.3302,23.9,7.89178,1
binance_perpetual-2025-11-2-0420-2025.sqlite,binance-perpetual||ARB-USDT||CRV-USDT||2025||isoweek11_2-0420,1,ARB-USDT,LIMIT,BUY,0.00157883,OPEN,1741678498.0,0.3303,23.9,7.89417,1
binance_perpetual-2025-11-2-0420-2025.sqlite,binance-perpetual||ARB-USDT||CRV-USDT||2025||isoweek11_2-0420,1,ARB-USDT,LIMIT,BUY,0.00157883,OPEN,1741678523.0,0.3303,23.9,7.89417,1
binance_perpetual-2025-11-2-0420-2025.sqlite,binance-perpetual||ARB-USDT||CRV-USDT||2025||isoweek11_2-0420,1,ARB-USDT,LIMIT,BUY,0.00157835,OPEN,1741678534.0,0.3302,23.9,7.89178,1
binance_perpetual-2025-11-2-0420-2025.sqlite,binance-perpetual||ARB-USDT||CRV-USDT||2025||isoweek11_2-0420,1,ARB-USDT,LIMIT,BUY,0.00157787,OPEN,1741678543.0,0.3301,23.9,7.88939,1
binance_perpetual-2025-11-2-0420-2025.sqlite,binance-perpetual||ARB-USDT||CRV-USDT||2025||isoweek11_2-0420,1,ARB-USDT,LIMIT,BUY,0.0015774,OPEN,1741678559.0,0.33,23.9,7.887,1
binance_perpetual-2025-11-2-0420-2025.sqlite,binance-perpetual||ARB-USDT||CRV-USDT||2025||isoweek11_2-0420,1,ARB-USDT,LIMIT,BUY,0.00157692,OPEN,1741678654.0,0.3299,23.9,7.88461,1
binance_perpetual-2025-11-2-0420-2025.sqlite,binance-perpetual||ARB-USDT||CRV-USDT||2025||isoweek11_2-0420,1,ARB-USDT,LIMIT,BUY,0.00158313,OPEN,1741678782.0,0.3312,23.9,7.91568,1
binance_perpetual-2025-11-2-0420-2025.sqlite,binance-perpetual||ARB-USDT||CRV-USDT||2025||isoweek11_2-0420,1,ARB-USDT,LIMIT,BUY,0.0015817,OPEN,1741678728.0,0.3309,23.9,7.90851,1
binance_perpetual-2025-11-2-0420-2025.sqlite,binance-perpetual||ARB-USDT||CRV-USDT||2025||isoweek11_2-0420,1,ARB-USDT,LIMIT,BUY,0.00158218,OPEN,1741678793.0,0.331,23.9,7.9109,1
binance_perpetual-2025-11-2-0420-2025.sqlite,binance-perpetual||ARB-USDT||CRV-USDT||2025||isoweek11_2-0420,1,ARB-USDT,LIMIT,BUY,0.00158074,OPEN,1741678814.0,0.3307,23.9,7.90373,1
binance_perpetual-2025-11-2-0420-2025.sqlite,binance-perpetual||ARB-USDT||CRV-USDT||2025||isoweek11_2-0420,1,ARB-USDT,LIMIT,BUY,0.00157979,OPEN,1741678826.0,0.3305,23.9,7.89895,1
binance_perpetual-2025-11-2-0420-2025.sqlite,binance-perpetual||ARB-USDT||CRV-USDT||2025||isoweek11_2-0420,1,ARB-USDT,LIMIT,BUY,0.00157931,OPEN,1741678850.0,0.3304,23.9,7.89656,1
binance_perpetual-2025-11-2-0420-2025.sqlite,binance-perpetual||ARB-USDT||CRV-USDT||2025||isoweek11_2-0420,1,ARB-USDT,LIMIT,BUY,0.00157931,OPEN,1741678843.0,0.3304,23.9,7.89656,1
binance_perpetual-2025-11-2-0420-2025.sqlite,binance-perpetual||ARB-USDT||CRV-USDT||2025||isoweek11_2-0420,1,ARB-USDT,LIMIT,BUY,0.00157835,OPEN,1741678886.0,0.3302,23.9,7.89178,1
binance_perpetual-2025-11-2-0420-2025.sqlite,binance-perpetual||ARB-USDT||CRV-USDT||2025||isoweek11_2-0420,1,ARB-USDT,LIMIT,BUY,0.0015774,OPEN,1741678972.0,0.33,23.9,7.887,1
binance_perpetual-2025-11-2-0420-2025.sqlite,binance-perpetual||ARB-USDT||CRV-USDT||2025||isoweek11_2-0420,1,ARB-USDT,LIMIT,BUY,0.00157692,OPEN,1741678937.0,0.3299,23.9,7.88461,1
binance_perpetual-2025-11-2-0420-2025.sqlite,binance-perpetual||ARB-USDT||CRV-USDT||2025||isoweek11_2-0420,1,ARB-USDT,LIMIT,BUY,0.00157979,OPEN,1741679074.0,0.3305,23.9,7.89895,1
binance_perpetual-2025-11-2-0420-2025.sqlite,binance-perpetual||ARB-USDT||CRV-USDT||2025||isoweek11_2-0420,1,ARB-USDT,LIMIT,BUY,0.00157931,OPEN,1741679084.0,0.3304,23.9,7.89656,1
binance_perpetual-2025-11-2-0420-2025.sqlite,binance-perpetual||ARB-USDT||CRV-USDT||2025||isoweek11_2-0420,1,ARB-USDT,LIMIT,BUY,0.00157787,OPEN,1741679098.0,0.3301,23.9,7.88939,1
binance_perpetual-2025-11-2-0420-2025.sqlite,binance-perpetual||ARB-USDT||CRV-USDT||2025||isoweek11_2-0420,1,ARB-USDT,LIMIT,BUY,0.0039435,OPEN,1741679101.0,0.33,23.9,7.887,1
binance_perpetual-2025-11-2-0420-2025.sqlite,binance-perpetual||ARB-USDT||CRV-USDT||2025||isoweek11_2-0420,1,ARB-USDT,LIMIT,BUY,0.0015774,OPEN,1741679139.0,0.33,23.9,7.887,1
binance_perpetual-2025-11-2-0420-2025.sqlite,binance-perpetual||ARB-USDT||CRV-USDT||2025||isoweek11_2-0420,1,ARB-USDT,MARKET,SELL,0.17147306,CLOSE,1741692815.0,0.3338,1027.4,342.94612,1
binance_perpetual-2025-11-2-0420-2025.sqlite,binance-perpetual||ARB-USDT||CRV-USDT||2025||isoweek11_2-0420,2,CRV-USDT,LIMIT,SELL,0.00157934,OPEN,1741679267.0,0.389,20.3,7.8967,-1
binance_perpetual-2025-11-2-0420-2025.sqlite,binance-perpetual||ARB-USDT||CRV-USDT||2025||isoweek11_2-0420,2,CRV-USDT,MARKET,BUY,0.00392805,CLOSE,1741681514.0,0.387,20.3,7.8561,-1
binance_perpetual-2025-11-2-0420-2025.sqlite,binance-perpetual||ARB-USDT||CRV-USDT||2025||isoweek11_2-0420,2,CRV-USDT,LIMIT,SELL,0.00157934,OPEN,1741682762.0,0.389,20.3,7.8967,-1
binance_perpetual-2025-11-2-0420-2025.sqlite,binance-perpetual||ARB-USDT||CRV-USDT||2025||isoweek11_2-0420,2,CRV-USDT,MARKET,BUY,0.0039382,CLOSE,1741682799.0,0.388,20.3,7.8764,-1
binance_perpetual-2025-11-2-0420-2025.sqlite,binance-perpetual||ARB-USDT||CRV-USDT||2025||isoweek11_2-0420,2,CRV-USDT,LIMIT,SELL,0.00394835,OPEN,1741684315.0,0.389,20.3,7.8967,-1
binance_perpetual-2025-11-2-0420-2025.sqlite,binance-perpetual||ARB-USDT||CRV-USDT||2025||isoweek11_2-0420,2,CRV-USDT,MARKET,BUY,0.00392805,CLOSE,1741687279.0,0.387,20.3,7.8561,-1
binance_perpetual-2025-11-2-0420-2025.sqlite,binance-perpetual||ARB-USDT||CRV-USDT||2025||isoweek11_2-0420,2,CRV-USDT,LIMIT,SELL,0.00157934,OPEN,1741688215.0,0.389,20.3,7.8967,-1
binance_perpetual-2025-11-2-0420-2025.sqlite,binance-perpetual||ARB-USDT||CRV-USDT||2025||isoweek11_2-0420,2,CRV-USDT,MARKET,BUY,0.00392805,CLOSE,1741691185.0,0.387,20.3,7.8561,-1
binance_perpetual-2025-11-2-0420-2025.sqlite,binance-perpetual||ARB-USDT||CRV-USDT||2025||isoweek11_2-0420,2,CRV-USDT,LIMIT,SELL,0.00157934,OPEN,1741692651.0,0.389,20.3,7.8967,-1
binance_perpetual-2025-11-2-0420-2025.sqlite,binance-perpetual||ARB-USDT||CRV-USDT||2025||isoweek11_2-0420,2,CRV-USDT,MARKET,BUY,0.00392805,CLOSE,1741692810.0,0.387,20.3,7.8561,-1
binance_perpetual-2025-11-2-0420-2025.sqlite,binance-perpetual||ARB-USDT||CRV-USDT||2025||isoweek11_2-0420,2,CRV-USDT,LIMIT,SELL,0.00157934,OPEN,1741679943.0,0.389,20.3,7.8967,-1
binance_perpetual-2025-11-2-0420-2025.sqlite,binance-perpetual||ARB-USDT||CRV-USDT||2025||isoweek11_2-0420,2,CRV-USDT,LIMIT,SELL,0.0010892,OPEN,1741679749.0,0.389,14.0,5.446,-1
binance_perpetual-2025-11-2-0420-2025.sqlite,binance-perpetual||ARB-USDT||CRV-USDT||2025||isoweek11_2-0420,2,CRV-USDT,LIMIT,SELL,0.00049014,OPEN,1741679749.0,0.389,6.3,2.4507,-1
binance_perpetual-2025-11-2-0420-2025.sqlite,binance-perpetual||ARB-USDT||CRV-USDT||2025||isoweek11_2-0420,2,CRV-USDT,LIMIT,SELL,0.00394835,OPEN,1741679705.0,0.389,20.3,7.8967,-1
binance_perpetual-2025-11-2-0420-2025.sqlite,binance-perpetual||ARB-USDT||CRV-USDT||2025||isoweek11_2-0420,2,CRV-USDT,LIMIT,SELL,0.00157934,OPEN,1741679630.0,0.389,20.3,7.8967,-1
binance_perpetual-2025-11-2-0420-2025.sqlite,binance-perpetual||ARB-USDT||CRV-USDT||2025||isoweek11_2-0420,2,CRV-USDT,LIMIT,SELL,0.0039576,OPEN,1741679485.0,0.388,20.4,7.9152,-1
binance_perpetual-2025-11-2-0420-2025.sqlite,binance-perpetual||ARB-USDT||CRV-USDT||2025||isoweek11_2-0420,2,CRV-USDT,LIMIT,SELL,0.00158304,OPEN,1741679450.0,0.388,20.4,7.9152,-1
binance_perpetual-2025-11-2-0420-2025.sqlite,binance-perpetual||ARB-USDT||CRV-USDT||2025||isoweek11_2-0420,2,CRV-USDT,LIMIT,SELL,0.0039576,OPEN,1741679360.0,0.388,20.4,7.9152,-1
binance_perpetual-2025-11-2-0420-2025.sqlite,binance-perpetual||ARB-USDT||CRV-USDT||2025||isoweek11_2-0420,2,CRV-USDT,LIMIT,SELL,0.00157934,OPEN,1741679280.0,0.389,20.3,7.8967,-1
binance_perpetual-2025-11-2-0420-2025.sqlite,binance-perpetual||ARB-USDT||CRV-USDT||2025||isoweek11_2-0420,2,CRV-USDT,LIMIT,SELL,0.00394835,OPEN,1741679274.0,0.389,20.3,7.8967,-1
binance_perpetual-2025-11-2-0420-2025.sqlite,binance-perpetual||ARB-USDT||CRV-USDT||2025||isoweek11_2-0420,2,CRV-USDT,LIMIT,SELL,0.0039576,OPEN,1741679242.0,0.388,20.4,7.9152,-1
binance_perpetual-2025-11-2-0420-2025.sqlite,binance-perpetual||ARB-USDT||CRV-USDT||2025||isoweek11_2-0420,2,CRV-USDT,LIMIT,SELL,0.0039576,OPEN,1741679209.0,0.388,20.4,7.9152,-1
binance_perpetual-2025-11-2-0420-2025.sqlite,binance-perpetual||ARB-USDT||CRV-USDT||2025||isoweek11_2-0420,2,CRV-USDT,LIMIT,SELL,0.00158304,OPEN,1741679178.0,0.388,20.4,7.9152,-1
binance_perpetual-2025-11-2-0420-2025.sqlite,binance-perpetual||ARB-USDT||CRV-USDT||2025||isoweek11_2-0420,2,CRV-USDT,LIMIT,SELL,0.00158304,OPEN,1741679173.0,0.388,20.4,7.9152,-1
binance_perpetual-2025-11-2-0420-2025.sqlite,binance-perpetual||ARB-USDT||CRV-USDT||2025||isoweek11_2-0420,2,CRV-USDT,LIMIT,SELL,0.0015867,OPEN,1741679019.0,0.387,20.5,7.9335,-1
binance_perpetual-2025-11-2-0420-2025.sqlite,binance-perpetual||ARB-USDT||CRV-USDT||2025||isoweek11_2-0420,2,CRV-USDT,LIMIT,SELL,0.0015867,OPEN,1741678807.0,0.387,20.5,7.9335,-1
binance_perpetual-2025-11-2-0420-2025.sqlite,binance-perpetual||ARB-USDT||CRV-USDT||2025||isoweek11_2-0420,2,CRV-USDT,LIMIT,SELL,0.00396675,OPEN,1741678802.0,0.387,20.5,7.9335,-1
binance_perpetual-2025-11-2-0420-2025.sqlite,binance-perpetual||ARB-USDT||CRV-USDT||2025||isoweek11_2-0420,2,CRV-USDT,LIMIT,SELL,0.00396675,OPEN,1741678741.0,0.387,20.5,7.9335,-1
binance_perpetual-2025-11-2-0420-2025.sqlite,binance-perpetual||ARB-USDT||CRV-USDT||2025||isoweek11_2-0420,2,CRV-USDT,LIMIT,SELL,0.0015826,OPEN,1741678678.0,0.386,20.5,7.913,-1
binance_perpetual-2025-11-2-0420-2025.sqlite,binance-perpetual||ARB-USDT||CRV-USDT||2025||isoweek11_2-0420,2,CRV-USDT,LIMIT,SELL,0.00024704,OPEN,1741678673.0,0.386,3.2,1.2352,-1
binance_perpetual-2025-11-2-0420-2025.sqlite,binance-perpetual||ARB-USDT||CRV-USDT||2025||isoweek11_2-0420,2,CRV-USDT,LIMIT,SELL,0.00133556,OPEN,1741678673.0,0.386,17.3,6.6778,-1
binance_perpetual-2025-11-2-0420-2025.sqlite,binance-perpetual||ARB-USDT||CRV-USDT||2025||isoweek11_2-0420,2,CRV-USDT,LIMIT,SELL,0.0039565,OPEN,1741678544.0,0.386,20.5,7.913,-1
binance_perpetual-2025-11-2-0420-2025.sqlite,binance-perpetual||ARB-USDT||CRV-USDT||2025||isoweek11_2-0420,2,CRV-USDT,LIMIT,SELL,0.00396675,OPEN,1741678480.0,0.387,20.5,7.9335,-1
binance_perpetual-2025-11-2-0420-2025.sqlite,binance-perpetual||ARB-USDT||CRV-USDT||2025||isoweek11_2-0420,2,CRV-USDT,LIMIT,SELL,0.0015826,OPEN,1741678370.0,0.386,20.5,7.913,-1
binance_perpetual-2025-11-2-0420-2025.sqlite,binance-perpetual||ARB-USDT||CRV-USDT||2025||isoweek11_2-0420,2,CRV-USDT,LIMIT,SELL,0.0039655,OPEN,1741678322.0,0.385,20.6,7.931,-1
binance_perpetual-2025-11-2-0420-2025.sqlite,binance-perpetual||ARB-USDT||CRV-USDT||2025||isoweek11_2-0420,2,CRV-USDT,LIMIT,SELL,0.0039655,OPEN,1741678291.0,0.385,20.6,7.931,-1
binance_perpetual-2025-11-2-0420-2025.sqlite,binance-perpetual||ARB-USDT||CRV-USDT||2025||isoweek11_2-0420,2,CRV-USDT,LIMIT,SELL,0.0039565,OPEN,1741678144.0,0.386,20.5,7.913,-1
binance_perpetual-2025-11-2-0420-2025.sqlite,binance-perpetual||ARB-USDT||CRV-USDT||2025||isoweek11_2-0420,2,CRV-USDT,LIMIT,SELL,0.0015826,OPEN,1741678100.0,0.386,20.5,7.913,-1
binance_perpetual-2025-11-2-0420-2025.sqlite,binance-perpetual||ARB-USDT||CRV-USDT||2025||isoweek11_2-0420,2,CRV-USDT,LIMIT,SELL,0.0015826,OPEN,1741677960.0,0.386,20.5,7.913,-1
binance_perpetual-2025-11-2-0420-2025.sqlite,binance-perpetual||ARB-USDT||CRV-USDT||2025||isoweek11_2-0420,2,CRV-USDT,LIMIT,SELL,0.0015867,OPEN,1741677903.0,0.387,20.5,7.9335,-1
binance_perpetual-2025-11-2-0420-2025.sqlite,binance-perpetual||ARB-USDT||CRV-USDT||2025||isoweek11_2-0420,2,CRV-USDT,LIMIT,SELL,0.00396675,OPEN,1741677763.0,0.387,20.5,7.9335,-1
binance_perpetual-2025-11-2-0420-2025.sqlite,binance-perpetual||ARB-USDT||CRV-USDT||2025||isoweek11_2-0420,2,CRV-USDT,LIMIT,SELL,0.00396675,OPEN,1741677754.0,0.387,20.5,7.9335,-1
binance_perpetual-2025-11-2-0420-2025.sqlite,binance-perpetual||ARB-USDT||CRV-USDT||2025||isoweek11_2-0420,2,CRV-USDT,LIMIT,SELL,0.00158304,OPEN,1741679150.0,0.388,20.4,7.9152,-1
binance_perpetual-2025-11-2-0420-2025.sqlite,binance-perpetual||ARB-USDT||CRV-USDT||2025||isoweek11_2-0420,2,CRV-USDT,LIMIT,SELL,0.0015834,OPEN,1741680317.0,0.39,20.3,7.917,-1
binance_perpetual-2025-11-2-0420-2025.sqlite,binance-perpetual||ARB-USDT||CRV-USDT||2025||isoweek11_2-0420,2,CRV-USDT,LIMIT,SELL,0.00157964,OPEN,1741685264.0,0.391,20.2,7.8982,-1
binance_perpetual-2025-11-2-0420-2025.sqlite,binance-perpetual||ARB-USDT||CRV-USDT||2025||isoweek11_2-0420,2,CRV-USDT,MARKET,BUY,0.1304577,CLOSE,1741692815.0,0.387,674.2,260.9154,-1
